{"type":"FeatureCollection","features":[{"type":"Feature","properties":{"name":"Arauco","province":"La Rioja"},"geometry":{"type":"Polygon","coordinates":[[[-66.353,-28.7329],[-66.396,-28.677],[-66.4962,-28.6223],[-66.4963,-28.5313],[-66.5322,-28.5315],[-66.515,-28.4663],[-66.5708,-28.2886],[-66.9426,-28.2662],[-67.0199,-28.3488],[-66.9879,-28.4755],[-67.0119,-28.6038],[-66.8366,-28.628],[-66.7347,-28.8523],[-66.353,-28.7329]]]}},{"type":"Feature","properties":{"name":"Tres Arroyos","province":"Buenos Aires"},"geometry":{"type":"Polygon","coordinates":[[[-59.835,-38.2313],[-59.8867,-38.1568],[-60.0371,-38.2806],[-60.3704,-38.0163],[-60.4633,-38.0898],[-60.4424,-38.1065],[-60.5494,-38.1919],[-60.6841,-38.0873],[-60.7006,-38.114],[-60.724,-38.1164],[-60.7196,-38.2242],[-60.7473,-38.2298],[-60.7345,-38.2999],[-60.7453,-38.3648],[-60.6193,-38.4712],[-60.5913,-38.5566],[-60.6125,-38.5865],[-60.6109,-38.6191],[-60.5365,-38.8222],[-60.5216,-38.8841],[-60.5293,-38.9133],[-60.5124,-38.9309],[-59.854,-38.8374],[-59.627,-38.7858],[-59.6262,-38.7426],[-59.647,-38.7372],[-59.6551,-38.6995],[-59.7036,-38.6537],[-59.691,-38.6369],[-59.7339,-38.5335],[-59.7348,-38.4887],[-59.7675,-38.5158],[-59.8218,-38.4751],[-59.8869,-38.5288],[-59.9372,-38.4911],[-59.8747,-38.4396],[-59.9906,-38.3708],[-59.835,-38.2313]]]}},{"type":"Feature","properties":{"name":"El Carmen","province":"Jujuy"},"geometry":{"type":"Polygon","coordinates":[[[-64.8998,-24.3833],[-65.2695,-24.3138],[-65.2694,-24.362],[-65.3572,-24.383],[-65.3679,-24.411],[-65.3506,-24.429],[-65.3539,-24.4917],[-65.316,-24.5011],[-65.2283,-24.4867],[-65.2291,-24.469],[-65.1937,-24.4586],[-65.106,-24.5233],[-65.0849,-24.5602],[-64.9604,-24.5948],[-64.898,-24.5904],[-64.886,-24.519],[-64.8544,-24.4763],[-64.954,-24.4497],[-64.8998,-24.3833]]]}},{"type":"Feature","properties":{"name":"Pinamar","province":"Buenos Aires"},"geometry":{"type":"Polygon","coordinates":[[[-56.909,-37.1888],[-56.8342,-37.0941],[-56.7902,-37.034],[-56.8213,-37.0242],[-56.9501,-37.1842],[-56.909,-37.1888]]]}},{"type":"Feature","properties":{"name":"General Pinto","province":"Buenos Aires"},"geometry":{"type":"Polygon","coordinates":[[[-61.7105,-34.6268],[-61.7696,-34.5761],[-61.8453,-34.6372],[-61.9844,-34.5177],[-61.8157,-34.3836],[-62.2682,-34.3836],[-62.3476,-34.6538],[-62.1878,-34.6825],[-62.2631,-34.7427],[-62.2401,-34.762],[-62.3051,-34.8125],[-62.2854,-34.8136],[-62.2832,-34.8559],[-62.2225,-34.8546],[-62.2205,-34.8895],[-62.1051,-34.9839],[-61.9843,-34.8852],[-61.9033,-34.9521],[-61.6737,-34.7607],[-61.7724,-34.6762],[-61.7105,-34.6268]]]}},{"type":"Feature","properties":{"name":"Montecarlo","province":"Misiones"},"geometry":{"type":"Polygon","coordinates":[[[-54.2685,-26.4838],[-54.2816,-26.4818],[-54.2844,-26.5007],[-54.2981,-26.4856],[-54.3056,-26.4974],[-54.3403,-26.4876],[-54.3362,-26.5019],[-54.3533,-26.5023],[-54.3515,-26.4821],[-54.3665,-26.494],[-54.3691,-26.4735],[-54.4131,-26.5228],[-54.4154,-26.4958],[-54.4262,-26.5101],[-54.4448,-26.5007],[-54.4456,-26.5214],[-54.4864,-26.5161],[-54.4962,-26.4938],[-54.5156,-26.5049],[-54.5352,-26.4733],[-54.5582,-26.4793],[-54.558,-26.4552],[-54.6061,-26.4858],[-54.6025,-26.5001],[-54.6293,-26.4901],[-54.6343,-26.5124],[-54.6703,-26.4699],[-54.6596,-26.4572],[-54.7041,-26.4451],[-54.7843,-26.5128],[-54.8077,-26.561],[-54.7844,-26.6053],[-54.7974,-26.6437],[-54.6605,-26.9492],[-54.5637,-26.9166],[-54.567,-26.8902],[-54.5234,-26.852],[-54.5421,-26.8316],[-54.4366,-26.7338],[-54.2679,-26.6406],[-54.2685,-26.4838]]]}},{"type":"Feature","properties":{"name":"General Juan Madariaga","province":"Buenos Aires"},"geometry":{"type":"Polygon","coordinates":[[[-56.8213,-37.0242],[-56.9563,-36.9883],[-56.9425,-36.9583],[-56.9854,-36.95],[-56.9795,-36.9047],[-57.0057,-36.9091],[-56.9916,-36.8911],[-56.9978,-36.8621],[-57.0895,-36.8278],[-57.1064,-36.8358],[-57.1759,-36.7845],[-57.2331,-36.7886],[-57.2236,-36.9088],[-57.3222,-36.9103],[-57.3051,-37.0033],[-57.4937,-37.017],[-57.4876,-37.1045],[-57.5674,-37.105],[-57.6755,-37.2023],[-57.218,-37.5279],[-57.1681,-37.482],[-56.9936,-37.2411],[-57.0425,-37.2313],[-56.9915,-37.237],[-56.8213,-37.0242]]]}},{"type":"Feature","properties":{"name":"Santa Rosa","province":"Mendoza"},"geometry":{"type":"Polygon","coordinates":[[[-67.5003,-34.0995],[-67.4997,-33.7677],[-67.7041,-33.7713],[-67.7171,-33.4443],[-67.6679,-33.3462],[-67.6552,-33.3461],[-67.5808,-33.0472],[-67.9575,-32.9935],[-67.9577,-32.8432],[-68.1222,-32.8368],[-68.1246,-32.9983],[-68.1853,-32.9985],[-68.2831,-33.0545],[-68.2922,-34.018],[-68.4551,-34.0397],[-68.4526,-34.2108],[-68.4254,-34.2209],[-68.3483,-34.1788],[-68.2983,-34.171],[-68.1696,-34.2096],[-67.6468,-34.1993],[-67.5636,-34.1],[-67.5003,-34.0995]]]}},{"type":"Feature","properties":{"name":"Necochea","province":"Buenos Aires"},"geometry":{"type":"Polygon","coordinates":[[[-59.1108,-37.8262],[-59.1338,-37.7579],[-59.1655,-37.7369],[-59.1706,-37.7005],[-59.1523,-37.6595],[-59.1848,-37.6164],[-59.2742,-37.701],[-59.3403,-37.7338],[-59.6762,-37.9998],[-59.6224,-38.044],[-59.5384,-38.0567],[-59.4161,-38.1134],[-59.3539,-38.1145],[-59.2445,-38.1537],[-59.3103,-38.205],[-59.3539,-38.3035],[-59.3168,-38.3834],[-59.4061,-38.4574],[-59.3347,-38.5006],[-59.3394,-38.5457],[-59.4457,-38.5888],[-59.4314,-38.6043],[-59.4047,-38.5974],[-59.4112,-38.622],[-59.3714,-38.6593],[-59.3335,-38.7339],[-59.0122,-38.6785],[-58.6198,-38.562],[-58.7075,-38.4952],[-58.7399,-38.516],[-58.7519,-38.4887],[-58.7401,-38.481],[-58.7576,-38.4721],[-58.7875,-38.4016],[-58.7825,-38.3777],[-58.8158,-38.3195],[-58.8672,-38.2916],[-58.9071,-38.2454],[-58.9205,-38.1928],[-58.9517,-38.1829],[-58.9542,-38.1554],[-59.0387,-38.087],[-59.0541,-38.047],[-59.1254,-37.9953],[-59.1274,-37.974],[-59.1683,-37.9363],[-59.1646,-37.8793],[-59.1108,-37.8262]]]}},{"type":"Feature","properties":{"name":"General Guido","province":"Buenos Aires"},"geometry":{"type":"Polygon","coordinates":[[[-57.9443,-37.0076],[-58.0111,-36.9589],[-57.944,-36.8991],[-57.9722,-36.878],[-57.9196,-36.8335],[-57.8915,-36.8544],[-57.7455,-36.7338],[-57.7071,-36.7631],[-57.661,-36.7232],[-57.7764,-36.6348],[-57.7633,-36.6244],[-57.8486,-36.5552],[-57.7782,-36.4928],[-57.8112,-36.4677],[-57.7757,-36.4376],[-57.9887,-36.2777],[-58.1897,-36.4524],[-58.1014,-36.5214],[-58.2262,-36.6279],[-58.1144,-36.728],[-58.2863,-36.8809],[-58.0203,-37.0768],[-57.9443,-37.0076]]]}},{"type":"Feature","properties":{"name":"Pergamino","province":"Buenos Aires"},"geometry":{"type":"Polygon","coordinates":[[[-60.4574,-33.5984],[-60.4686,-33.6382],[-60.5603,-33.6459],[-60.6191,-33.6295],[-60.6846,-33.5852],[-60.7809,-33.5786],[-60.8181,-33.5396],[-60.8626,-33.5467],[-60.9108,-33.5807],[-60.8113,-33.6743],[-60.9018,-33.7487],[-60.862,-33.7806],[-60.9441,-33.8568],[-60.7367,-33.9995],[-60.6569,-34.0922],[-60.5216,-34.1402],[-60.4967,-34.1767],[-60.3113,-34.0001],[-60.2368,-34.0122],[-60.2315,-33.8692],[-60.1386,-33.7111],[-60.1729,-33.6616],[-60.2434,-33.6485],[-60.2402,-33.6635],[-60.3133,-33.6507],[-60.3267,-33.6835],[-60.4574,-33.5984]]]}},{"type":"Feature","properties":{"name":"José C. Paz","province":"Buenos Aires"},"geometry":{"type":"Polygon","coordinates":[[[-58.721,-34.5183],[-58.8218,-34.4519],[-58.8111,-34.486],[-58.8238,-34.5082],[-58.776,-34.5571],[-58.721,-34.5183]]]}},{"type":"Feature","properties":{"name":"Santa María","province":"Catamarca"},"geometry":{"type":"Polygon","coordinates":[[[-66.0998,-26.2205],[-66.1683,-26.1355],[-66.2053,-26.1326],[-66.2306,-26.1492],[-66.2923,-26.2294],[-66.3748,-26.4126],[-66.4494,-26.373],[-66.4559,-26.4401],[-66.483,-26.4949],[-66.4593,-26.5168],[-66.4626,-26.5327],[-66.4776,-26.5484],[-66.5115,-26.526],[-66.5518,-26.5344],[-66.5794,-26.5804],[-66.5948,-26.6693],[-66.5845,-26.6828],[-66.6104,-26.6791],[-66.6167,-26.7257],[-66.6485,-26.7163],[-66.6702,-26.7445],[-66.6547,-26.7807],[-66.602,-26.8312],[-66.6173,-26.8438],[-66.6116,-26.8682],[-66.5766,-26.8961],[-66.5893,-26.9276],[-66.5792,-26.9776],[-66.6195,-27.0287],[-66.5981,-27.0578],[-66.5973,-27.0903],[-66.4515,-27.1307],[-66.3172,-27.2397],[-66.2956,-27.2152],[-66.1944,-27.314],[-66.1594,-27.289],[-66.1113,-27.2166],[-66.0779,-27.2092],[-66.0547,-27.1441],[-65.9882,-27.1031],[-65.9643,-27.0331],[-65.9171,-27.0149],[-65.9138,-26.9826],[-65.8912,-26.9751],[-65.8749,-26.9329],[-65.8578,-26.9292],[-65.8576,-26.9013],[-65.9005,-26.8638],[-65.8744,-26.8182],[-65.8815,-26.8062],[-65.8302,-26.7442],[-66.0422,-26.6004],[-66.1712,-26.6312],[-66.1645,-26.5026],[-66.1777,-26.4717],[-66.1548,-26.4437],[-66.1558,-26.3973],[-66.1191,-26.377],[-66.1212,-26.2761],[-66.0981,-26.2516],[-66.0998,-26.2205]]]}},{"type":"Feature","properties":{"name":"Choya","province":"Santiago del Estero"},"geometry":{"type":"Polygon","coordinates":[[[-64.4841,-28.1898],[-64.7574,-28.1418],[-64.7853,-28.1622],[-64.832,-28.1527],[-64.8545,-28.2473],[-64.9378,-28.2309],[-64.9483,-28.2731],[-65.109,-28.2409],[-65.0969,-28.471],[-65.1256,-28.6115],[-65.1846,-28.6006],[-65.1881,-28.6181],[-65.1365,-28.6469],[-65.1272,-28.7162],[-65.0166,-28.7378],[-64.9773,-28.7892],[-64.9011,-28.8413],[-64.9066,-28.9324],[-64.8598,-29.035],[-64.8545,-29.1974],[-64.8376,-29.2286],[-64.781,-29.2676],[-64.8247,-29.2738],[-64.8423,-29.3127],[-64.8381,-29.3425],[-64.786,-29.4055],[-64.8259,-29.4737],[-64.8246,-29.5743],[-64.5885,-29.5381],[-64.5118,-29.0241],[-64.559,-29.0158],[-64.523,-28.7832],[-64.4979,-28.7876],[-64.4938,-28.7693],[-64.5235,-28.7641],[-64.5133,-28.7171],[-64.5426,-28.7119],[-64.5347,-28.6785],[-64.5668,-28.6728],[-64.5493,-28.5673],[-64.5235,-28.5719],[-64.5125,-28.5243],[-64.5542,-28.5162],[-64.5459,-28.4776],[-64.6005,-28.4676],[-64.5896,-28.4198],[-64.5749,-28.4223],[-64.5576,-28.3858],[-64.4535,-28.4043],[-64.4486,-28.3835],[-64.4919,-28.376],[-64.4816,-28.3312],[-64.5511,-28.3188],[-64.5124,-28.3166],[-64.4841,-28.1898]]]}},{"type":"Feature","properties":{"name":"Diamante","province":"Buenos Aires"},"geometry":{"type":"Polygon","coordinates":[[[-60.2578,-32.0517],[-60.286,-32.0452],[-60.303,-32.0829],[-60.3243,-32.0793],[-60.3531,-32.0392],[-60.3438,-32.0176],[-60.366,-32.0035],[-60.3443,-31.995],[-60.3438,-31.9781],[-60.3287,-31.988],[-60.3426,-31.9484],[-60.3847,-31.9326],[-60.4165,-31.9596],[-60.4628,-31.951],[-60.4593,-31.9391],[-60.5169,-31.9257],[-60.5132,-31.8919],[-60.5371,-31.8883],[-60.5222,-31.8527],[-60.5418,-31.8488],[-60.5708,-31.8089],[-60.6031,-31.8252],[-60.6745,-31.8097],[-60.6529,-31.8971],[-60.7235,-31.9776],[-60.6581,-32.0507],[-60.6586,-32.0802],[-60.7004,-32.1498],[-60.6726,-32.2326],[-60.679,-32.3195],[-60.719,-32.334],[-60.7238,-32.4561],[-60.7758,-32.5049],[-60.7451,-32.5647],[-60.7521,-32.6222],[-60.7259,-32.6636],[-60.684,-32.6802],[-60.6691,-32.6304],[-60.5879,-32.6342],[-60.5572,-32.6017],[-60.5754,-32.5793],[-60.5229,-32.5743],[-60.5293,-32.53],[-60.5422,-32.526],[-60.5304,-32.5168],[-60.5112,-32.5377],[-60.525,-32.5449],[-60.5169,-32.5521],[-60.4741,-32.535],[-60.4772,-32.4915],[-60.4583,-32.4862],[-60.4474,-32.4584],[-60.4581,-32.4409],[-60.4157,-32.4429],[-60.3944,-32.4201],[-60.4409,-32.3408],[-60.4215,-32.3027],[-60.3748,-32.2905],[-60.3389,-32.3001],[-60.2788,-32.2326],[-60.1711,-32.2167],[-60.1812,-32.1925],[-60.1406,-32.1585],[-60.1821,-32.1231],[-60.2089,-32.1452],[-60.2578,-32.0517]]]}},{"type":"Feature","properties":{"name":"Punta Indio","province":"Buenos Aires"},"geometry":{"type":"Polygon","coordinates":[[[-57.347,-35.7166],[-57.1525,-35.4951],[-57.1278,-35.4448],[-57.147,-35.3898],[-57.2231,-35.2731],[-57.3035,-35.1979],[-57.4041,-35.2502],[-57.4268,-35.2344],[-57.4608,-35.2666],[-57.4939,-35.2431],[-57.5498,-35.2961],[-57.5033,-35.3014],[-57.5723,-35.3635],[-57.5893,-35.3504],[-57.6026,-35.3618],[-57.5849,-35.2977],[-57.6047,-35.2686],[-57.6342,-35.2608],[-57.668,-35.2936],[-57.6136,-35.3334],[-57.641,-35.3557],[-57.6649,-35.3428],[-57.6835,-35.3765],[-57.7277,-35.3489],[-57.7973,-35.445],[-57.7733,-35.4389],[-57.7669,-35.4634],[-57.6888,-35.4846],[-57.6578,-35.4617],[-57.5579,-35.456],[-57.522,-35.4736],[-57.4879,-35.4609],[-57.4814,-35.4876],[-57.4625,-35.4933],[-57.4703,-35.5006],[-57.4356,-35.5188],[-57.4639,-35.5947],[-57.4274,-35.6156],[-57.4393,-35.6374],[-57.4167,-35.645],[-57.4111,-35.6646],[-57.3669,-35.6773],[-57.3817,-35.7125],[-57.347,-35.7166]]]}},{"type":"Feature","properties":{"name":"Coronel Suárez","province":"Buenos Aires"},"geometry":{"type":"Polygon","coordinates":[[[-61.6034,-36.9933],[-61.7072,-36.9075],[-61.7598,-36.9462],[-61.7781,-36.9303],[-61.8909,-37.0215],[-61.8754,-37.0344],[-61.916,-37.0665],[-61.9758,-37.0172],[-62.4255,-37.3484],[-62.0441,-37.7526],[-62.0986,-37.9344],[-61.9806,-38.0247],[-61.9147,-38.0101],[-61.8274,-38.065],[-61.8224,-38.0967],[-61.7767,-38.1399],[-61.7839,-38.1576],[-61.7668,-38.1723],[-61.6632,-38.0908],[-61.6834,-38.0741],[-61.509,-37.9389],[-61.6056,-37.8618],[-61.4424,-37.735],[-61.5382,-37.6564],[-61.4887,-37.6189],[-61.597,-37.5305],[-61.5367,-37.4833],[-61.7501,-37.3039],[-61.7444,-37.2715],[-61.7023,-37.2183],[-61.7251,-37.156],[-61.7169,-37.1363],[-61.7407,-37.1051],[-61.6034,-36.9933]]]}},{"type":"Feature","properties":{"name":"Independencia","province":"La Rioja"},"geometry":{"type":"Polygon","coordinates":[[[-66.9171,-30.5313],[-66.9002,-30.4669],[-66.861,-30.4036],[-66.8566,-30.1151],[-66.878,-30.0372],[-66.8611,-30.0025],[-66.8472,-29.8297],[-67.5368,-29.7861],[-67.6125,-29.656],[-67.817,-29.8013],[-67.992,-29.9792],[-67.8983,-30.0743],[-67.8774,-30.0751],[-67.5909,-30.2981],[-67.5786,-30.403],[-67.5078,-30.5157],[-66.9171,-30.5313]]]}},{"type":"Feature","properties":{"name":"General Ocampo","province":"La Rioja"},"geometry":{"type":"Polygon","coordinates":[[[-65.6417,-30.754],[-66.3533,-30.7477],[-66.3257,-30.7929],[-66.3902,-30.8488],[-66.4114,-30.9389],[-66.4899,-30.9869],[-66.4807,-31.0957],[-66.463,-31.096],[-66.4276,-31.1361],[-66.4193,-31.1875],[-66.3081,-31.1887],[-65.7713,-31.3682],[-65.772,-31.0445],[-65.6417,-30.754]]]}},{"type":"Feature","properties":{"name":"Chascomús","province":"Buenos Aires"},"geometry":{"type":"Polygon","coordinates":[[[-57.7973,-35.445],[-57.8734,-35.3856],[-57.9475,-35.3723],[-57.9851,-35.3279],[-58.025,-35.3533],[-58.0458,-35.3343],[-58.1399,-35.4194],[-58.1549,-35.4083],[-58.1949,-35.4406],[-58.1526,-35.4727],[-58.4523,-35.7409],[-58.4541,-35.7686],[-58.4166,-35.7913],[-58.4134,-35.8158],[-58.3429,-35.8436],[-58.337,-35.8626],[-58.2807,-35.8616],[-58.2643,-35.823],[-58.2219,-35.8196],[-58.1687,-35.8677],[-58.1366,-35.8254],[-58.1452,-35.8185],[-58.0971,-35.775],[-58.0779,-35.7861],[-58.003,-35.7361],[-57.9786,-35.7573],[-57.8971,-35.6919],[-57.86,-35.6861],[-57.7496,-35.768],[-57.6323,-35.7762],[-57.5213,-35.8111],[-57.485,-35.8091],[-57.4709,-35.7808],[-57.4254,-35.7848],[-57.4025,-35.7577],[-57.4096,-35.7428],[-57.3676,-35.746],[-57.3504,-35.7276],[-57.358,-35.7102],[-57.3817,-35.7125],[-57.3669,-35.6773],[-57.4111,-35.6646],[-57.4167,-35.645],[-57.4393,-35.6374],[-57.4274,-35.6156],[-57.4639,-35.5947],[-57.4356,-35.5188],[-57.4703,-35.5006],[-57.4625,-35.4933],[-57.4814,-35.4876],[-57.4879,-35.4609],[-57.522,-35.4736],[-57.5579,-35.456],[-57.6578,-35.4617],[-57.6888,-35.4846],[-57.7669,-35.4634],[-57.7733,-35.4389],[-57.7973,-35.445]]]}},{"type":"Feature","properties":{"name":"Salliqueló","province":"Buenos Aires"},"geometry":{"type":"Polygon","coordinates":[[[-62.8161,-36.7319],[-63.1274,-36.4794],[-63.2825,-36.6077],[-62.9702,-36.8629],[-62.8161,-36.7319]]]}},{"type":"Feature","properties":{"name":"Alberdi","province":"Santiago del Estero"},"geometry":{"type":"Polygon","coordinates":[[[-61.7112,-26.2345],[-63.7613,-26.2143],[-63.7737,-26.2646],[-63.7616,-26.3184],[-63.7207,-26.3763],[-63.6969,-26.4766],[-63.6467,-26.5281],[-63.6525,-26.597],[-63.6729,-26.636],[-63.6546,-26.6659],[-63.6523,-26.7485],[-63.6891,-26.8653],[-63.6821,-26.907],[-63.6572,-26.9251],[-63.5485,-26.9255],[-63.571,-26.8872],[-63.3784,-26.888],[-63.3784,-26.7641],[-63.2337,-26.7648],[-63.2336,-26.7942],[-62.9293,-26.7937],[-62.9285,-26.8203],[-62.7651,-26.832],[-62.504,-26.8327],[-62.5042,-26.7872],[-62.0648,-26.7899],[-62.0647,-26.8094],[-61.7112,-26.8091],[-61.7112,-26.2345]]]}},{"type":"Feature","properties":{"name":"Molinos","province":"Catamarca"},"geometry":{"type":"Polygon","coordinates":[[[-66.0167,-25.2934],[-66.2304,-25.2548],[-66.244,-25.2111],[-66.3087,-25.1757],[-66.3282,-25.1465],[-66.3565,-25.1485],[-66.3508,-25.185],[-66.37,-25.1872],[-66.406,-25.1593],[-66.4102,-25.1347],[-66.5196,-25.1462],[-66.5979,-25.1345],[-66.5858,-25.1657],[-66.5424,-25.1863],[-66.5473,-25.2904],[-66.5998,-25.3623],[-66.5344,-25.3756],[-66.5193,-25.4366],[-66.5358,-25.4642],[-66.5366,-25.5377],[-66.5716,-25.5856],[-66.5639,-25.6209],[-66.6067,-25.6295],[-66.6486,-25.712],[-66.799,-25.6988],[-66.8517,-25.723],[-66.8721,-25.7646],[-66.8476,-25.7963],[-66.8527,-25.917],[-66.8367,-25.9845],[-66.8045,-26.0182],[-66.5954,-25.9044],[-66.3716,-25.9881],[-66.3824,-25.9353],[-66.3621,-25.8835],[-66.3324,-25.8666],[-66.348,-25.7858],[-66.3284,-25.7575],[-66.3199,-25.6594],[-66.3412,-25.6346],[-66.349,-25.5681],[-66.3084,-25.5587],[-66.3038,-25.5109],[-66.2771,-25.4957],[-66.1909,-25.4821],[-66.1404,-25.4544],[-66.0264,-25.4521],[-65.9997,-25.3275],[-66.0167,-25.2934]]]}},{"type":"Feature","properties":{"name":"Chamical","province":"La Rioja"},"geometry":{"type":"Polygon","coordinates":[[[-65.5449,-29.8277],[-65.7008,-29.8271],[-66.4303,-30.0243],[-66.501,-30.2682],[-66.3949,-30.4824],[-66.3718,-30.5097],[-66.2324,-30.5266],[-65.9976,-30.3936],[-65.4906,-30.3717],[-65.423,-30.1196],[-65.5449,-29.8277]]]}},{"type":"Feature","properties":{"name":"Paraná","province":"Buenos Aires"},"geometry":{"type":"Polygon","coordinates":[[[-60.2578,-32.0517],[-60.1819,-32.0235],[-60.1402,-31.9824],[-60.026,-32.0311],[-60.0128,-31.975],[-59.9438,-31.9517],[-59.9192,-31.8833],[-59.7627,-31.9289],[-59.6146,-31.8739],[-59.6035,-31.8067],[-59.5804,-31.785],[-59.5939,-31.7532],[-59.572,-31.7203],[-59.5205,-31.692],[-59.5052,-31.6504],[-59.5202,-31.6131],[-59.5651,-31.6228],[-59.5823,-31.6031],[-59.5731,-31.4731],[-59.625,-31.5049],[-59.6127,-31.4514],[-59.7587,-31.4218],[-59.8247,-31.4997],[-59.8624,-31.4939],[-59.8586,-31.4296],[-59.8788,-31.4205],[-59.8986,-31.3411],[-59.9348,-31.2914],[-59.9527,-31.2048],[-59.984,-31.1874],[-60.0134,-31.2507],[-60.1101,-31.2969],[-60.0868,-31.347],[-60.1384,-31.4134],[-60.1435,-31.4436],[-60.2124,-31.4678],[-60.244,-31.5304],[-60.3352,-31.5491],[-60.3307,-31.6085],[-60.4676,-31.6983],[-60.5841,-31.7085],[-60.6276,-31.7332],[-60.6441,-31.7579],[-60.6409,-31.7918],[-60.6745,-31.8097],[-60.6031,-31.8252],[-60.5708,-31.8089],[-60.5418,-31.8488],[-60.5222,-31.8527],[-60.5371,-31.8883],[-60.5132,-31.8919],[-60.5169,-31.9257],[-60.4593,-31.9391],[-60.4628,-31.951],[-60.4165,-31.9596],[-60.3847,-31.9326],[-60.3426,-31.9484],[-60.3287,-31.988],[-60.3438,-31.9781],[-60.3443,-31.995],[-60.366,-32.0035],[-60.3438,-32.0176],[-60.3531,-32.0392],[-60.3243,-32.0793],[-60.303,-32.0829],[-60.286,-32.0452],[-60.2578,-32.0517]]]}},{"type":"Feature","properties":{"name":"Bahía Blanca","province":"Buenos Aires"},"geometry":{"type":"Polygon","coordinates":[[[-61.7846,-38.4563],[-61.7964,-38.4474],[-61.8282,-38.4741],[-61.8934,-38.4259],[-61.9263,-38.4523],[-61.9395,-38.4107],[-61.9896,-38.4519],[-62.0108,-38.4357],[-61.9997,-38.4266],[-62.0842,-38.3625],[-62.198,-38.4522],[-62.2283,-38.4101],[-62.2098,-38.3948],[-62.2408,-38.3602],[-62.3425,-38.4421],[-62.3873,-38.4083],[-62.6151,-38.5922],[-62.6123,-38.6097],[-62.4682,-38.6729],[-62.4453,-38.7368],[-62.4008,-38.7339],[-62.3977,-38.7463],[-62.3788,-38.731],[-62.3739,-38.7427],[-62.3797,-38.7218],[-62.3529,-38.7176],[-62.3132,-38.736],[-62.3261,-38.75],[-62.3083,-38.7474],[-62.3001,-38.7853],[-62.2363,-38.7892],[-62.2345,-38.8052],[-62.2124,-38.7981],[-62.1807,-38.8157],[-62.0625,-38.7121],[-62.0144,-38.7062],[-61.9265,-38.7305],[-61.8484,-38.6653],[-61.8195,-38.6877],[-61.7432,-38.6271],[-61.7954,-38.5286],[-61.7846,-38.4563]]]}},{"type":"Feature","properties":{"name":"La Paz","province":"Mendoza"},"geometry":{"type":"Polygon","coordinates":[[[-67.5003,-34.0995],[-67.1506,-34.1087],[-67.1543,-34.294],[-66.7829,-34.3025],[-66.8021,-34.2574],[-66.7852,-34.2325],[-66.7473,-34.2353],[-66.7489,-34.2228],[-66.7223,-34.2182],[-66.731,-34.1819],[-66.7117,-34.1483],[-66.7339,-34.1366],[-66.7127,-34.1012],[-66.7161,-34.0574],[-66.6997,-34.0468],[-66.7082,-34.0244],[-66.6636,-33.9859],[-66.6757,-33.9416],[-66.7233,-33.9355],[-66.8006,-33.8626],[-66.8743,-33.8315],[-66.8825,-33.7701],[-66.9571,-33.7237],[-67.0048,-33.6673],[-67.0077,-33.6192],[-67.0368,-33.6075],[-67.0702,-33.5649],[-67.0653,-33.5516],[-67.0932,-33.5388],[-67.0961,-33.5046],[-67.1339,-33.4679],[-67.1527,-33.4126],[-67.1524,-33.3272],[-67.1808,-33.2487],[-67.1674,-33.1647],[-67.1846,-33.1199],[-67.5808,-33.0472],[-67.6552,-33.3461],[-67.6679,-33.3462],[-67.7171,-33.4443],[-67.7041,-33.7713],[-67.4997,-33.7677],[-67.5003,-34.0995]]]}},{"type":"Feature","properties":{"name":"Saladillo","province":"Buenos Aires"},"geometry":{"type":"Polygon","coordinates":[[[-59.1814,-35.7561],[-59.4129,-35.586],[-59.3501,-35.5293],[-59.3795,-35.5375],[-59.4949,-35.4925],[-59.5241,-35.4566],[-59.6205,-35.4514],[-59.6477,-35.469],[-59.7813,-35.4763],[-59.8296,-35.4972],[-59.8869,-35.4818],[-59.9304,-35.4885],[-60.0284,-35.5546],[-60.009,-35.5803],[-60.04,-35.6234],[-60.0329,-35.6571],[-60.0122,-35.6574],[-60.0375,-35.6781],[-60.0317,-35.6963],[-60.0636,-35.7056],[-60.1177,-35.6641],[-60.2196,-35.7516],[-60.1191,-35.8331],[-60.0565,-35.7799],[-59.8863,-35.9119],[-59.8723,-35.8764],[-59.8307,-35.8473],[-59.6918,-35.8271],[-59.6474,-35.8608],[-59.5694,-35.8534],[-59.4796,-35.8109],[-59.4164,-35.8023],[-59.3793,-35.8171],[-59.2445,-35.7936],[-59.1814,-35.7561]]]}},{"type":"Feature","properties":{"name":"Victoria","province":"Buenos Aires"},"geometry":{"type":"Polygon","coordinates":[[[-60.7259,-32.6636],[-60.716,-32.7736],[-60.6589,-32.8312],[-60.6814,-32.8716],[-60.6762,-32.8996],[-60.6202,-32.9479],[-60.6055,-32.9998],[-60.4934,-33.1314],[-60.3921,-33.189],[-60.3295,-33.1768],[-60.2679,-33.1951],[-60.2343,-33.212],[-60.2206,-33.2539],[-60.1941,-33.2219],[-60.1791,-33.2475],[-60.1496,-33.2527],[-60.1514,-33.2315],[-60.1166,-33.2197],[-60.0691,-33.2572],[-60.0366,-33.246],[-60.0572,-33.2348],[-60.0401,-33.2279],[-60.0133,-33.2839],[-59.9492,-33.2358],[-59.9398,-33.2755],[-59.9097,-33.2775],[-59.9061,-33.2207],[-59.8823,-33.2631],[-59.8564,-33.2721],[-59.7922,-33.2395],[-59.8183,-33.2005],[-59.7661,-33.1371],[-59.7773,-33.1229],[-59.8047,-33.1257],[-59.8151,-33.0785],[-59.8388,-33.0761],[-59.8482,-33.1009],[-59.893,-33.0372],[-59.923,-33.0277],[-59.9356,-33.0406],[-59.9576,-33.0062],[-59.9638,-33.0296],[-59.9755,-33.0103],[-60.0176,-33.0167],[-60.0442,-32.9958],[-59.9827,-32.9952],[-59.977,-32.9668],[-60.0113,-32.9756],[-60.0222,-32.9505],[-59.9549,-32.8984],[-59.9038,-32.9312],[-59.8387,-32.9348],[-59.8416,-32.9119],[-59.871,-32.8881],[-59.8574,-32.8388],[-59.8434,-32.8404],[-59.8452,-32.8245],[-59.8101,-32.7975],[-59.794,-32.7363],[-59.7791,-32.7296],[-59.789,-32.7107],[-59.7758,-32.6626],[-59.7981,-32.642],[-59.7826,-32.5901],[-59.7715,-32.5909],[-59.7696,-32.5513],[-59.942,-32.522],[-59.9996,-32.4915],[-59.9996,-32.4533],[-59.9768,-32.4217],[-60.0367,-32.3888],[-60.0464,-32.3493],[-60.1159,-32.3034],[-60.1312,-32.269],[-60.1896,-32.2693],[-60.177,-32.2423],[-60.1892,-32.2345],[-60.1733,-32.2191],[-60.2788,-32.2326],[-60.3389,-32.3001],[-60.3748,-32.2905],[-60.4215,-32.3027],[-60.4409,-32.3408],[-60.3944,-32.4201],[-60.4157,-32.4429],[-60.4581,-32.4409],[-60.4474,-32.4584],[-60.4583,-32.4862],[-60.4772,-32.4915],[-60.4741,-32.535],[-60.5169,-32.5521],[-60.525,-32.5449],[-60.5112,-32.5377],[-60.5304,-32.5168],[-60.5422,-32.526],[-60.5293,-32.53],[-60.5229,-32.5743],[-60.5754,-32.5793],[-60.5572,-32.6017],[-60.5879,-32.6342],[-60.6691,-32.6304],[-60.684,-32.6802],[-60.7259,-32.6636]]]}},{"type":"Feature","properties":{"name":"El Dorado","province":"Misiones"},"geometry":{"type":"Polygon","coordinates":[[[-54.2685,-26.4838],[-54.2687,-26.4483],[-54.178,-26.4482],[-54.1801,-26.2618],[-54.1687,-26.2618],[-54.1484,-26.1383],[-54.319,-26.1401],[-54.431,-26.1195],[-54.4336,-26.1494],[-54.4655,-26.1273],[-54.5181,-26.1736],[-54.5293,-26.1541],[-54.5437,-26.1607],[-54.5406,-26.1462],[-54.5792,-26.1473],[-54.5888,-26.1337],[-54.6021,-26.1618],[-54.6422,-26.1525],[-54.6574,-26.1779],[-54.618,-26.2142],[-54.6786,-26.2625],[-54.6476,-26.3115],[-54.6966,-26.3777],[-54.7041,-26.4451],[-54.6596,-26.4572],[-54.6703,-26.4699],[-54.6343,-26.5124],[-54.6293,-26.4901],[-54.6025,-26.5001],[-54.6061,-26.4858],[-54.558,-26.4552],[-54.5582,-26.4793],[-54.5352,-26.4733],[-54.5156,-26.5049],[-54.4962,-26.4938],[-54.4864,-26.5161],[-54.4456,-26.5214],[-54.4448,-26.5007],[-54.4262,-26.5101],[-54.4154,-26.4958],[-54.4131,-26.5228],[-54.3691,-26.4735],[-54.3665,-26.494],[-54.3515,-26.4821],[-54.3533,-26.5023],[-54.3362,-26.5019],[-54.3403,-26.4876],[-54.3056,-26.4974],[-54.2981,-26.4856],[-54.2844,-26.5007],[-54.2816,-26.4818],[-54.2685,-26.4838]]]}},{"type":"Feature","properties":{"name":"Gobernador Dupuy","province":"San Luis"},"geometry":{"type":"Polygon","coordinates":[[[-65.1169,-35.9995],[-65.1175,-34.6522],[-65.252,-34.653],[-65.2525,-34.6678],[-65.568,-34.6689],[-65.5682,-34.6948],[-65.6698,-34.6927],[-65.6698,-34.7123],[-65.9752,-34.7125],[-65.9764,-34.7786],[-66.0994,-34.7724],[-66.4448,-34.824],[-66.5291,-34.8126],[-66.6479,-34.743],[-66.6516,-34.7573],[-66.6086,-34.7738],[-66.6028,-34.8028],[-66.5635,-34.8294],[-66.5455,-34.8832],[-66.5553,-34.911],[-66.526,-34.9428],[-66.5464,-34.968],[-66.5408,-35.0156],[-66.5224,-35.0218],[-66.5269,-35.0495],[-66.5075,-35.0908],[-66.4891,-35.0948],[-66.4987,-35.1065],[-66.4786,-35.1404],[-66.4985,-35.1935],[-66.4842,-35.2409],[-66.5202,-35.2748],[-66.4957,-35.3099],[-66.5293,-35.4429],[-66.5174,-35.4701],[-66.5258,-35.5406],[-66.5706,-35.5821],[-66.5482,-35.6373],[-66.5806,-35.7038],[-66.5934,-35.8038],[-66.6222,-35.8484],[-66.6194,-35.9643],[-66.6379,-35.9995],[-65.1169,-35.9995]]]}},{"type":"Feature","properties":{"name":"Tornquist","province":"Buenos Aires"},"geometry":{"type":"Polygon","coordinates":[[[-62.0986,-37.9344],[-62.1576,-37.9661],[-62.1693,-37.9936],[-62.2453,-38.0406],[-62.2788,-38.0873],[-62.332,-38.1077],[-62.3474,-38.1352],[-62.4397,-38.0559],[-62.4749,-38.0678],[-62.4682,-38.0499],[-62.4901,-38.0084],[-62.5748,-38.0754],[-62.7354,-37.9477],[-62.8126,-38.0082],[-62.6555,-38.1389],[-62.7371,-38.2024],[-62.6558,-38.2666],[-62.9002,-38.4558],[-62.7382,-38.5855],[-62.6492,-38.5152],[-62.6151,-38.5922],[-62.3873,-38.4083],[-62.3425,-38.4421],[-62.2408,-38.3602],[-62.2098,-38.3948],[-62.2283,-38.4101],[-62.198,-38.4522],[-62.0842,-38.3625],[-61.9997,-38.4266],[-62.0108,-38.4357],[-61.9896,-38.4519],[-61.9395,-38.4107],[-61.9263,-38.4523],[-61.8934,-38.4259],[-61.8282,-38.4741],[-61.7964,-38.4474],[-61.7846,-38.4563],[-61.7822,-38.4373],[-61.7418,-38.4083],[-61.7569,-38.3829],[-61.7186,-38.2874],[-61.6977,-38.2849],[-61.7377,-38.2182],[-61.7707,-38.1957],[-61.761,-38.1777],[-61.7839,-38.1576],[-61.7767,-38.1399],[-61.8224,-38.0967],[-61.8274,-38.065],[-61.8568,-38.0572],[-61.8719,-38.0334],[-61.932,-38.0077],[-61.9806,-38.0247],[-62.0986,-37.9344]]]}},{"type":"Feature","properties":{"name":"Villa Gesell","province":"Buenos Aires"},"geometry":{"type":"Polygon","coordinates":[[[-56.9501,-37.1842],[-56.9915,-37.237],[-57.0425,-37.2313],[-56.9936,-37.2411],[-57.1681,-37.482],[-57.218,-37.5279],[-57.1876,-37.5496],[-57.0927,-37.4529],[-56.909,-37.1888],[-56.9501,-37.1842]]]}},{"type":"Feature","properties":{"name":"Ojo de agua","province":"Santiago del Estero"},"geometry":{"type":"Polygon","coordinates":[[[-64.5885,-29.5381],[-64.3423,-29.5004],[-63.977,-29.5554],[-63.9586,-29.6213],[-63.8696,-29.6239],[-63.8417,-29.5818],[-63.784,-29.584],[-63.785,-29.5989],[-63.8164,-29.6147],[-63.7637,-29.6171],[-63.7237,-29.6592],[-63.4652,-29.6648],[-63.4807,-29.7257],[-63.4593,-29.7257],[-63.459,-29.7571],[-63.2705,-29.7741],[-63.2785,-29.635],[-63.3446,-29.6143],[-63.3294,-29.5375],[-63.5327,-29.4833],[-63.5385,-29.519],[-63.5749,-29.5003],[-63.5809,-29.453],[-63.6422,-29.4396],[-63.6782,-29.4127],[-63.6532,-29.3925],[-63.6473,-29.3063],[-63.7051,-29.3349],[-63.6706,-29.1819],[-63.7383,-29.1702],[-63.7504,-29.2255],[-63.7945,-29.2176],[-63.7741,-29.1011],[-63.7301,-29.1088],[-63.7188,-29.0592],[-63.8357,-29.0365],[-63.8312,-29.0168],[-63.8459,-29.0037],[-63.796,-28.9621],[-63.8519,-28.9381],[-63.9194,-28.9377],[-63.8807,-28.9104],[-63.9563,-28.8713],[-64.0057,-28.8775],[-64.1075,-28.8348],[-64.1387,-28.7944],[-64.194,-28.7596],[-64.2661,-29.0373],[-64.5136,-29.0344],[-64.5885,-29.5381]]]}},{"type":"Feature","properties":{"name":"San Cayetano","province":"Buenos Aires"},"geometry":{"type":"Polygon","coordinates":[[[-59.627,-38.7858],[-59.3263,-38.7356],[-59.4112,-38.622],[-59.4047,-38.5974],[-59.4314,-38.6043],[-59.4457,-38.5888],[-59.3394,-38.5457],[-59.3347,-38.5006],[-59.4061,-38.4574],[-59.3168,-38.3834],[-59.3539,-38.3035],[-59.3103,-38.205],[-59.2445,-38.1537],[-59.3539,-38.1145],[-59.4161,-38.1134],[-59.5384,-38.0567],[-59.6224,-38.044],[-59.6418,-38.0238],[-59.7897,-38.1469],[-59.7785,-38.1552],[-59.7896,-38.1646],[-59.7548,-38.1908],[-59.7774,-38.2104],[-59.795,-38.1972],[-59.9906,-38.3708],[-59.8747,-38.4396],[-59.9372,-38.4911],[-59.8869,-38.5288],[-59.8218,-38.4751],[-59.7675,-38.5158],[-59.7348,-38.4887],[-59.7339,-38.5335],[-59.691,-38.6369],[-59.7036,-38.6537],[-59.6551,-38.6995],[-59.647,-38.7372],[-59.6262,-38.7426],[-59.627,-38.7858]]]}},{"type":"Feature","properties":{"name":"La Viña","province":"Salta"},"geometry":{"type":"Polygon","coordinates":[[[-65.2754,-25.2161],[-65.3665,-25.2188],[-65.408,-25.175],[-65.5502,-25.2107],[-65.5698,-25.2017],[-65.5747,-25.1694],[-65.6039,-25.2035],[-65.6076,-25.2344],[-65.6469,-25.243],[-65.6715,-25.2692],[-65.7214,-25.252],[-65.7482,-25.3178],[-65.7919,-25.3053],[-65.7815,-25.4617],[-65.7499,-25.5014],[-65.7503,-25.5549],[-65.7768,-25.5736],[-65.7633,-25.6084],[-65.7699,-25.6486],[-65.8049,-25.6369],[-65.8413,-25.6701],[-65.8524,-25.698],[-65.8441,-25.7493],[-65.8709,-25.777],[-65.796,-25.7827],[-65.7974,-25.882],[-65.7005,-25.869],[-65.7043,-25.8275],[-65.6833,-25.7638],[-65.6997,-25.706],[-65.6491,-25.6316],[-65.6191,-25.6301],[-65.5778,-25.5943],[-65.4917,-25.4756],[-65.475,-25.3981],[-65.3951,-25.2847],[-65.3401,-25.2975],[-65.3467,-25.4154],[-65.3356,-25.4269],[-65.1866,-25.4095],[-65.1592,-25.3753],[-65.1762,-25.3008],[-65.2526,-25.2784],[-65.2986,-25.2988],[-65.2754,-25.2161]]]}},{"type":"Feature","properties":{"name":"Tapenagá","province":"Chaco"},"geometry":{"type":"Polygon","coordinates":[[[-59.5972,-27.2864],[-60.2152,-27.2871],[-60.2167,-27.9994],[-59.4014,-27.9994],[-59.4051,-27.4697],[-59.5831,-27.4701],[-59.5819,-27.3005],[-59.5972,-27.2864]]]}},{"type":"Feature","properties":{"name":"San Antonio de Areco","province":"Buenos Aires"},"geometry":{"type":"Polygon","coordinates":[[[-59.3667,-34.1982],[-59.2793,-34.1459],[-59.266,-34.0915],[-59.3001,-34.0686],[-59.3082,-34.0186],[-59.3234,-33.9961],[-59.3197,-34.0236],[-59.407,-34.0604],[-59.3956,-34.0742],[-59.4635,-34.1351],[-59.5106,-34.0991],[-59.5625,-34.1681],[-59.6445,-34.1591],[-59.7817,-34.2187],[-59.6926,-34.2867],[-59.6741,-34.3997],[-59.6447,-34.4177],[-59.6186,-34.3971],[-59.6064,-34.4065],[-59.4799,-34.3133],[-59.4231,-34.3028],[-59.4154,-34.2702],[-59.3739,-34.2401],[-59.3667,-34.1982]]]}},{"type":"Feature","properties":{"name":"San Carlos","province":"Salta"},"geometry":{"type":"Polygon","coordinates":[[[-66.2086,-26.1357],[-66.1598,-26.0436],[-66.1395,-26.0498],[-66.0475,-26.0163],[-65.858,-26.0273],[-65.8659,-25.9823],[-65.841,-25.9787],[-65.7943,-25.9363],[-65.8068,-25.9133],[-65.796,-25.7827],[-65.8709,-25.777],[-65.8441,-25.7493],[-65.8524,-25.698],[-65.8413,-25.6701],[-65.8049,-25.6369],[-65.7699,-25.6486],[-65.7633,-25.6084],[-65.7768,-25.5736],[-65.7503,-25.5549],[-65.747,-25.5131],[-65.7815,-25.4617],[-65.7919,-25.3053],[-65.8281,-25.2861],[-65.838,-25.1974],[-65.8546,-25.1844],[-65.8671,-25.242],[-65.9403,-25.2417],[-65.9678,-25.2965],[-66.0167,-25.2934],[-65.9997,-25.3275],[-66.0264,-25.4521],[-66.1404,-25.4544],[-66.1909,-25.4821],[-66.2771,-25.4957],[-66.3038,-25.5109],[-66.3084,-25.5587],[-66.349,-25.5681],[-66.3412,-25.6346],[-66.3199,-25.6594],[-66.3284,-25.7575],[-66.348,-25.7858],[-66.3324,-25.8666],[-66.3621,-25.8835],[-66.3824,-25.9353],[-66.3716,-25.9881],[-66.5954,-25.9044],[-66.8045,-26.0182],[-66.7246,-26.0755],[-66.6609,-26.0767],[-66.6605,-26.1071],[-66.5872,-26.1575],[-66.5662,-26.2515],[-66.5087,-26.2719],[-66.5595,-26.2886],[-66.54,-26.3522],[-66.461,-26.3641],[-66.382,-26.4168],[-66.2923,-26.2294],[-66.2086,-26.1357]]]}},{"type":"Feature","properties":{"name":"Cachi","province":"Salta"},"geometry":{"type":"Polygon","coordinates":[[[-66.2304,-25.2548],[-65.9678,-25.2965],[-65.9403,-25.2417],[-65.8671,-25.242],[-65.8574,-25.1836],[-65.8886,-25.1542],[-65.8329,-25.1197],[-65.8923,-25.02],[-65.8874,-24.9392],[-65.9361,-24.9402],[-65.9554,-24.9185],[-66.0046,-24.7655],[-66.1159,-24.7415],[-66.0972,-24.7938],[-66.1076,-24.8632],[-66.0941,-24.8976],[-66.1287,-24.9297],[-66.1891,-24.9373],[-66.2607,-24.857],[-66.3298,-24.8627],[-66.4065,-24.8277],[-66.4587,-24.8373],[-66.5907,-24.9292],[-66.5981,-24.9894],[-66.5568,-25.0436],[-66.5937,-25.0879],[-66.5979,-25.1345],[-66.5196,-25.1462],[-66.4102,-25.1347],[-66.406,-25.1593],[-66.37,-25.1872],[-66.3508,-25.185],[-66.3565,-25.1485],[-66.3282,-25.1465],[-66.3087,-25.1757],[-66.244,-25.2111],[-66.2304,-25.2548]]]}},{"type":"Feature","properties":{"name":"La Matanza","province":"Ciudad Autónoma de Buenos Aires"},"geometry":{"type":"Polygon","coordinates":[[[-58.4614,-34.7053],[-58.5561,-34.6347],[-58.5819,-34.6434],[-58.6398,-34.7015],[-58.6362,-34.7149],[-58.6754,-34.7393],[-58.6578,-34.7534],[-58.6736,-34.7663],[-58.7039,-34.7785],[-58.7285,-34.7592],[-58.7502,-34.7772],[-58.7071,-34.8111],[-58.7736,-34.8273],[-58.7506,-34.8469],[-58.7629,-34.8581],[-58.6933,-34.9118],[-58.6468,-34.889],[-58.5683,-34.7588],[-58.5378,-34.7571],[-58.5043,-34.7212],[-58.4843,-34.7323],[-58.4614,-34.7053]]]}},{"type":"Feature","properties":{"name":"Rauch","province":"Buenos Aires"},"geometry":{"type":"Polygon","coordinates":[[[-58.4376,-36.452],[-58.5784,-36.3473],[-58.597,-36.3634],[-58.7833,-36.2255],[-58.7636,-36.208],[-58.8411,-36.1417],[-59.0711,-36.2217],[-59.1026,-36.2467],[-59.1063,-36.2755],[-59.2181,-36.3212],[-59.2897,-36.374],[-59.2296,-36.4209],[-59.2501,-36.4373],[-59.1905,-36.4833],[-59.2027,-36.4933],[-59.138,-36.5424],[-59.1955,-36.5906],[-59.2225,-36.5735],[-59.2273,-36.6162],[-59.2561,-36.6463],[-59.2803,-36.7648],[-59.3473,-36.8173],[-59.3597,-36.8445],[-59.0898,-37.0626],[-59.0403,-37.025],[-59.0219,-36.9612],[-58.9366,-36.9362],[-58.91,-36.8755],[-58.8722,-36.8607],[-58.8655,-36.8381],[-58.8358,-36.8364],[-58.7903,-36.7894],[-58.7199,-36.7527],[-58.6665,-36.7426],[-58.7208,-36.7002],[-58.4376,-36.452]]]}},{"type":"Feature","properties":{"name":"Chicoana","province":"Salta"},"geometry":{"type":"Polygon","coordinates":[[[-65.2754,-25.2161],[-65.2788,-25.1916],[-65.2581,-25.1616],[-65.2873,-25.1549],[-65.3694,-25.0745],[-65.3937,-25.0992],[-65.4832,-25.0423],[-65.5654,-25.0194],[-65.6135,-25.0203],[-65.6917,-25.0548],[-65.7133,-25.0913],[-65.7401,-25.1021],[-65.7781,-25.071],[-65.854,-25.071],[-65.8341,-25.1265],[-65.8892,-25.1593],[-65.838,-25.1974],[-65.8172,-25.3012],[-65.7693,-25.3177],[-65.7482,-25.3178],[-65.7214,-25.252],[-65.6715,-25.2692],[-65.6469,-25.243],[-65.6076,-25.2344],[-65.6039,-25.2035],[-65.5747,-25.1694],[-65.5698,-25.2017],[-65.5502,-25.2107],[-65.408,-25.175],[-65.3665,-25.2188],[-65.2754,-25.2161]]]}},{"type":"Feature","properties":{"name":"General Alvarado","province":"Buenos Aires"},"geometry":{"type":"Polygon","coordinates":[[[-58.0471,-37.9557],[-58.2557,-38.1298],[-58.3289,-38.074],[-58.3433,-38.1595],[-58.3232,-38.2235],[-58.3383,-38.2511],[-58.2838,-38.3156],[-58.2702,-38.3544],[-58.2851,-38.3852],[-58.2434,-38.4452],[-57.8527,-38.2964],[-57.777,-38.2454],[-57.8209,-38.1193],[-57.8135,-38.0923],[-57.8459,-38.0626],[-57.83,-38.0489],[-57.8469,-38.036],[-57.8757,-38.0601],[-57.9422,-38.0091],[-57.9589,-38.0227],[-58.0471,-37.9557]]]}},{"type":"Feature","properties":{"name":"Islas del Ibicuy","province":"Buenos Aires"},"geometry":{"type":"Polygon","coordinates":[[[-59.2911,-33.1538],[-59.3083,-33.1786],[-59.2989,-33.1884],[-59.3366,-33.1838],[-59.3143,-33.2094],[-59.3229,-33.2024],[-59.3527,-33.2029],[-59.3328,-33.2239],[-59.3475,-33.2319],[-59.3947,-33.233],[-59.4158,-33.2139],[-59.4222,-33.2285],[-59.4973,-33.2271],[-59.5224,-33.1994],[-59.5488,-33.199],[-59.6438,-33.3022],[-59.6066,-33.3256],[-59.6301,-33.3429],[-59.6171,-33.3571],[-59.5394,-33.3765],[-59.5222,-33.4323],[-59.4275,-33.4604],[-59.3605,-33.5426],[-59.3161,-33.5432],[-59.302,-33.5918],[-59.2536,-33.6397],[-59.2307,-33.7094],[-59.178,-33.7439],[-59.1681,-33.8094],[-59.1386,-33.8438],[-59.0555,-33.8324],[-59.0205,-33.8489],[-58.9929,-33.8418],[-58.9779,-33.8704],[-58.8998,-33.891],[-58.8518,-33.9485],[-58.7637,-33.9453],[-58.684,-34.0193],[-58.6379,-34.0393],[-58.3893,-33.9889],[-58.4236,-33.9163],[-58.4342,-33.7229],[-58.4948,-33.5856],[-58.4384,-33.5176],[-58.5789,-33.441],[-58.5978,-33.476],[-58.602,-33.4598],[-58.6589,-33.4367],[-58.7465,-33.4764],[-58.7929,-33.44],[-58.8018,-33.4584],[-58.8403,-33.4424],[-58.8613,-33.4813],[-58.8343,-33.4972],[-58.8451,-33.499],[-58.9525,-33.4808],[-59.147,-33.4097],[-59.2228,-33.3235],[-59.2519,-33.2066],[-59.2911,-33.1538]]]}},{"type":"Feature","properties":{"name":"Tandil","province":"Buenos Aires"},"geometry":{"type":"Polygon","coordinates":[[[-59.1108,-37.8262],[-58.6114,-37.4105],[-59.0898,-37.0626],[-59.3597,-36.8445],[-59.3598,-36.8966],[-59.437,-37.021],[-59.4801,-37.0361],[-59.5216,-37.0823],[-59.5673,-37.0972],[-59.5865,-37.132],[-59.7001,-37.2159],[-59.7804,-37.2378],[-59.2262,-37.6504],[-59.1848,-37.6164],[-59.1669,-37.6272],[-59.1523,-37.6595],[-59.1706,-37.7005],[-59.1655,-37.7369],[-59.1338,-37.7579],[-59.1108,-37.8262]]]}},{"type":"Feature","properties":{"name":"Concordia","province":"Buenos Aires"},"geometry":{"type":"Polygon","coordinates":[[[-57.9244,-31.2372],[-57.9619,-31.2129],[-58.0278,-31.1234],[-58.1054,-31.0846],[-58.2735,-31.0371],[-58.2307,-31.013],[-58.249,-30.9923],[-58.2509,-30.9273],[-58.2745,-30.9185],[-58.2763,-30.8833],[-58.2503,-30.854],[-58.3897,-30.8256],[-58.4156,-30.8353],[-58.4402,-30.9025],[-58.4645,-30.9089],[-58.4664,-30.9455],[-58.5069,-30.9823],[-58.4836,-31.0089],[-58.4935,-31.0221],[-58.5493,-31.0459],[-58.5803,-31.0412],[-58.5982,-31.0597],[-58.5739,-31.0756],[-58.5751,-31.1039],[-58.5443,-31.1368],[-58.3876,-31.2107],[-58.4083,-31.2381],[-58.4721,-31.2668],[-58.4114,-31.3516],[-58.4595,-31.3893],[-58.4494,-31.4318],[-58.3463,-31.4905],[-58.326,-31.4864],[-58.346,-31.5065],[-58.3291,-31.5444],[-58.2867,-31.5396],[-58.297,-31.6027],[-58.2802,-31.6022],[-58.2779,-31.5825],[-58.2606,-31.6004],[-58.2872,-31.6809],[-58.2285,-31.7354],[-58.1626,-31.7443],[-58.1224,-31.7212],[-58.0869,-31.7343],[-58.0822,-31.7202],[-58.0636,-31.7381],[-58.037,-31.7272],[-57.9806,-31.581],[-58.0038,-31.5319],[-58.0783,-31.4888],[-58.0824,-31.4578],[-57.9805,-31.3904],[-57.9969,-31.3605],[-57.9244,-31.2372]]]}},{"type":"Feature","properties":{"name":"Berazategui","province":"Buenos Aires"},"geometry":{"type":"Polygon","coordinates":[[[-58.0167,-34.7802],[-58.1948,-34.7355],[-58.2675,-34.7736],[-58.1996,-34.8141],[-58.1798,-34.866],[-58.2467,-34.9243],[-58.211,-34.9516],[-58.0167,-34.7802]]]}},{"type":"Feature","properties":{"name":"General Güemes","province":"Salta"},"geometry":{"type":"Polygon","coordinates":[[[-65.1554,-24.4887],[-65.2102,-24.5436],[-65.1997,-24.5854],[-65.2614,-24.5983],[-65.2767,-24.6287],[-65.2747,-24.6774],[-65.2225,-24.7054],[-65.2204,-24.7235],[-65.2879,-24.7296],[-65.2984,-24.7634],[-65.2929,-24.7751],[-65.2345,-24.7741],[-65.081,-24.7477],[-65.0189,-24.8055],[-65.0366,-24.814],[-65.0533,-24.8656],[-65.0845,-24.8879],[-65.0979,-24.9735],[-65.0655,-24.9991],[-65.08,-25.1041],[-64.9766,-25.1488],[-64.9009,-25.1139],[-64.9059,-25.0392],[-64.8915,-25.0031],[-64.8565,-25.0222],[-64.8164,-24.9722],[-64.8264,-24.9402],[-64.7959,-24.898],[-64.7979,-24.8396],[-64.8126,-24.8276],[-64.7956,-24.8016],[-64.799,-24.7716],[-64.728,-24.705],[-64.7036,-24.6386],[-64.6375,-24.6098],[-64.6753,-24.6015],[-64.7264,-24.5297],[-64.842,-24.4674],[-64.886,-24.519],[-64.8895,-24.5798],[-64.9346,-24.5965],[-65.0849,-24.5602],[-65.106,-24.5233],[-65.1554,-24.4887]]]}},{"type":"Feature","properties":{"name":"Vicente López","province":"Ciudad Autónoma de Buenos Aires"},"geometry":{"type":"Polygon","coordinates":[[[-58.4803,-34.4886],[-58.5538,-34.5302],[-58.5298,-34.5373],[-58.5099,-34.5692],[-58.4596,-34.5278],[-58.4803,-34.4886]]]}},{"type":"Feature","properties":{"name":"Moreno","province":"Buenos Aires"},"geometry":{"type":"Polygon","coordinates":[[[-58.8238,-34.5082],[-58.8466,-34.5478],[-58.8908,-34.5798],[-58.8642,-34.6168],[-58.8842,-34.6271],[-58.8845,-34.6688],[-58.8603,-34.6849],[-58.8185,-34.6855],[-58.7565,-34.6597],[-58.7134,-34.6055],[-58.8238,-34.5082]]]}},{"type":"Feature","properties":{"name":"Lezama","province":"Buenos Aires"},"geometry":{"type":"Polygon","coordinates":[[[-58.1646,-35.8668],[-58.1468,-35.8672],[-58.1377,-35.9052],[-58.1038,-35.9204],[-58.11,-35.9353],[-58.0896,-35.9382],[-58.0907,-35.9499],[-58.016,-35.9446],[-58.0081,-35.9595],[-58.0346,-36.0031],[-58.0117,-36.0425],[-57.9866,-36.0196],[-57.9583,-36.0287],[-57.9397,-35.9927],[-57.9128,-35.9914],[-57.9045,-35.974],[-57.7306,-35.9225],[-57.7077,-35.8325],[-57.657,-35.8503],[-57.6484,-35.8369],[-57.5877,-35.8309],[-57.5671,-35.857],[-57.4903,-35.825],[-57.4912,-35.8125],[-57.6323,-35.7762],[-57.7496,-35.768],[-57.86,-35.6861],[-57.8971,-35.6919],[-57.9786,-35.7573],[-58.003,-35.7361],[-58.0779,-35.7861],[-58.0971,-35.775],[-58.1452,-35.8185],[-58.1366,-35.8254],[-58.1646,-35.8668]]]}},{"type":"Feature","properties":{"name":"Metán","province":"Salta"},"geometry":{"type":"Polygon","coordinates":[[[-65.1866,-25.4095],[-65.1538,-25.4988],[-65.1641,-25.5877],[-65.1232,-25.6458],[-65.0864,-25.6628],[-65.0497,-25.6572],[-65.0277,-25.6722],[-64.9198,-25.6381],[-64.8358,-25.6515],[-64.6479,-25.6055],[-64.4808,-25.6348],[-64.4495,-25.5115],[-64.3814,-25.5253],[-64.3152,-25.5133],[-64.2105,-25.5406],[-64.1957,-25.7278],[-64.0254,-25.7535],[-64.0077,-25.6734],[-63.919,-25.6823],[-63.9592,-25.6568],[-63.9412,-25.5511],[-63.9879,-25.5166],[-64.0058,-25.4727],[-64.0294,-25.4682],[-64.0144,-25.4434],[-64.063,-25.3612],[-64.0461,-25.3139],[-64.0724,-25.2906],[-64.0578,-25.274],[-64.0851,-25.1953],[-64.1072,-25.1601],[-64.1508,-25.1472],[-64.1594,-25.109],[-64.2306,-25.1267],[-64.2468,-25.1149],[-64.277,-25.1466],[-64.3045,-25.1461],[-64.307,-25.1705],[-64.3622,-25.2424],[-64.3974,-25.2518],[-64.4643,-25.2226],[-64.5454,-25.2563],[-64.5709,-25.3149],[-64.6196,-25.362],[-64.7047,-25.3797],[-64.8281,-25.3455],[-64.8945,-25.2852],[-64.8941,-25.2443],[-64.9367,-25.175],[-64.9904,-25.1385],[-65.0819,-25.1003],[-65.1422,-25.1064],[-65.1562,-25.1123],[-65.1694,-25.1756],[-65.1924,-25.1855],[-65.2142,-25.2394],[-65.253,-25.2766],[-65.1762,-25.3008],[-65.1592,-25.3753],[-65.1866,-25.4095]]]}},{"type":"Feature","properties":{"name":"La Costa","province":"Buenos Aires"},"geometry":{"type":"Polygon","coordinates":[[[-56.7902,-37.034],[-56.665,-36.8711],[-56.7029,-36.4004],[-56.7317,-36.326],[-56.7771,-36.2932],[-56.7741,-36.3214],[-56.7973,-36.3301],[-56.7127,-36.4358],[-56.7156,-36.5333],[-56.7415,-36.5312],[-56.716,-36.5599],[-56.7001,-36.706],[-56.7126,-36.8212],[-56.6981,-36.8528],[-56.8213,-37.0242],[-56.7902,-37.034]]]}},{"type":"Feature","properties":{"name":"General Paz","province":"Buenos Aires"},"geometry":{"type":"Polygon","coordinates":[[[-58.1549,-35.4083],[-58.1876,-35.3822],[-58.2184,-35.409],[-58.2614,-35.3773],[-58.2478,-35.3648],[-58.4436,-35.2152],[-58.5717,-35.3284],[-58.5242,-35.3659],[-58.5822,-35.4215],[-58.4707,-35.5114],[-58.5689,-35.596],[-58.5001,-35.6451],[-58.4867,-35.7078],[-58.4661,-35.685],[-58.4425,-35.7017],[-58.4364,-35.7325],[-58.1526,-35.4727],[-58.1949,-35.4406],[-58.1549,-35.4083]]]}},{"type":"Feature","properties":{"name":"Coronel Dorrego","province":"Buenos Aires"},"geometry":{"type":"Polygon","coordinates":[[[-60.7418,-38.3304],[-60.8401,-38.4065],[-60.9917,-38.3103],[-61.1895,-38.2913],[-61.319,-38.3918],[-61.3295,-38.3754],[-61.4659,-38.483],[-61.4739,-38.4757],[-61.5151,-38.5088],[-61.5266,-38.5004],[-61.5931,-38.5436],[-61.7296,-38.6591],[-61.6998,-38.8176],[-61.6504,-38.8666],[-61.4747,-38.9458],[-61.4561,-38.9419],[-61.4561,-38.9137],[-61.3408,-38.9137],[-61.3147,-38.9466],[-61.0868,-38.9473],[-61.0868,-38.9883],[-60.8521,-38.9797],[-60.5124,-38.9309],[-60.5293,-38.9133],[-60.5216,-38.8841],[-60.5365,-38.8222],[-60.6109,-38.6191],[-60.6125,-38.5865],[-60.5913,-38.5566],[-60.6193,-38.4712],[-60.739,-38.3753],[-60.7418,-38.3304]]]}},{"type":"Feature","properties":{"name":"Coronel Pringles","province":"Buenos Aires"},"geometry":{"type":"Polygon","coordinates":[[[-60.6841,-38.0873],[-60.7598,-38.028],[-60.7449,-38.0158],[-61.1785,-37.6797],[-61.6834,-38.0741],[-61.6632,-38.0908],[-61.7668,-38.1723],[-61.7707,-38.1957],[-61.7377,-38.2182],[-61.6977,-38.2849],[-61.7186,-38.2874],[-61.7519,-38.3627],[-61.7418,-38.4083],[-61.7842,-38.4418],[-61.7954,-38.5286],[-61.7783,-38.5796],[-61.7488,-38.5963],[-61.7542,-38.6154],[-61.7296,-38.6591],[-61.5931,-38.5436],[-61.5266,-38.5004],[-61.5151,-38.5088],[-61.4739,-38.4757],[-61.4659,-38.483],[-61.3295,-38.3754],[-61.319,-38.3918],[-61.1895,-38.2913],[-60.9917,-38.3103],[-60.8401,-38.4065],[-60.737,-38.323],[-60.7473,-38.2298],[-60.7196,-38.2242],[-60.7297,-38.1298],[-60.6841,-38.0873]]]}},{"type":"Feature","properties":{"name":"Rojas","province":"Buenos Aires"},"geometry":{"type":"Polygon","coordinates":[[[-60.9069,-33.8875],[-61.0509,-34.0298],[-61.1226,-34.0717],[-60.9171,-34.2415],[-60.9588,-34.2764],[-61.0134,-34.2306],[-61.0592,-34.2689],[-60.9666,-34.3456],[-60.9021,-34.3263],[-60.6767,-34.5092],[-60.5595,-34.4063],[-60.5781,-34.3923],[-60.539,-34.3496],[-60.5487,-34.2759],[-60.47,-34.2001],[-60.5216,-34.1402],[-60.6569,-34.0922],[-60.7367,-33.9995],[-60.9069,-33.8875]]]}},{"type":"Feature","properties":{"name":"Maipú","province":"Buenos Aires"},"geometry":{"type":"Polygon","coordinates":[[[-57.1759,-36.7845],[-57.4658,-36.5704],[-57.7071,-36.7631],[-57.7455,-36.7338],[-57.8915,-36.8544],[-57.9196,-36.8335],[-57.9722,-36.878],[-57.944,-36.8991],[-58.0111,-36.9589],[-57.6755,-37.2023],[-57.5674,-37.105],[-57.4876,-37.1045],[-57.4937,-37.017],[-57.3051,-37.0033],[-57.3222,-36.9103],[-57.2236,-36.9088],[-57.2331,-36.7886],[-57.1759,-36.7845]]]}},{"type":"Feature","properties":{"name":"Magdalena","province":"Buenos Aires"},"geometry":{"type":"Polygon","coordinates":[[[-57.3035,-35.1979],[-57.5085,-35.0247],[-57.7081,-34.9304],[-57.9701,-35.1598],[-57.8902,-35.2221],[-58.0355,-35.3472],[-57.9851,-35.3279],[-57.9475,-35.3723],[-57.8734,-35.3856],[-57.7973,-35.445],[-57.7277,-35.3489],[-57.6835,-35.3765],[-57.6649,-35.3428],[-57.641,-35.3557],[-57.6136,-35.3334],[-57.668,-35.2936],[-57.6342,-35.2608],[-57.6047,-35.2686],[-57.5849,-35.2977],[-57.6026,-35.3618],[-57.5893,-35.3504],[-57.5723,-35.3635],[-57.5033,-35.3014],[-57.5498,-35.2961],[-57.4939,-35.2431],[-57.4608,-35.2666],[-57.4268,-35.2344],[-57.4041,-35.2502],[-57.3035,-35.1979]]]}},{"type":"Feature","properties":{"name":"Uruguay","province":"Buenos Aires"},"geometry":{"type":"Polygon","coordinates":[[[-58.1846,-32.3806],[-58.1972,-32.3568],[-58.2243,-32.367],[-58.236,-32.3461],[-58.2859,-32.3315],[-58.34,-32.2644],[-58.4171,-32.2497],[-58.4118,-32.1843],[-58.5289,-32.1907],[-58.5544,-32.2452],[-58.5863,-32.1963],[-58.6268,-32.194],[-58.6475,-32.1734],[-58.6564,-32.086],[-58.6973,-32.0288],[-58.7075,-31.9648],[-58.7731,-32.0146],[-58.8608,-32.0267],[-58.8709,-32.0467],[-58.9177,-32.0657],[-58.9679,-32.052],[-59.0032,-32.0836],[-59.0626,-32.0696],[-59.0989,-32.0897],[-59.0708,-32.1194],[-59.0953,-32.1288],[-59.0769,-32.1778],[-59.1025,-32.1981],[-59.1125,-32.2355],[-59.084,-32.2507],[-59.0736,-32.312],[-59.0959,-32.3297],[-59.0838,-32.3423],[-59.1026,-32.3478],[-59.0822,-32.3621],[-59.0937,-32.3737],[-59.0834,-32.3859],[-59.1051,-32.4038],[-59.0871,-32.4251],[-59.1137,-32.4554],[-59.0955,-32.4658],[-59.1065,-32.485],[-59.0775,-32.479],[-58.9705,-32.5228],[-58.9212,-32.4916],[-58.8385,-32.5489],[-58.7767,-32.5604],[-58.64,-32.5115],[-58.5817,-32.5538],[-58.5209,-32.5619],[-58.5111,-32.5968],[-58.5306,-32.6107],[-58.5194,-32.6557],[-58.5327,-32.6698],[-58.5133,-32.6744],[-58.5184,-32.6978],[-58.4893,-32.7454],[-58.5049,-32.7565],[-58.4843,-32.8643],[-58.498,-32.8742],[-58.2622,-32.8759],[-58.2627,-33.0276],[-58.1141,-33.0302],[-58.0849,-33.0041],[-58.0868,-32.9608],[-58.1157,-32.9191],[-58.1198,-32.8152],[-58.1501,-32.732],[-58.1606,-32.5708],[-58.1874,-32.5329],[-58.2044,-32.4633],[-58.1846,-32.3806]]]}},{"type":"Feature","properties":{"name":"General Taboada","province":"Santiago del Estero"},"geometry":{"type":"Polygon","coordinates":[[[-61.7717,-28.3571],[-61.871,-28.3577],[-61.8641,-28.3188],[-63.1118,-28.3249],[-63.0408,-28.4076],[-62.9144,-28.4605],[-62.8789,-28.5073],[-62.8822,-28.5651],[-62.7534,-28.6324],[-62.7142,-28.7091],[-62.698,-28.7938],[-62.6724,-28.8097],[-62.6823,-28.8157],[-62.6584,-28.8103],[-62.676,-28.8199],[-62.6447,-28.8655],[-61.8578,-28.8664],[-61.7717,-28.3571]]]}},{"type":"Feature","properties":{"name":"General Lavalle","province":"Buenos Aires"},"geometry":{"type":"Polygon","coordinates":[[[-56.8213,-37.0242],[-56.6981,-36.8528],[-56.7126,-36.8212],[-56.7001,-36.706],[-56.716,-36.5599],[-56.7415,-36.5312],[-56.7156,-36.5333],[-56.7127,-36.4358],[-56.7973,-36.3301],[-57.0153,-36.3267],[-57.0697,-36.3868],[-57.0408,-36.4284],[-57.0828,-36.4535],[-57.0996,-36.4414],[-57.1771,-36.512],[-57.1652,-36.5206],[-57.3295,-36.6686],[-57.1064,-36.8358],[-57.0895,-36.8278],[-56.9978,-36.8621],[-56.9916,-36.8911],[-57.0057,-36.9091],[-56.9795,-36.9047],[-56.9854,-36.95],[-56.9425,-36.9583],[-56.9545,-36.9897],[-56.8213,-37.0242]]]}},{"type":"Feature","properties":{"name":"General Pueyrredón","province":"Buenos Aires"},"geometry":{"type":"Polygon","coordinates":[[[-57.777,-38.2454],[-57.6834,-38.2059],[-57.5932,-38.1189],[-57.5442,-38.0998],[-57.5397,-38.0642],[-57.5178,-38.039],[-57.5403,-38.0485],[-57.5333,-38.032],[-57.5224,-38.0371],[-57.5443,-37.99],[-57.5197,-37.8893],[-57.6979,-37.7542],[-57.6731,-37.7451],[-57.736,-37.6995],[-58.0471,-37.9557],[-57.9589,-38.0227],[-57.9422,-38.0091],[-57.8757,-38.0601],[-57.8469,-38.036],[-57.83,-38.0489],[-57.8459,-38.0626],[-57.8135,-38.0923],[-57.8209,-38.1193],[-57.777,-38.2454]]]}},{"type":"Feature","properties":{"name":"Presidencia de la Plaza","province":"Chaco"},"geometry":{"type":"Polygon","coordinates":[[[-59.5972,-27.2864],[-59.5551,-27.2418],[-59.5544,-26.9852],[-59.6049,-26.9849],[-59.6052,-26.8048],[-59.7031,-26.8054],[-59.7035,-26.7136],[-59.8533,-26.7138],[-59.8548,-26.7572],[-60.0374,-27.1788],[-59.9816,-27.1989],[-60.0118,-27.1991],[-60.0112,-27.2886],[-59.5972,-27.2864]]]}},{"type":"Feature","properties":{"name":"Gualeguaychú","province":"Buenos Aires"},"geometry":{"type":"Polygon","coordinates":[[[-58.4384,-33.5176],[-58.4317,-33.3633],[-58.3905,-33.2791],[-58.4099,-33.2349],[-58.4027,-33.1763],[-58.3608,-33.1205],[-58.1782,-33.0777],[-58.1141,-33.0302],[-58.2627,-33.0276],[-58.2622,-32.8759],[-58.498,-32.8742],[-58.4843,-32.8643],[-58.5049,-32.7565],[-58.4893,-32.7454],[-58.5184,-32.6978],[-58.5133,-32.6744],[-58.5327,-32.6698],[-58.5194,-32.6557],[-58.5306,-32.6107],[-58.5111,-32.5968],[-58.5209,-32.5619],[-58.5817,-32.5538],[-58.64,-32.5115],[-58.7767,-32.5604],[-58.8385,-32.5489],[-58.9212,-32.4916],[-58.9705,-32.5228],[-59.0775,-32.479],[-59.0991,-32.4875],[-59.1056,-32.5334],[-59.1168,-32.5309],[-59.0957,-32.5433],[-59.1089,-32.5645],[-59.0876,-32.5743],[-59.1084,-32.589],[-59.0937,-32.5922],[-59.1022,-32.6153],[-59.091,-32.624],[-59.1076,-32.6663],[-59.1259,-32.6639],[-59.1256,-32.7077],[-59.1448,-32.7095],[-59.1267,-32.7257],[-59.1345,-32.7497],[-59.1107,-32.7505],[-59.1135,-32.7737],[-59.1305,-32.7774],[-59.1121,-32.8056],[-59.141,-32.8259],[-59.1255,-32.8482],[-59.1612,-32.8737],[-59.1401,-32.9119],[-59.1869,-32.9351],[-59.1997,-32.9859],[-59.2165,-32.9849],[-59.2334,-33.0349],[-59.2655,-33.06],[-59.2768,-33.0914],[-59.2524,-33.1053],[-59.2675,-33.1178],[-59.2505,-33.1171],[-59.2911,-33.1538],[-59.2519,-33.2066],[-59.2228,-33.3235],[-59.147,-33.4097],[-58.9525,-33.4808],[-58.8451,-33.499],[-58.8343,-33.4972],[-58.8613,-33.4813],[-58.8403,-33.4424],[-58.8018,-33.4584],[-58.7929,-33.44],[-58.7465,-33.4764],[-58.6834,-33.4368],[-58.602,-33.4598],[-58.5978,-33.476],[-58.5789,-33.441],[-58.4384,-33.5176]]]}},{"type":"Feature","properties":{"name":"Adolfo Gonzáles Chaves","province":"Buenos Aires"},"geometry":{"type":"Polygon","coordinates":[[[-59.835,-38.2313],[-59.795,-38.1972],[-59.7774,-38.2104],[-59.7548,-38.1908],[-59.7896,-38.1646],[-59.7785,-38.1552],[-59.7897,-38.1469],[-59.6418,-38.0238],[-59.6762,-37.9998],[-59.673,-37.9794],[-59.9364,-37.7947],[-60.0196,-37.8599],[-60.059,-37.8285],[-60.0872,-37.8515],[-60.2614,-37.7275],[-60.3232,-37.7771],[-60.4238,-37.6972],[-60.378,-37.6619],[-60.4525,-37.6012],[-60.582,-37.7009],[-60.5555,-37.7209],[-60.8464,-37.9346],[-60.7449,-38.0158],[-60.7598,-38.028],[-60.5494,-38.1919],[-60.4424,-38.1065],[-60.4633,-38.0898],[-60.3704,-38.0163],[-60.0371,-38.2806],[-59.8867,-38.1568],[-59.835,-38.2313]]]}},{"type":"Feature","properties":{"name":"Federal","province":"Buenos Aires"},"geometry":{"type":"Polygon","coordinates":[[[-58.41,-30.8345],[-58.4715,-30.7991],[-58.4917,-30.7324],[-58.5984,-30.6749],[-58.6647,-30.7022],[-58.7611,-30.6912],[-58.823,-30.6547],[-58.872,-30.662],[-58.9059,-30.6226],[-58.9634,-30.6016],[-58.9993,-30.61],[-59.0671,-30.6905],[-59.097,-30.6912],[-59.1157,-30.7178],[-59.2012,-30.7462],[-59.2084,-30.7658],[-59.2608,-30.7633],[-59.3333,-30.7989],[-59.2924,-30.8463],[-59.271,-30.9025],[-59.3092,-30.9369],[-59.2805,-30.9686],[-59.3363,-30.9947],[-59.3399,-31.0098],[-59.2747,-31.0591],[-59.3017,-31.1099],[-59.2584,-31.1474],[-59.2966,-31.2854],[-59.2851,-31.3036],[-59.2348,-31.2677],[-59.1727,-31.35],[-59.1481,-31.4138],[-59.0947,-31.4553],[-59.0734,-31.433],[-59.0743,-31.4035],[-59.0446,-31.3936],[-59.0522,-31.379],[-59.0345,-31.3761],[-59.0459,-31.3672],[-59.0349,-31.3492],[-59.0106,-31.3391],[-59.0182,-31.3251],[-58.9713,-31.2717],[-58.9753,-31.2569],[-58.9249,-31.2375],[-58.9044,-31.2123],[-58.6844,-31.3013],[-58.6358,-31.2973],[-58.5839,-31.2578],[-58.4997,-31.2695],[-58.4083,-31.2381],[-58.3876,-31.2107],[-58.5443,-31.1368],[-58.5751,-31.1039],[-58.5739,-31.0756],[-58.5982,-31.0597],[-58.5803,-31.0412],[-58.5493,-31.0459],[-58.4935,-31.0221],[-58.4836,-31.0089],[-58.5069,-30.9823],[-58.4664,-30.9455],[-58.4645,-30.9089],[-58.4402,-30.9025],[-58.4272,-30.8471],[-58.41,-30.8345]]]}},{"type":"Feature","properties":{"name":"Tigre","province":"Buenos Aires"},"geometry":{"type":"MultiPolygon","coordinates":[[[[-58.5101,-34.3037],[-58.6483,-34.2662],[-58.6797,-34.3453],[-58.7204,-34.3631],[-58.705,-34.373],[-58.7342,-34.4022],[-58.6781,-34.4746],[-58.6062,-34.5344],[-58.5954,-34.4484],[-58.5588,-34.424],[-58.5144,-34.4459],[-58.4829,-34.3846],[-58.465,-34.3749],[-58.4545,-34.3885],[-58.5101,-34.3037]]],[[[-58.4678,-34.3269],[-58.4864,-34.3294],[-58.45,-34.377],[-58.443,-34.3653],[-58.4678,-34.3269]]],[[[-58.4515,-34.3441],[-58.4535,-34.3316],[-58.4548,-34.3453],[-58.4515,-34.3441]]],[[[-58.4412,-34.3294],[-58.4484,-34.3289],[-58.4416,-34.3321],[-58.4412,-34.3294]]],[[[-58.4684,-34.3171],[-58.4726,-34.317],[-58.4741,-34.3211],[-58.4684,-34.3171]]],[[[-58.437,-34.3287],[-58.441,-34.3274],[-58.4397,-34.3301],[-58.437,-34.3287]]],[[[-58.4466,-34.3346],[-58.4477,-34.3318],[-58.4501,-34.331],[-58.4466,-34.3346]]]]}},{"type":"Feature","properties":{"name":"Quitilipi","province":"Chaco"},"geometry":{"type":"Polygon","coordinates":[[[-60.0024,-26.3056],[-60.202,-26.3039],[-60.2058,-26.6345],[-60.2288,-26.6264],[-60.4137,-27.0471],[-60.2729,-27.0966],[-60.0889,-26.6755],[-60.006,-26.7043],[-60.0024,-26.3056]]]}},{"type":"Feature","properties":{"name":"Escobar","province":"Buenos Aires"},"geometry":{"type":"Polygon","coordinates":[[[-58.6483,-34.2662],[-58.7943,-34.229],[-58.8029,-34.2371],[-58.7759,-34.2853],[-58.8583,-34.2621],[-58.9011,-34.3109],[-58.817,-34.4154],[-58.7782,-34.404],[-58.7374,-34.4565],[-58.7056,-34.4393],[-58.7342,-34.4022],[-58.705,-34.373],[-58.7204,-34.3631],[-58.6797,-34.3453],[-58.6483,-34.2662]]]}},{"type":"Feature","properties":{"name":"O'Higgins","province":"Chaco"},"geometry":{"type":"Polygon","coordinates":[[[-60.5131,-27.012],[-60.6159,-26.9757],[-60.6159,-27.059],[-60.8171,-27.0573],[-60.8186,-27.2001],[-60.8451,-27.1821],[-60.9064,-27.254],[-60.8205,-27.3126],[-60.8215,-27.3721],[-60.9105,-27.4021],[-60.9102,-27.4621],[-60.519,-27.4664],[-60.5131,-27.012]]]}},{"type":"Feature","properties":{"name":"Juan F. Ibarra","province":"Santiago del Estero"},"geometry":{"type":"Polygon","coordinates":[[[-61.7717,-28.3571],[-61.7113,-27.9994],[-61.7112,-27.7971],[-62.2314,-27.7905],[-62.232,-27.8199],[-62.5706,-27.8176],[-62.5703,-27.7993],[-62.6744,-27.7982],[-62.6742,-27.8203],[-62.8843,-27.8198],[-62.8843,-27.7776],[-62.9482,-27.7753],[-62.9486,-27.7515],[-63.2653,-27.7212],[-63.2752,-27.7661],[-63.3415,-27.7548],[-63.3452,-27.7709],[-63.4993,-27.7814],[-63.4955,-27.8241],[-63.4803,-27.8252],[-63.4577,-27.8825],[-63.467,-27.9072],[-63.4425,-27.9228],[-63.445,-27.9534],[-63.4097,-27.9728],[-63.398,-28.0285],[-63.328,-28.0543],[-63.3176,-28.0807],[-63.2938,-28.0867],[-63.2702,-28.1597],[-63.2003,-28.1659],[-63.1449,-28.2069],[-63.1336,-28.2434],[-63.0954,-28.2701],[-63.1107,-28.3166],[-61.8641,-28.3188],[-61.871,-28.3577],[-61.7717,-28.3571]]]}},{"type":"Feature","properties":{"name":"Las Flores","province":"Buenos Aires"},"geometry":{"type":"Polygon","coordinates":[[[-59.7002,-35.8321],[-59.5167,-35.9764],[-59.5526,-36.0071],[-59.3824,-36.1353],[-59.4868,-36.2261],[-59.293,-36.3742],[-59.2181,-36.3212],[-59.1063,-36.2755],[-59.1026,-36.2467],[-59.0711,-36.2217],[-58.8509,-36.1501],[-58.8283,-36.1105],[-58.7083,-36.017],[-58.7503,-35.9844],[-58.7303,-35.9675],[-58.8919,-35.8404],[-58.9009,-35.8478],[-58.9576,-35.803],[-58.9745,-35.8168],[-59.1368,-35.6634],[-59.1307,-35.6982],[-59.1748,-35.7121],[-59.1833,-35.7627],[-59.2445,-35.7936],[-59.3793,-35.8171],[-59.4164,-35.8023],[-59.4796,-35.8109],[-59.5601,-35.8507],[-59.6428,-35.8612],[-59.7002,-35.8321]]]}},{"type":"Feature","properties":{"name":"Rivadavia","province":"Mendoza"},"geometry":{"type":"Polygon","coordinates":[[[-68.2883,-33.2306],[-68.3786,-33.2071],[-68.4807,-33.1489],[-68.5514,-33.1527],[-68.6121,-33.1756],[-68.7034,-33.2648],[-68.7275,-33.3063],[-68.7192,-33.3278],[-68.7758,-33.3846],[-68.8523,-33.4104],[-68.8892,-33.4532],[-68.9905,-33.4996],[-69.0003,-33.5757],[-68.571,-33.7248],[-68.5935,-33.4863],[-68.2903,-33.4614],[-68.2883,-33.2306]]]}},{"type":"Feature","properties":{"name":"Rivadavia","province":"Córdoba"},"geometry":{"type":"Polygon","coordinates":[[[-62.1306,-30.4799],[-61.9928,-29.6651],[-62.4375,-29.6666],[-62.4361,-29.9496],[-62.6085,-30.0565],[-62.5565,-30.0628],[-62.5677,-30.1231],[-62.5968,-30.1657],[-62.5936,-30.2596],[-62.5201,-30.3419],[-62.1738,-30.3453],[-62.1306,-30.4799]]]}},{"type":"Feature","properties":{"name":"Mar Chiquita","province":"Buenos Aires"},"geometry":{"type":"Polygon","coordinates":[[[-57.1876,-37.5496],[-57.7696,-37.1361],[-58.0956,-37.437],[-57.6731,-37.7451],[-57.6979,-37.7542],[-57.5197,-37.8893],[-57.4916,-37.8282],[-57.4116,-37.7352],[-57.1876,-37.5496]]]}},{"type":"Feature","properties":{"name":"Carlos Casares","province":"Buenos Aires"},"geometry":{"type":"Polygon","coordinates":[[[-61.0358,-35.8757],[-61.1013,-35.8251],[-61.0318,-35.7658],[-61.2714,-35.5601],[-61.2873,-35.5735],[-61.5318,-35.3784],[-61.7233,-35.5373],[-61.5734,-35.6428],[-61.6002,-35.6645],[-61.5014,-35.7454],[-61.6351,-35.8526],[-61.5431,-35.9289],[-61.5594,-35.9403],[-61.393,-36.072],[-61.333,-36.0208],[-61.2695,-36.0706],[-61.0358,-35.8757]]]}},{"type":"Feature","properties":{"name":"Independencia","province":"Chaco"},"geometry":{"type":"Polygon","coordinates":[[[-60.6159,-26.9757],[-60.6952,-26.9477],[-60.5097,-26.5271],[-60.7899,-26.4267],[-60.9017,-26.6793],[-60.9302,-26.6636],[-60.9904,-26.6631],[-60.9928,-26.8436],[-61.008,-26.8435],[-60.8831,-26.9287],[-60.8517,-26.8918],[-60.8172,-26.9042],[-60.8171,-27.0573],[-60.6159,-27.059],[-60.6159,-26.9757]]]}},{"type":"Feature","properties":{"name":"Rancul","province":"La Pampa"},"geometry":{"type":"Polygon","coordinates":[[[-65.1171,-35.8011],[-64.4932,-35.8107],[-64.4808,-35.0001],[-65.1175,-35.0],[-65.1171,-35.8011]]]}},{"type":"Feature","properties":{"name":"General Juan F.Quiroga","province":"La Rioja"},"geometry":{"type":"Polygon","coordinates":[[[-67.5078,-30.5157],[-67.4195,-30.62],[-67.2828,-30.6953],[-67.1288,-30.8956],[-67.0853,-30.9142],[-67.1122,-31.0056],[-67.0922,-31.0608],[-67.0999,-31.0836],[-66.4807,-31.0957],[-66.4899,-30.9869],[-66.4114,-30.9389],[-66.3902,-30.8488],[-66.3257,-30.7929],[-66.3847,-30.6767],[-66.5824,-30.7395],[-66.6158,-30.6746],[-66.7484,-30.6315],[-66.7787,-30.5735],[-66.7813,-30.5347],[-67.5078,-30.5157]]]}},{"type":"Feature","properties":{"name":"Santo Tomé","province":"Corrientes"},"geometry":{"type":"Polygon","coordinates":[[[-55.8208,-27.9504],[-55.8884,-28.0221],[-55.8747,-27.9582],[-55.915,-27.8984],[-55.9461,-27.9149],[-55.9842,-27.9066],[-56.046,-27.8462],[-56.1317,-27.8339],[-56.152,-27.7992],[-56.2292,-27.7692],[-56.2397,-27.819],[-56.2663,-27.8284],[-56.2611,-27.8623],[-56.2849,-27.8862],[-56.3215,-27.8784],[-56.3143,-27.8951],[-56.3414,-27.9354],[-56.4256,-27.8805],[-56.4679,-27.9395],[-56.6224,-27.8493],[-56.6634,-27.9527],[-56.7795,-28.0807],[-56.8809,-28.235],[-56.7999,-28.2602],[-56.6406,-28.2627],[-56.6381,-28.2929],[-56.5693,-28.2995],[-56.546,-28.3343],[-56.5203,-28.339],[-56.5292,-28.3598],[-56.5101,-28.3883],[-56.545,-28.4327],[-56.43,-28.441],[-56.3693,-28.5222],[-56.3655,-28.6198],[-56.4507,-28.6933],[-56.4155,-28.7009],[-56.4127,-28.746],[-56.3813,-28.764],[-56.339,-28.7826],[-56.2901,-28.7791],[-56.3063,-28.7928],[-56.297,-28.8024],[-56.2592,-28.7783],[-56.1855,-28.77],[-56.1186,-28.6817],[-56.0076,-28.605],[-56.0023,-28.5785],[-56.0257,-28.536],[-56.0086,-28.506],[-55.8824,-28.4777],[-55.903,-28.4081],[-55.8783,-28.3612],[-55.7574,-28.3686],[-55.7322,-28.3843],[-55.7175,-28.4222],[-55.6917,-28.4176],[-55.6699,-28.3308],[-55.7727,-28.2739],[-55.7825,-28.2539],[-55.6323,-28.1768],[-55.6202,-28.1375],[-55.7114,-28.0885],[-55.7161,-28.0624],[-55.7582,-28.0609],[-55.7492,-28.0276],[-55.8208,-27.9504]]]}},{"type":"Feature","properties":{"name":"Gaiman","province":"Chubut"},"geometry":{"type":"Polygon","coordinates":[[[-65.4042,-43.7601],[-65.4546,-42.8519],[-67.1536,-42.879],[-67.1482,-43.3403],[-66.5299,-43.3353],[-66.5246,-43.783],[-65.4042,-43.7601]]]}},{"type":"Feature","properties":{"name":"Puán","province":"Buenos Aires"},"geometry":{"type":"Polygon","coordinates":[[[-62.7354,-37.9477],[-62.8952,-37.8191],[-62.5812,-37.549],[-62.6295,-37.51],[-62.645,-37.5218],[-62.8125,-37.3739],[-63.3838,-37.8098],[-63.3836,-38.8288],[-62.6558,-38.2666],[-62.7371,-38.2024],[-62.6555,-38.1389],[-62.8126,-38.0082],[-62.7354,-37.9477]]]}},{"type":"Feature","properties":{"name":"San Miguel","province":"Ciudad Autónoma de Buenos Aires"},"geometry":{"type":"Polygon","coordinates":[[[-58.776,-34.5571],[-58.7134,-34.6055],[-58.6062,-34.5344],[-58.6459,-34.5019],[-58.7013,-34.5328],[-58.721,-34.5183],[-58.776,-34.5571]]]}},{"type":"Feature","properties":{"name":"Trenque Lauquen","province":"Buenos Aires"},"geometry":{"type":"Polygon","coordinates":[[[-62.3367,-35.7833],[-62.6229,-35.5503],[-63.2038,-36.033],[-62.626,-36.5015],[-62.6065,-36.5614],[-62.081,-36.1516],[-62.4312,-35.8587],[-62.3367,-35.7833]]]}},{"type":"Feature","properties":{"name":"Guaminí","province":"Buenos Aires"},"geometry":{"type":"Polygon","coordinates":[[[-61.8596,-36.9926],[-62.0076,-36.8593],[-61.9966,-36.8533],[-62.0167,-36.8214],[-61.9827,-36.8046],[-61.9992,-36.8117],[-62.1747,-36.6638],[-62.2014,-36.6846],[-62.2488,-36.6457],[-62.2221,-36.6248],[-62.3845,-36.4885],[-62.4117,-36.5091],[-62.4737,-36.4567],[-62.9702,-36.8629],[-62.6474,-37.1231],[-62.5947,-37.0959],[-62.511,-37.1959],[-62.5091,-37.2337],[-62.5383,-37.2572],[-62.4255,-37.3484],[-61.9758,-37.0172],[-61.916,-37.0665],[-61.8754,-37.0344],[-61.8909,-37.0215],[-61.8596,-36.9926]]]}},{"type":"Feature","properties":{"name":"Punilla","province":"Córdoba"},"geometry":{"type":"Polygon","coordinates":[[[-64.4395,-30.7991],[-64.5144,-30.7739],[-64.5148,-30.703],[-64.6243,-30.6901],[-64.6197,-30.7712],[-64.671,-30.8288],[-64.6447,-30.8562],[-64.6482,-30.9222],[-64.6745,-30.9219],[-64.6746,-30.9436],[-64.6999,-30.9494],[-64.6761,-30.9719],[-64.6874,-31.0178],[-64.648,-31.0104],[-64.6427,-31.0452],[-64.6774,-31.0715],[-64.6775,-31.1373],[-64.7041,-31.1788],[-64.6963,-31.224],[-64.7112,-31.2619],[-64.7005,-31.2776],[-64.7212,-31.289],[-64.7492,-31.3543],[-64.7614,-31.4224],[-64.793,-31.4247],[-64.7838,-31.5046],[-64.7514,-31.5161],[-64.7724,-31.5601],[-64.7277,-31.6765],[-64.6934,-31.6711],[-64.664,-31.6924],[-64.6395,-31.6783],[-64.6331,-31.6944],[-64.5998,-31.6939],[-64.5981,-31.7098],[-64.5466,-31.6881],[-64.5534,-31.569],[-64.4946,-31.4418],[-64.4763,-31.4186],[-64.4482,-31.418],[-64.4428,-31.4345],[-64.4273,-31.4166],[-64.4358,-31.3277],[-64.4147,-31.1756],[-64.4492,-31.0606],[-64.4296,-30.9726],[-64.4475,-30.8534],[-64.4395,-30.7991]]]}},{"type":"Feature","properties":{"name":"Río Grande","province":"Tierra del Fuego"},"geometry":{"type":"Polygon","coordinates":[[[-66.2976,-54.5105],[-66.4689,-54.4772],[-66.5522,-54.4205],[-66.5441,-54.4024],[-66.661,-54.3434],[-66.7003,-54.3027],[-66.6909,-54.2829],[-66.7339,-54.2765],[-66.734,-54.2603],[-66.9,-54.2175],[-67.0813,-54.132],[-67.1644,-54.1198],[-67.3297,-54.0414],[-67.345,-54.0246],[-67.3359,-54.0162],[-67.4368,-53.9844],[-67.566,-53.8996],[-67.5775,-53.8568],[-67.5457,-53.8404],[-67.6743,-53.7853],[-67.6814,-53.8062],[-67.7328,-53.8115],[-67.7753,-53.8357],[-67.7363,-53.8053],[-67.6817,-53.7972],[-67.7261,-53.7541],[-67.9113,-53.6527],[-67.9902,-53.5845],[-68.0442,-53.508],[-68.0829,-53.3897],[-68.1371,-53.3313],[-68.2066,-53.3067],[-68.3079,-53.3212],[-68.3871,-53.312],[-68.4637,-53.2937],[-68.5484,-53.2475],[-68.5561,-53.1956],[-68.5382,-53.1444],[-68.4939,-53.116],[-68.5013,-53.1053],[-68.4461,-53.0918],[-68.4189,-53.0514],[-68.391,-53.0507],[-68.3595,-53.0179],[-68.2667,-53.0161],[-68.2687,-53.0425],[-68.2112,-53.1263],[-68.2138,-53.1533],[-68.2015,-53.142],[-68.2877,-52.9514],[-68.57,-52.7074],[-68.6062,-52.6583],[-68.6077,-54.5563],[-66.6397,-54.5564],[-66.5769,-54.5405],[-66.4055,-54.5368],[-66.2976,-54.5105]]]}},{"type":"Feature","properties":{"name":"Iglesia","province":"San Juan"},"geometry":{"type":"Polygon","coordinates":[[[-68.9085,-29.0449],[-68.9612,-28.9394],[-68.9082,-28.861],[-69.162,-28.7611],[-69.2098,-28.6816],[-69.2166,-28.6065],[-69.2024,-28.5964],[-69.316,-28.4117],[-69.3759,-28.4485],[-69.4255,-28.4518],[-69.4697,-28.4155],[-69.5162,-28.4319],[-69.5552,-28.4058],[-69.6057,-28.419],[-69.6368,-28.3888],[-69.6559,-28.4127],[-69.6326,-28.4294],[-69.6389,-28.442],[-69.6805,-28.4706],[-69.6499,-28.5377],[-69.67,-28.5553],[-69.6623,-28.583],[-69.695,-28.5965],[-69.7015,-28.6399],[-69.7314,-28.684],[-69.7292,-28.7375],[-69.6929,-28.7709],[-69.7657,-28.8988],[-69.7544,-28.9842],[-69.785,-29.0149],[-69.7936,-29.0511],[-69.7883,-29.1331],[-69.8761,-29.1389],[-69.9244,-29.1864],[-69.9527,-29.1892],[-69.9382,-29.2499],[-69.998,-29.2858],[-70.0209,-29.3298],[-70.0104,-29.3538],[-70.0213,-29.3844],[-69.9663,-29.4142],[-69.9819,-29.4522],[-69.9474,-29.4904],[-69.9564,-29.5351],[-69.9317,-29.5859],[-69.9395,-29.6544],[-69.8787,-29.7258],[-69.9148,-29.7927],[-69.8932,-29.8199],[-69.899,-29.8485],[-69.8766,-29.8616],[-69.8967,-29.8781],[-69.8885,-29.9046],[-69.9087,-29.9286],[-69.898,-29.9578],[-69.926,-29.9992],[-69.9154,-30.0256],[-69.9649,-30.0854],[-69.9442,-30.0932],[-69.9361,-30.1201],[-69.8997,-30.1062],[-69.8174,-30.1279],[-69.809,-30.1534],[-69.8288,-30.1623],[-69.817,-30.1797],[-69.835,-30.2199],[-69.8687,-30.2108],[-69.8879,-30.224],[-69.8835,-30.2723],[-69.8315,-30.2915],[-69.8127,-30.4027],[-69.7805,-30.4197],[-69.7514,-30.47],[-69.7464,-30.5293],[-69.712,-30.5373],[-69.7284,-30.5411],[-69.7263,-30.5921],[-69.7027,-30.6147],[-69.6707,-30.6019],[-69.6375,-30.6202],[-69.604,-30.6645],[-69.5336,-30.6749],[-69.4787,-30.6551],[-69.3221,-30.7688],[-69.2436,-30.7704],[-69.2162,-30.7895],[-69.1453,-30.7787],[-69.1023,-30.7961],[-69.0886,-30.7289],[-69.1206,-30.6503],[-69.1161,-30.6273],[-69.0552,-30.618],[-69.0617,-30.5803],[-68.9932,-30.5749],[-69.0571,-30.4954],[-69.0623,-30.4683],[-69.0496,-30.3436],[-69.0662,-30.3275],[-69.0392,-30.2949],[-69.0715,-30.0724],[-69.0299,-29.9844],[-69.0399,-29.9496],[-69.0144,-29.8815],[-69.0299,-29.8362],[-69.0201,-29.8148],[-69.0321,-29.7618],[-69.0148,-29.6991],[-69.0274,-29.6802],[-69.0141,-29.6599],[-69.0337,-29.533],[-69.0,-29.4667],[-68.9874,-29.478],[-68.9752,-29.4565],[-68.9792,-29.4236],[-69.0022,-29.3997],[-68.9746,-29.3642],[-68.9849,-29.3252],[-68.9576,-29.3172],[-68.9575,-29.2859],[-68.9891,-29.274],[-68.9791,-29.2305],[-69.0012,-29.1866],[-68.9696,-29.1463],[-68.935,-29.1664],[-68.9112,-29.1247],[-68.9252,-29.0894],[-68.908,-29.0728],[-68.9085,-29.0449]]]}},{"type":"Feature","properties":{"name":"Guaymallén","province":"Mendoza"},"geometry":{"type":"Polygon","coordinates":[[[-68.6879,-32.8293],[-68.8246,-32.8744],[-68.8377,-32.926],[-68.7203,-32.9429],[-68.705,-32.9686],[-68.6604,-32.9138],[-68.6503,-32.8399],[-68.6368,-32.8319],[-68.6879,-32.8293]]]}},{"type":"Feature","properties":{"name":"Catan Lil","province":"Neuquén"},"geometry":{"type":"Polygon","coordinates":[[[-70.6248,-39.0626],[-70.682,-39.0491],[-70.7068,-39.0136],[-70.742,-39.0497],[-70.7274,-39.1387],[-70.7485,-39.2393],[-70.7271,-39.275],[-70.7598,-39.2865],[-70.7858,-39.3604],[-70.814,-39.374],[-70.7652,-39.3957],[-70.7791,-39.4172],[-70.7545,-39.436],[-70.7515,-39.4649],[-70.8302,-39.481],[-70.8332,-39.5221],[-70.8779,-39.525],[-70.8812,-39.5387],[-70.9307,-39.5397],[-70.9579,-39.5226],[-70.9551,-39.5503],[-70.9713,-39.5596],[-70.9351,-39.5944],[-70.9457,-39.6467],[-70.9343,-39.6634],[-70.8807,-39.668],[-70.9011,-39.7125],[-70.882,-39.7362],[-70.9369,-39.7538],[-70.9227,-39.7785],[-70.8738,-39.7958],[-70.8621,-39.8612],[-70.8348,-39.8763],[-70.8396,-39.8888],[-70.8101,-39.8742],[-70.8223,-39.8523],[-70.8139,-39.8249],[-70.7314,-39.8896],[-70.6888,-39.8587],[-70.644,-39.8951],[-70.3477,-39.6782],[-70.1743,-39.8179],[-69.8369,-39.568],[-70.0281,-39.4154],[-69.8985,-39.3183],[-69.9443,-39.2833],[-70.0515,-39.2454],[-70.0583,-39.2154],[-70.0854,-39.2038],[-70.15,-39.1908],[-70.2412,-39.1971],[-70.3173,-39.1312],[-70.3781,-39.1279],[-70.4866,-39.0387],[-70.6001,-39.1229],[-70.6128,-39.1218],[-70.6248,-39.0626]]]}},{"type":"Feature","properties":{"name":"Ramallo","province":"Buenos Aires"},"geometry":{"type":"Polygon","coordinates":[[[-60.1563,-33.7454],[-60.1067,-33.8176],[-60.0825,-33.8095],[-60.0169,-33.8265],[-60.0711,-33.7806],[-60.0418,-33.7694],[-59.8313,-33.5801],[-59.8095,-33.582],[-59.8094,-33.544],[-59.8993,-33.5071],[-59.933,-33.4749],[-60.0353,-33.4525],[-60.1111,-33.373],[-60.1656,-33.3508],[-60.1946,-33.4445],[-60.1601,-33.4734],[-60.1661,-33.5004],[-60.2427,-33.6136],[-60.2809,-33.6204],[-60.3133,-33.6507],[-60.1729,-33.6616],[-60.1597,-33.6902],[-60.1412,-33.6935],[-60.1563,-33.7454]]]}},{"type":"Feature","properties":{"name":"Tehuelches","province":"Chubut"},"geometry":{"type":"Polygon","coordinates":[[[-69.5314,-43.7847],[-70.9923,-43.7609],[-70.9959,-43.8507],[-71.1162,-43.8493],[-71.1184,-43.9398],[-71.3717,-43.9354],[-71.3693,-43.8831],[-71.3839,-43.8789],[-71.4783,-43.9201],[-71.6496,-43.9349],[-71.7594,-44.0996],[-71.8487,-44.1135],[-71.8467,-44.1592],[-71.7999,-44.1917],[-71.8006,-44.2146],[-71.78,-44.2172],[-71.8077,-44.2281],[-71.8064,-44.2581],[-71.8295,-44.2654],[-71.8031,-44.2717],[-71.787,-44.3304],[-71.839,-44.35],[-71.8043,-44.3991],[-71.8151,-44.4161],[-71.801,-44.4195],[-71.7117,-44.3792],[-71.6579,-44.409],[-71.3862,-44.3853],[-71.3527,-44.4034],[-71.3489,-44.4248],[-71.2462,-44.4174],[-71.2227,-44.4362],[-71.1711,-44.4391],[-71.1297,-44.4718],[-71.1637,-44.501],[-71.0915,-44.5325],[-71.0972,-44.5871],[-71.2008,-44.5916],[-71.1943,-44.602],[-71.2326,-44.6538],[-69.9187,-44.678],[-69.5091,-44.1449],[-69.5314,-43.7847]]]}},{"type":"Feature","properties":{"name":"Comuna 11","province":"Ciudad Autónoma de Buenos Aires"},"geometry":{"type":"Polygon","coordinates":[[[-58.4584,-34.6045],[-58.5155,-34.5813],[-58.5292,-34.6111],[-58.4827,-34.6246],[-58.4584,-34.6045]]]}},{"type":"Feature","properties":{"name":"Los Lagos","province":"Neuquén"},"geometry":{"type":"Polygon","coordinates":[[[-71.7087,-40.4225],[-71.7369,-40.4408],[-71.7934,-40.4073],[-71.825,-40.4219],[-71.8557,-40.5094],[-71.8428,-40.5253],[-71.8588,-40.5552],[-71.8904,-40.5561],[-71.856,-40.5924],[-71.8238,-40.5779],[-71.844,-40.6279],[-71.8669,-40.6632],[-71.9634,-40.7209],[-71.9568,-40.7609],[-71.9214,-40.7858],[-71.9275,-40.8335],[-71.8801,-40.881],[-71.8582,-40.8795],[-71.869,-40.893],[-71.8564,-40.96],[-71.9085,-40.9722],[-71.8611,-41.031],[-71.7853,-41.0188],[-71.6076,-41.0349],[-71.5577,-41.0224],[-71.4564,-41.0417],[-71.3062,-41.1001],[-71.2405,-41.0951],[-71.1749,-41.0562],[-71.1393,-41.0551],[-71.1146,-41.0074],[-71.0893,-40.9983],[-71.1027,-40.9914],[-71.0602,-40.9809],[-71.032,-40.9331],[-71.047,-40.8729],[-71.1016,-40.8395],[-71.0914,-40.8305],[-71.1179,-40.8051],[-71.1196,-40.759],[-71.0932,-40.7265],[-71.0297,-40.7244],[-71.0118,-40.6793],[-70.9765,-40.6487],[-70.8791,-40.6204],[-70.8649,-40.597],[-71.1526,-40.5992],[-71.1956,-40.5823],[-71.2763,-40.5949],[-71.3562,-40.5403],[-71.4239,-40.5274],[-71.4491,-40.5368],[-71.5166,-40.5058],[-71.5747,-40.4524],[-71.6058,-40.462],[-71.6145,-40.445],[-71.6553,-40.4505],[-71.7087,-40.4225]]]}},{"type":"Feature","properties":{"name":"25 de Mayo","province":"Chaco"},"geometry":{"type":"Polygon","coordinates":[[[-60.0112,-27.2886],[-60.0118,-27.1991],[-59.9816,-27.1989],[-60.0374,-27.1788],[-59.8548,-26.7572],[-59.8539,-26.5325],[-59.8039,-26.5329],[-59.8041,-26.3212],[-59.8523,-26.3213],[-59.8523,-26.3061],[-60.0024,-26.3056],[-60.006,-26.7043],[-60.0889,-26.6755],[-60.2729,-27.0966],[-60.2124,-27.1179],[-60.2132,-27.2871],[-60.0112,-27.2886]]]}},{"type":"Feature","properties":{"name":"Ramón Lista","province":"Formosa"},"geometry":{"type":"Polygon","coordinates":[[[-61.8517,-23.0946],[-61.8877,-23.0874],[-61.8937,-23.0693],[-61.9345,-23.0681],[-61.9529,-23.0331],[-61.9971,-23.0107],[-61.9969,-22.9668],[-62.0106,-22.9749],[-61.9999,-22.9297],[-62.0258,-22.9271],[-62.0427,-22.8673],[-62.0957,-22.8058],[-62.1079,-22.8199],[-62.1855,-22.7045],[-62.1979,-22.7129],[-62.1996,-22.6939],[-62.1776,-22.6929],[-62.2007,-22.6835],[-62.1895,-22.6222],[-62.2078,-22.6457],[-62.2646,-22.603],[-62.2341,-22.5692],[-62.2509,-22.5162],[-62.2868,-22.5227],[-62.2906,-22.4749],[-62.3271,-22.4837],[-62.3423,-22.4607],[-62.342,-23.4954],[-61.8439,-23.4929],[-61.8517,-23.0946]]]}},{"type":"Feature","properties":{"name":"Cañuelas","province":"Buenos Aires"},"geometry":{"type":"Polygon","coordinates":[[[-58.6506,-34.891],[-58.7648,-34.9587],[-58.7916,-34.9547],[-58.7775,-34.9651],[-58.9339,-35.1037],[-58.8691,-35.1537],[-58.8947,-35.1762],[-58.7709,-35.2739],[-58.748,-35.2541],[-58.6793,-35.3062],[-58.7077,-35.3348],[-58.5822,-35.4215],[-58.5242,-35.3659],[-58.5717,-35.3284],[-58.469,-35.2377],[-58.5774,-35.1477],[-58.5787,-35.0654],[-58.5996,-35.0499],[-58.5538,-35.0092],[-58.6201,-34.961],[-58.599,-34.9429],[-58.6105,-34.9253],[-58.6506,-34.891]]]}},{"type":"Feature","properties":{"name":"Curuzú Cuatiá","province":"Corrientes"},"geometry":{"type":"Polygon","coordinates":[[[-57.6109,-29.7525],[-57.6458,-29.7175],[-57.6931,-29.7138],[-57.7339,-29.742],[-57.7559,-29.7146],[-57.8045,-29.7104],[-57.8722,-29.6301],[-57.8682,-29.6054],[-57.8979,-29.5493],[-57.9524,-29.5358],[-58.0154,-29.481],[-58.0566,-29.4803],[-58.1148,-29.4407],[-58.1493,-29.4401],[-58.1929,-29.4034],[-58.2825,-29.2749],[-58.3706,-29.23],[-58.3905,-29.1892],[-58.4426,-29.1719],[-58.4921,-29.1055],[-58.536,-29.0947],[-58.5334,-29.0664],[-58.564,-29.0449],[-58.6427,-29.0633],[-58.6736,-29.1032],[-58.689,-29.0995],[-58.6873,-29.118],[-58.7178,-29.1353],[-58.7302,-29.1787],[-58.7942,-29.242],[-58.7922,-29.2692],[-58.8355,-29.3209],[-58.8612,-29.3288],[-58.8635,-29.3455],[-58.8446,-29.3469],[-58.8746,-29.3898],[-58.8687,-29.4123],[-58.886,-29.414],[-58.9102,-29.4496],[-58.9101,-29.4683],[-58.8597,-29.4789],[-58.8743,-29.5518],[-58.7736,-29.5682],[-58.7307,-29.5892],[-58.7189,-29.6417],[-58.6968,-29.6292],[-58.7165,-29.7276],[-58.683,-29.7725],[-58.753,-29.8578],[-58.6941,-29.8347],[-58.6371,-29.8463],[-58.591,-29.8333],[-58.5375,-29.8811],[-58.5309,-29.9299],[-58.5069,-29.964],[-58.4688,-29.9897],[-58.4451,-30.0974],[-58.4726,-30.1229],[-58.5086,-30.1173],[-58.5386,-30.1516],[-58.5784,-30.1603],[-58.564,-30.1786],[-58.4979,-30.207],[-58.4706,-30.2033],[-58.4518,-30.2248],[-58.3437,-30.2712],[-58.3002,-30.2478],[-58.2696,-30.2524],[-58.2079,-30.2881],[-58.1412,-30.4057],[-58.0903,-30.4238],[-58.0719,-30.4254],[-58.0773,-30.38],[-58.0482,-30.3508],[-58.0574,-30.3306],[-58.0375,-30.3066],[-58.0516,-30.291],[-58.0255,-30.2128],[-58.026,-30.1474],[-58.0478,-30.1397],[-58.0589,-30.1073],[-57.9927,-29.978],[-58.0472,-29.9502],[-58.0546,-29.8966],[-58.0766,-29.8931],[-58.0704,-29.8595],[-58.0339,-29.8524],[-57.9997,-29.8225],[-57.9162,-29.8371],[-57.8429,-29.936],[-57.7872,-29.9661],[-57.7443,-29.9682],[-57.6877,-30.025],[-57.6396,-29.9865],[-57.6656,-29.9845],[-57.6892,-29.96],[-57.6793,-29.9406],[-57.7009,-29.9378],[-57.6875,-29.8985],[-57.7041,-29.8566],[-57.6725,-29.8575],[-57.6841,-29.835],[-57.6466,-29.827],[-57.6782,-29.8191],[-57.691,-29.7705],[-57.6109,-29.7525]]]}},{"type":"Feature","properties":{"name":"Ituzaingó","province":"Corrientes"},"geometry":{"type":"MultiPolygon","coordinates":[[[[-55.8208,-27.9504],[-55.8144,-27.9195],[-55.8366,-27.8886],[-55.8281,-27.8542],[-55.8467,-27.8314],[-55.8259,-27.7918],[-55.9785,-27.5428],[-56.0269,-27.5074],[-56.0552,-27.45],[-56.0279,-27.3731],[-56.0393,-27.3459],[-56.0243,-27.3243],[-56.041,-27.3108],[-56.1519,-27.3287],[-56.2376,-27.4024],[-56.2842,-27.4085],[-56.2937,-27.4941],[-56.3384,-27.524],[-56.3562,-27.5859],[-56.3888,-27.606],[-56.4244,-27.6029],[-56.487,-27.5637],[-56.5567,-27.4568],[-56.5997,-27.4329],[-56.6496,-27.4608],[-56.7071,-27.4575],[-56.7217,-27.4806],[-56.6771,-27.5487],[-56.686,-27.5769],[-56.7374,-27.6037],[-56.7941,-27.5869],[-56.8533,-27.6052],[-56.9319,-27.5666],[-56.9523,-27.5356],[-56.9454,-27.5734],[-57.0968,-27.6651],[-57.1167,-27.7062],[-57.1792,-27.7541],[-57.1947,-27.8074],[-57.3546,-27.9346],[-57.4128,-28.0693],[-57.3983,-28.1483],[-57.4421,-28.2698],[-57.5104,-28.3403],[-57.6284,-28.399],[-57.6443,-28.4197],[-57.6398,-28.4648],[-57.6907,-28.5013],[-57.6123,-28.5957],[-57.3084,-28.5674],[-56.8809,-28.235],[-56.7795,-28.0807],[-56.6634,-27.9527],[-56.6224,-27.8493],[-56.4679,-27.9395],[-56.4256,-27.8805],[-56.3414,-27.9354],[-56.3143,-27.8951],[-56.3215,-27.8784],[-56.2849,-27.8862],[-56.2611,-27.8623],[-56.2663,-27.8284],[-56.2397,-27.819],[-56.2292,-27.7692],[-56.152,-27.7992],[-56.1317,-27.8339],[-56.046,-27.8462],[-55.9842,-27.9066],[-55.9461,-27.9149],[-55.915,-27.8984],[-55.8747,-27.9582],[-55.8884,-28.0221],[-55.8208,-27.9504]]],[[[-56.9148,-27.4235],[-57.0316,-27.4815],[-56.9701,-27.4927],[-56.9031,-27.5374],[-56.8879,-27.5549],[-56.8716,-27.5835],[-56.8404,-27.5962],[-56.7377,-27.5501],[-56.7294,-27.502],[-56.764,-27.5026],[-56.8718,-27.4304],[-56.9148,-27.4235]]],[[[-56.7342,-27.5914],[-56.7058,-27.5574],[-56.6997,-27.5365],[-56.7169,-27.5199],[-56.734,-27.5587],[-56.7614,-27.5775],[-56.7839,-27.5827],[-56.7342,-27.5914]]],[[[-56.9462,-27.5251],[-56.952,-27.5233],[-56.9324,-27.5351],[-56.9196,-27.5626],[-56.9009,-27.5694],[-56.876,-27.5836],[-56.8941,-27.5517],[-56.9107,-27.5391],[-56.9259,-27.5354],[-56.9462,-27.5251]]],[[[-56.7067,-27.5808],[-56.6861,-27.5609],[-56.6933,-27.5451],[-56.7067,-27.5808]]],[[[-56.3571,-27.5179],[-56.3674,-27.5204],[-56.3712,-27.5385],[-56.3647,-27.5336],[-56.3571,-27.5179]]],[[[-56.9447,-27.5358],[-56.9415,-27.5461],[-56.93,-27.5571],[-56.931,-27.5487],[-56.9447,-27.5358]]],[[[-56.912,-27.5329],[-56.9246,-27.5347],[-56.9079,-27.5386],[-56.912,-27.5329]]],[[[-56.9211,-27.5631],[-56.9128,-27.5709],[-56.8993,-27.5736],[-56.9022,-27.5703],[-56.9211,-27.5631]]],[[[-56.9478,-27.5223],[-56.9428,-27.5204],[-56.9548,-27.5149],[-56.9478,-27.5223]]],[[[-56.3293,-27.5012],[-56.3207,-27.4955],[-56.3443,-27.508],[-56.3293,-27.5012]]],[[[-56.7722,-27.5722],[-56.764,-27.5721],[-56.7587,-27.5714],[-56.7562,-27.5694],[-56.7722,-27.5722]]],[[[-56.7601,-27.5751],[-56.7672,-27.5734],[-56.7722,-27.5764],[-56.7601,-27.5751]]],[[[-56.7185,-27.5855],[-56.7227,-27.5857],[-56.733,-27.5927],[-56.7185,-27.5855]]],[[[-56.7312,-27.5276],[-56.7258,-27.5254],[-56.7261,-27.5197],[-56.7312,-27.5276]]],[[[-56.7591,-27.591],[-56.7648,-27.5923],[-56.7491,-27.594],[-56.7591,-27.591]]],[[[-56.9398,-27.5355],[-56.9468,-27.5327],[-56.9339,-27.5441],[-56.9398,-27.5355]]],[[[-56.7012,-27.5584],[-56.705,-27.5584],[-56.7037,-27.5636],[-56.7012,-27.5584]]],[[[-56.7319,-27.5366],[-56.7276,-27.5374],[-56.7294,-27.5334],[-56.7319,-27.5366]]],[[[-56.8743,-27.5825],[-56.872,-27.5865],[-56.8623,-27.5889],[-56.8743,-27.5825]]],[[[-56.8552,-27.5929],[-56.8662,-27.5919],[-56.8557,-27.5948],[-56.8552,-27.5929]]],[[[-56.7816,-27.573],[-56.7845,-27.5717],[-56.7895,-27.5757],[-56.7816,-27.573]]],[[[-56.7118,-27.5819],[-56.7061,-27.5777],[-56.7067,-27.5751],[-56.7118,-27.5819]]],[[[-56.9059,-27.5405],[-56.9035,-27.5378],[-56.9074,-27.5357],[-56.9059,-27.5405]]],[[[-56.7681,-27.5691],[-56.7616,-27.5683],[-56.7615,-27.5668],[-56.7681,-27.5691]]],[[[-56.9393,-27.5325],[-56.9456,-27.532],[-56.9379,-27.5344],[-56.9393,-27.5325]]],[[[-56.742,-27.5617],[-56.7361,-27.5601],[-56.7368,-27.5586],[-56.742,-27.5617]]],[[[-56.6898,-27.5698],[-56.6937,-27.5744],[-56.6903,-27.5722],[-56.6898,-27.5698]]],[[[-56.9313,-27.5275],[-56.9341,-27.5275],[-56.9275,-27.5287],[-56.9313,-27.5275]]]]}},{"type":"Feature","properties":{"name":"Sargento Cabral","province":"Chaco"},"geometry":{"type":"Polygon","coordinates":[[[-59.5546,-27.0147],[-59.4031,-27.0143],[-59.403,-27.0305],[-59.3527,-27.0302],[-59.3527,-26.984],[-59.3018,-26.984],[-59.3023,-27.0182],[-59.1701,-26.9024],[-59.1557,-26.8203],[-59.2018,-26.8206],[-59.2019,-26.8034],[-59.4528,-26.8043],[-59.4532,-26.7141],[-59.5038,-26.7142],[-59.5042,-26.6239],[-59.7035,-26.6237],[-59.7038,-26.5337],[-59.8539,-26.5325],[-59.8533,-26.7138],[-59.7035,-26.7136],[-59.7031,-26.8054],[-59.6052,-26.8048],[-59.6049,-26.9849],[-59.5544,-26.9852],[-59.5546,-27.0147]]]}},{"type":"Feature","properties":{"name":"Tumbaya","province":"Jujuy"},"geometry":{"type":"Polygon","coordinates":[[[-65.6899,-23.3758],[-65.7602,-23.4157],[-65.82,-23.3729],[-65.8334,-23.3835],[-65.867,-23.4543],[-65.8436,-23.4816],[-65.8581,-23.5482],[-65.9595,-23.6786],[-66.0019,-23.6819],[-66.0219,-23.8617],[-65.9909,-23.9817],[-65.942,-23.9675],[-65.9461,-24.0077],[-65.8674,-24.0033],[-65.7866,-24.0554],[-65.7526,-24.0573],[-65.705,-23.9839],[-65.6882,-23.8638],[-65.6476,-23.8299],[-65.5946,-23.8864],[-65.5966,-23.9959],[-65.5467,-24.0213],[-65.5076,-24.0128],[-65.4331,-24.0268],[-65.4435,-23.9904],[-65.4197,-23.9783],[-65.4193,-23.9432],[-65.3614,-23.9191],[-65.3451,-23.9272],[-65.3392,-23.8686],[-65.3532,-23.8567],[-65.3177,-23.8459],[-65.2895,-23.8624],[-65.2929,-23.8241],[-65.3752,-23.7843],[-65.3519,-23.712],[-65.3808,-23.7052],[-65.4056,-23.721],[-65.4881,-23.6843],[-65.5115,-23.6476],[-65.505,-23.5927],[-65.5599,-23.5201],[-65.5796,-23.4343],[-65.6349,-23.3831],[-65.6899,-23.3758]]]}},{"type":"Feature","properties":{"name":"Colón","province":"Córdoba"},"geometry":{"type":"Polygon","coordinates":[[[-64.4282,-31.3712],[-64.4198,-31.3552],[-64.3511,-31.3713],[-64.3101,-31.3631],[-64.3101,-31.3228],[-64.2983,-31.3287],[-64.2881,-31.3073],[-64.0574,-31.3085],[-64.0574,-31.4201],[-64.0023,-31.447],[-63.9566,-31.4426],[-63.9532,-31.3657],[-63.9667,-31.3757],[-63.9753,-31.3456],[-63.9648,-31.3207],[-63.9508,-31.3208],[-63.9509,-31.2736],[-63.9224,-31.2741],[-63.9225,-31.2459],[-63.8661,-31.2261],[-63.8644,-31.1119],[-63.831,-31.0934],[-63.8395,-31.0697],[-63.8232,-31.0734],[-63.8231,-31.0181],[-63.8957,-31.0187],[-63.888,-30.953],[-63.9912,-30.9182],[-63.9906,-30.9437],[-64.0386,-30.96],[-64.1793,-30.9763],[-64.2388,-30.9548],[-64.2821,-30.9579],[-64.3068,-30.9335],[-64.3442,-30.9382],[-64.3771,-30.909],[-64.4388,-30.9138],[-64.4296,-30.9726],[-64.4492,-31.0606],[-64.4147,-31.1756],[-64.4358,-31.3277],[-64.4282,-31.3712]]]}},{"type":"Feature","properties":{"name":"San Justo","province":"Córdoba"},"geometry":{"type":"Polygon","coordinates":[[[-62.3208,-30.344],[-62.3285,-30.5772],[-62.4286,-30.5545],[-62.4447,-30.5686],[-62.5143,-30.5641],[-62.554,-30.548],[-62.5565,-30.5258],[-62.6292,-30.5326],[-62.6514,-30.5117],[-62.7043,-30.5488],[-62.6798,-30.5672],[-62.6853,-30.5927],[-62.8846,-30.6353],[-62.8767,-30.662],[-62.9123,-30.6587],[-62.9144,-30.6398],[-62.9516,-30.6748],[-62.9373,-30.6835],[-62.9858,-30.6773],[-63.0429,-30.7081],[-62.9324,-30.7199],[-62.9058,-30.7858],[-62.8423,-30.805],[-62.8152,-30.8507],[-62.8341,-30.9325],[-62.9338,-30.9675],[-62.9552,-31.0798],[-63.0099,-31.0719],[-63.0403,-31.1315],[-63.1196,-31.1172],[-63.1312,-31.1634],[-63.1539,-31.1595],[-63.1776,-31.2834],[-63.2459,-31.2648],[-63.264,-31.3335],[-63.2614,-31.473],[-63.1769,-31.4612],[-63.2067,-31.5531],[-63.1813,-31.5435],[-63.1868,-31.5637],[-63.1638,-31.5637],[-63.1527,-31.623],[-63.1114,-31.6228],[-63.1117,-31.6653],[-63.0527,-31.6657],[-63.0355,-31.7234],[-63.0147,-31.7234],[-63.0097,-31.8],[-62.9829,-31.7989],[-62.9825,-31.8336],[-62.9686,-31.8361],[-62.9639,-31.8675],[-62.9496,-31.8674],[-62.9494,-31.9197],[-62.8999,-31.966],[-62.8818,-31.9661],[-62.881,-32.0128],[-62.8378,-32.0084],[-62.6356,-32.0472],[-62.6194,-31.9833],[-62.529,-31.9989],[-62.5208,-31.9672],[-62.3163,-32.0044],[-62.3246,-32.039],[-62.1819,-32.0637],[-62.167,-31.9866],[-62.188,-31.922],[-62.2224,-31.8837],[-62.2174,-31.7405],[-62.2404,-31.6994],[-62.1258,-31.6156],[-61.8415,-30.745],[-62.1306,-30.4799],[-62.1738,-30.3453],[-62.3208,-30.344]]]}},{"type":"Feature","properties":{"name":"Laishi","province":"Formosa"},"geometry":{"type":"Polygon","coordinates":[[[-58.3794,-26.8718],[-58.3253,-26.8697],[-58.3349,-26.8096],[-58.284,-26.7954],[-58.2933,-26.7578],[-58.248,-26.7546],[-58.2602,-26.6451],[-58.1913,-26.6463],[-58.2102,-26.6221],[-58.1941,-26.5978],[-58.1998,-26.5605],[-58.2249,-26.5361],[-58.2075,-26.4984],[-58.2336,-26.4735],[-58.1809,-26.4574],[-58.2185,-26.4178],[-58.2159,-26.3841],[-58.2674,-26.3442],[-58.5041,-26.3434],[-58.5054,-26.1736],[-58.569,-26.1735],[-58.5687,-26.1592],[-58.7567,-26.1573],[-58.7577,-26.1836],[-58.9745,-26.1858],[-58.9749,-26.3885],[-58.942,-26.4307],[-58.9098,-26.4626],[-58.8658,-26.4751],[-58.8456,-26.5192],[-58.7923,-26.5194],[-58.795,-26.5365],[-58.7723,-26.5369],[-58.7444,-26.6026],[-58.6894,-26.5942],[-58.6815,-26.6425],[-58.5722,-26.6875],[-58.5665,-26.7313],[-58.5454,-26.7516],[-58.5343,-26.7382],[-58.5158,-26.7662],[-58.4996,-26.7615],[-58.5073,-26.7731],[-58.4873,-26.7843],[-58.4856,-26.806],[-58.4675,-26.8003],[-58.4777,-26.8245],[-58.4451,-26.8184],[-58.4463,-26.8319],[-58.4278,-26.8248],[-58.4068,-26.8457],[-58.4007,-26.8312],[-58.3966,-26.8605],[-58.3797,-26.8564],[-58.3794,-26.8718]]]}},{"type":"Feature","properties":{"name":"Esteban Echeverría","province":"Buenos Aires"},"geometry":{"type":"Polygon","coordinates":[[[-58.5205,-34.7409],[-58.509,-34.9002],[-58.4915,-34.9283],[-58.4131,-34.8735],[-58.4478,-34.8259],[-58.4306,-34.8172],[-58.501,-34.7228],[-58.5205,-34.7409]]]}},{"type":"Feature","properties":{"name":"Libertad","province":"Chaco"},"geometry":{"type":"Polygon","coordinates":[[[-59.4051,-27.4697],[-59.4053,-27.4521],[-59.2177,-27.4504],[-59.173,-27.4127],[-59.1166,-27.463],[-58.9716,-27.3361],[-59.0292,-27.2854],[-59.0594,-27.2962],[-59.0811,-27.2368],[-59.1094,-27.2291],[-59.1007,-27.2208],[-59.1724,-27.1568],[-59.2696,-27.2497],[-59.2868,-27.2348],[-59.3291,-27.2742],[-59.3183,-27.284],[-59.4604,-27.4119],[-59.5819,-27.3005],[-59.5831,-27.4701],[-59.4051,-27.4697]]]}},{"type":"Feature","properties":{"name":"Tinogasta","province":"Catamarca"},"geometry":{"type":"Polygon","coordinates":[[[-66.8453,-28.033],[-67.2295,-28.0285],[-67.2629,-28.0522],[-67.3018,-28.039],[-67.3249,-28.054],[-67.3488,-28.0314],[-67.3261,-27.9118],[-67.3521,-27.9197],[-67.3613,-27.8274],[-67.292,-27.7325],[-67.3372,-27.6846],[-67.3586,-27.6843],[-67.3159,-27.5753],[-67.2375,-27.4655],[-67.2996,-27.4257],[-67.301,-27.3998],[-67.2828,-27.3966],[-67.3071,-27.374],[-67.256,-27.3475],[-67.2921,-27.3046],[-67.272,-27.2591],[-67.2798,-27.2321],[-67.265,-27.2283],[-67.2733,-27.1713],[-67.2628,-27.1646],[-67.2933,-27.0812],[-67.2491,-26.9428],[-67.2289,-26.9192],[-67.2038,-26.9194],[-67.2009,-26.8842],[-67.1764,-26.8782],[-67.1473,-26.8362],[-67.2251,-26.7372],[-67.281,-26.7001],[-67.4653,-26.7801],[-67.4902,-26.8157],[-67.4877,-26.8599],[-67.5425,-26.9263],[-67.5338,-26.8779],[-67.547,-26.8313],[-67.5971,-26.814],[-67.6162,-26.7829],[-67.6731,-26.8001],[-67.7228,-26.7715],[-67.7727,-26.8056],[-67.8204,-26.7567],[-67.8583,-26.766],[-67.8531,-26.7929],[-67.8706,-26.8014],[-68.0454,-26.7543],[-68.1293,-26.7777],[-68.1447,-26.8164],[-68.1748,-26.8193],[-68.196,-26.844],[-68.2192,-26.807],[-68.2586,-26.7921],[-68.3179,-26.8219],[-68.3483,-26.8139],[-68.2625,-26.9184],[-68.2894,-26.9241],[-68.2938,-26.9592],[-68.3188,-26.9816],[-68.2951,-27.0392],[-68.3466,-27.0335],[-68.4038,-27.0681],[-68.4288,-27.0643],[-68.4508,-27.0955],[-68.4758,-27.084],[-68.4839,-27.0583],[-68.4816,-27.1286],[-68.4943,-27.1367],[-68.5402,-27.1099],[-68.557,-27.1151],[-68.575,-27.1776],[-68.6003,-27.1592],[-68.6155,-27.1718],[-68.6313,-27.1633],[-68.6705,-27.099],[-68.788,-27.105],[-68.8068,-27.1527],[-68.8437,-27.1611],[-68.8709,-27.2467],[-68.8084,-27.3008],[-68.8699,-27.3179],[-68.8928,-27.3578],[-68.887,-27.3987],[-68.9303,-27.4095],[-68.9345,-27.4448],[-68.9803,-27.4319],[-68.9881,-27.4531],[-68.9486,-27.4882],[-68.9425,-27.5259],[-68.9876,-27.5238],[-68.9753,-27.5607],[-69.0388,-27.5951],[-69.0533,-27.6202],[-69.059,-27.6643],[-69.044,-27.6993],[-69.0893,-27.7217],[-69.0953,-27.7948],[-68.799,-27.7557],[-68.7238,-27.7897],[-68.7295,-27.8058],[-68.716,-27.8152],[-68.6242,-27.7917],[-68.5823,-27.8198],[-68.5434,-27.7098],[-68.5391,-27.7854],[-68.5145,-27.8386],[-68.4583,-27.852],[-68.4403,-27.8737],[-68.4567,-28.0156],[-68.44,-28.0254],[-68.3966,-28.0042],[-68.3517,-28.0172],[-68.3358,-28.0376],[-68.2862,-28.0265],[-68.2954,-28.0686],[-68.2747,-28.0951],[-68.2462,-28.0711],[-68.1831,-28.086],[-68.1644,-28.1108],[-68.1412,-28.1018],[-68.1073,-28.1735],[-68.0538,-28.1398],[-68.0246,-28.1393],[-68.0224,-28.1247],[-67.9149,-28.1141],[-67.9302,-28.1722],[-67.899,-28.2121],[-67.8942,-28.2591],[-67.8414,-28.3133],[-67.8448,-28.3752],[-67.8156,-28.376],[-67.8028,-28.3479],[-67.7564,-28.3537],[-67.7612,-28.3299],[-67.6957,-28.3118],[-67.3753,-28.3845],[-67.1554,-28.3844],[-67.0747,-28.2702],[-67.0302,-28.2617],[-66.8453,-28.033]]]}},{"type":"Feature","properties":{"name":"Juárez Celman","province":"Córdoba"},"geometry":{"type":"Polygon","coordinates":[[[-63.191,-33.1006],[-63.3003,-33.0814],[-63.3166,-33.1433],[-63.3395,-33.1454],[-63.4813,-33.1189],[-63.4587,-33.0332],[-63.393,-33.0458],[-63.3454,-32.8613],[-63.4048,-32.8501],[-63.4208,-32.9098],[-63.5245,-32.8721],[-63.5131,-32.8293],[-63.7215,-32.7907],[-63.6999,-32.7098],[-63.9074,-32.7004],[-63.9774,-32.7377],[-64.0238,-32.9083],[-64.0348,-32.9088],[-64.048,-33.0019],[-64.0638,-33.0005],[-64.0752,-33.0463],[-63.9766,-33.0543],[-63.9921,-33.1113],[-64.0488,-33.1097],[-64.0479,-33.1926],[-64.0228,-33.1796],[-63.9958,-33.1963],[-63.9443,-33.1915],[-63.9269,-33.207],[-63.8902,-33.1995],[-63.8854,-33.6433],[-64.0391,-33.6478],[-64.036,-33.8328],[-63.2285,-33.8306],[-63.0817,-33.2728],[-63.2184,-33.247],[-63.191,-33.1006]]]}},{"type":"Feature","properties":{"name":"Colón","province":"Buenos Aires"},"geometry":{"type":"Polygon","coordinates":[[[-60.9108,-33.5807],[-60.9307,-33.652],[-61.3323,-34.0251],[-61.2101,-34.1256],[-61.062,-34.039],[-60.9069,-33.8875],[-60.9441,-33.8568],[-60.862,-33.7806],[-60.9018,-33.7487],[-60.8113,-33.6743],[-60.9108,-33.5807]]]}},{"type":"Feature","properties":{"name":"Capital","province":"La Rioja"},"geometry":{"type":"Polygon","coordinates":[[[-66.7347,-28.8523],[-66.7754,-29.049],[-66.7997,-29.0714],[-66.8322,-29.1516],[-66.8838,-29.2007],[-66.8981,-29.2544],[-66.9294,-29.2865],[-66.946,-29.3573],[-67.034,-29.4292],[-67.0715,-29.4288],[-67.09,-29.4055],[-67.1011,-29.4428],[-67.0332,-29.5324],[-67.0603,-29.6428],[-67.0286,-29.7575],[-66.9763,-29.819],[-66.6092,-29.8491],[-66.6322,-30.1102],[-66.5256,-30.1472],[-66.4822,-30.1864],[-66.4303,-30.0243],[-65.7008,-29.8271],[-65.5449,-29.8277],[-65.7195,-29.41],[-65.7173,-29.3286],[-65.7482,-29.2697],[-65.8144,-29.2698],[-65.8147,-29.1809],[-65.926,-29.0822],[-66.0995,-28.9441],[-66.3938,-28.8677],[-66.4114,-28.8142],[-66.3893,-28.802],[-66.353,-28.7329],[-66.7347,-28.8523]]]}},{"type":"Feature","properties":{"name":"Concepción","province":"Corrientes"},"geometry":{"type":"Polygon","coordinates":[[[-57.6443,-28.4197],[-57.6588,-28.4105],[-57.6293,-28.3691],[-57.6806,-28.3196],[-57.6047,-28.253],[-57.6716,-28.1633],[-57.6276,-28.1362],[-57.7115,-28.0367],[-57.778,-27.9716],[-58.001,-28.0258],[-58.1333,-28.1208],[-58.307,-28.2056],[-58.4308,-28.3018],[-58.3118,-28.4511],[-58.4998,-28.5902],[-58.5072,-28.6102],[-58.4904,-28.6468],[-58.5401,-28.7012],[-58.546,-28.7356],[-58.5016,-28.7842],[-58.4604,-28.7747],[-58.4229,-28.7406],[-58.3069,-28.8325],[-58.3056,-28.7956],[-58.2816,-28.7693],[-58.1837,-28.7471],[-58.111,-28.7004],[-58.1063,-28.713],[-58.0141,-28.7138],[-57.7796,-28.6596],[-57.6123,-28.5957],[-57.6907,-28.5013],[-57.6398,-28.4648],[-57.6443,-28.4197]]]}},{"type":"Feature","properties":{"name":"Lavalle","province":"Mendoza"},"geometry":{"type":"Polygon","coordinates":[[[-67.9575,-32.9935],[-67.1846,-33.1199],[-67.1745,-33.0782],[-67.1981,-33.0451],[-67.1834,-33.0392],[-67.1794,-33.0042],[-67.2014,-32.9733],[-67.2124,-32.9118],[-67.2311,-32.8979],[-67.232,-32.8651],[-67.1774,-32.8205],[-67.1857,-32.7706],[-67.1669,-32.7589],[-67.1877,-32.6983],[-67.2243,-32.6828],[-67.2366,-32.6361],[-67.2566,-32.6256],[-67.244,-32.6044],[-67.268,-32.571],[-67.2621,-32.5536],[-67.2969,-32.5362],[-67.2838,-32.5121],[-67.3014,-32.4707],[-67.2897,-32.4421],[-67.3101,-32.4247],[-67.3313,-32.3509],[-67.4707,-32.3079],[-67.5212,-32.2215],[-67.5945,-32.2464],[-67.6047,-32.2329],[-67.6367,-32.2412],[-67.6684,-32.2268],[-67.7097,-32.2461],[-67.7356,-32.2238],[-67.774,-32.2356],[-67.7965,-32.2204],[-67.8459,-32.2235],[-67.87,-32.1897],[-67.917,-32.1742],[-67.9366,-32.138],[-67.9281,-32.1217],[-67.964,-32.1176],[-67.9569,-32.0931],[-68.0044,-32.0804],[-68.05,-32.0878],[-68.054,-32.0722],[-68.0727,-32.0985],[-68.079,-32.0854],[-68.1511,-32.119],[-68.2069,-32.1211],[-68.2479,-32.0915],[-68.3041,-32.1377],[-68.463,-32.1378],[-68.4629,-32.2377],[-68.5136,-32.2626],[-68.5022,-32.3374],[-68.5216,-32.3707],[-68.5752,-32.3825],[-68.6328,-32.4742],[-68.6722,-32.5976],[-68.6598,-32.6748],[-68.6945,-32.7461],[-68.6693,-32.7398],[-68.6952,-32.7982],[-68.6879,-32.8293],[-68.6368,-32.8319],[-68.6502,-32.8566],[-68.6034,-32.8371],[-68.4552,-32.8675],[-68.4658,-32.84],[-68.4436,-32.8006],[-68.3653,-32.7656],[-68.3282,-32.7208],[-67.9579,-32.7256],[-67.9575,-32.9935]]]}},{"type":"Feature","properties":{"name":"Paso de los Indios","province":"Chubut"},"geometry":{"type":"Polygon","coordinates":[[[-69.9187,-44.678],[-67.7481,-44.6849],[-67.7676,-43.3388],[-69.5585,-43.332],[-69.5091,-44.1449],[-69.9187,-44.678]]]}},{"type":"Feature","properties":{"name":"Hurlingham","province":"Ciudad Autónoma de Buenos Aires"},"geometry":{"type":"Polygon","coordinates":[[[-58.6938,-34.5936],[-58.6536,-34.6317],[-58.6195,-34.6317],[-58.6165,-34.588],[-58.6463,-34.563],[-58.6938,-34.5936]]]}},{"type":"Feature","properties":{"name":"Río Senguer","province":"Chubut"},"geometry":{"type":"Polygon","coordinates":[[[-71.2326,-44.6538],[-71.1958,-44.6849],[-71.2143,-44.7142],[-71.2056,-44.7495],[-71.2537,-44.7852],[-71.2506,-44.7993],[-71.2918,-44.8139],[-71.3945,-44.79],[-71.4742,-44.7371],[-71.5816,-44.7523],[-71.5954,-44.7794],[-71.663,-44.787],[-71.687,-44.765],[-71.7359,-44.7688],[-71.7851,-44.7521],[-71.8246,-44.7749],[-71.8155,-44.7931],[-71.8521,-44.8008],[-71.9146,-44.7766],[-71.9275,-44.804],[-71.9568,-44.786],[-72.0006,-44.7864],[-72.0182,-44.7567],[-72.0639,-44.7566],[-72.0738,-44.7806],[-72.0271,-44.8055],[-72.0656,-44.85],[-72.0364,-44.8623],[-72.0658,-44.8767],[-72.0337,-44.9048],[-71.9792,-44.9036],[-71.9774,-44.9194],[-71.8835,-44.946],[-71.8799,-44.9594],[-71.8172,-44.9198],[-71.7782,-44.9403],[-71.7538,-44.9265],[-71.7421,-44.9584],[-71.5593,-44.9777],[-71.541,-45.0002],[-71.558,-45.0315],[-71.5054,-45.0722],[-71.5265,-45.1031],[-71.4914,-45.1078],[-71.4875,-45.1441],[-71.4181,-45.1574],[-71.4252,-45.1717],[-71.333,-45.2414],[-71.3504,-45.2679],[-71.3201,-45.2921],[-71.3359,-45.322],[-71.4463,-45.3677],[-71.4383,-45.3958],[-71.5295,-45.3927],[-71.5206,-45.4254],[-71.5339,-45.433],[-71.4689,-45.4936],[-71.5596,-45.5236],[-71.6821,-45.5151],[-71.6826,-45.5278],[-71.7635,-45.5603],[-71.7629,-45.5766],[-71.7266,-45.5775],[-71.7482,-45.6103],[-71.7796,-45.6218],[-71.772,-45.641],[-71.7955,-45.6649],[-71.773,-45.6812],[-71.8011,-45.7209],[-71.7712,-45.7437],[-71.7433,-45.8026],[-71.769,-45.8444],[-71.7159,-45.8544],[-71.6525,-45.8904],[-71.6125,-45.9632],[-71.6181,-45.98],[-71.6453,-45.9851],[-71.6446,-45.9998],[-69.6481,-45.9998],[-69.6268,-44.6814],[-71.2326,-44.6538]]]}},{"type":"Feature","properties":{"name":"Gualeguay","province":"Buenos Aires"},"geometry":{"type":"Polygon","coordinates":[[[-60.2943,-33.1918],[-60.2845,-33.2099],[-60.2978,-33.2423],[-60.2007,-33.2922],[-60.1696,-33.349],[-60.1111,-33.373],[-60.0353,-33.4525],[-59.933,-33.4749],[-59.8993,-33.5071],[-59.8232,-33.53],[-59.8077,-33.5885],[-59.7886,-33.6046],[-59.7189,-33.6229],[-59.6644,-33.6175],[-59.6081,-33.695],[-59.5313,-33.6354],[-59.5042,-33.6336],[-59.4757,-33.6584],[-59.449,-33.7245],[-59.3927,-33.7367],[-59.2543,-33.7223],[-59.2354,-33.74],[-59.2489,-33.8034],[-59.1681,-33.8094],[-59.178,-33.7439],[-59.2307,-33.7094],[-59.2536,-33.6397],[-59.302,-33.5918],[-59.3161,-33.5432],[-59.3605,-33.5426],[-59.4275,-33.4604],[-59.5222,-33.4323],[-59.5394,-33.3765],[-59.6171,-33.3571],[-59.6301,-33.3429],[-59.6066,-33.3256],[-59.6438,-33.3022],[-59.5488,-33.199],[-59.5224,-33.1994],[-59.4973,-33.2271],[-59.4222,-33.2285],[-59.4158,-33.2139],[-59.3947,-33.233],[-59.3353,-33.2292],[-59.3497,-33.2015],[-59.3143,-33.2094],[-59.3366,-33.1838],[-59.2989,-33.1884],[-59.3083,-33.1786],[-59.2505,-33.1171],[-59.2675,-33.1178],[-59.2524,-33.1053],[-59.2768,-33.0914],[-59.2655,-33.06],[-59.2334,-33.0349],[-59.2165,-32.9849],[-59.1997,-32.9859],[-59.1869,-32.9351],[-59.1401,-32.9119],[-59.1612,-32.8737],[-59.1255,-32.8482],[-59.141,-32.8259],[-59.1121,-32.8056],[-59.1305,-32.7774],[-59.1109,-32.7587],[-59.1345,-32.7497],[-59.1294,-32.7193],[-59.4147,-32.6398],[-59.4047,-32.5997],[-59.4613,-32.5535],[-59.6007,-32.552],[-59.6071,-32.632],[-59.7052,-32.6097],[-59.7527,-32.5818],[-59.7826,-32.5901],[-59.7981,-32.642],[-59.7758,-32.6626],[-59.789,-32.7107],[-59.7791,-32.7296],[-59.794,-32.7363],[-59.8101,-32.7975],[-59.8452,-32.8245],[-59.8434,-32.8404],[-59.8574,-32.8388],[-59.871,-32.8881],[-59.8416,-32.9119],[-59.8387,-32.9348],[-59.9038,-32.9312],[-59.9549,-32.8984],[-60.0222,-32.9505],[-60.0113,-32.9756],[-59.977,-32.9668],[-59.9827,-32.9952],[-60.0442,-32.9958],[-60.0176,-33.0167],[-59.9755,-33.0103],[-59.9638,-33.0296],[-59.9576,-33.0062],[-59.9356,-33.0406],[-59.923,-33.0277],[-59.893,-33.0372],[-59.8482,-33.1009],[-59.8388,-33.0761],[-59.8151,-33.0785],[-59.8047,-33.1257],[-59.7773,-33.1229],[-59.7661,-33.1371],[-59.8183,-33.2005],[-59.7922,-33.2395],[-59.8564,-33.2721],[-59.8823,-33.2631],[-59.9061,-33.2207],[-59.9097,-33.2775],[-59.9398,-33.2755],[-59.9492,-33.2358],[-60.0133,-33.2839],[-60.0357,-33.2289],[-60.0572,-33.2348],[-60.0366,-33.246],[-60.0691,-33.2572],[-60.1166,-33.2197],[-60.1514,-33.2315],[-60.1496,-33.2527],[-60.1791,-33.2475],[-60.1941,-33.2219],[-60.2206,-33.2539],[-60.2343,-33.212],[-60.2943,-33.1918]]]}},{"type":"Feature","properties":{"name":"San Pedro","province":"Jujuy"},"geometry":{"type":"Polygon","coordinates":[[[-64.954,-24.4497],[-64.8375,-24.4692],[-64.7264,-24.5297],[-64.6652,-24.6078],[-64.6489,-24.6134],[-64.5619,-24.5763],[-64.5227,-24.4602],[-64.5473,-24.4214],[-64.5242,-24.334],[-64.4959,-24.3015],[-64.5305,-24.3254],[-64.614,-24.3342],[-64.6917,-24.3352],[-64.7381,-24.3173],[-64.6928,-24.2094],[-64.6929,-24.1655],[-64.7217,-24.097],[-64.706,-24.0627],[-64.7351,-24.0617],[-64.7836,-24.0945],[-64.8441,-24.0789],[-64.8526,-24.0502],[-64.9194,-24.0107],[-65.0539,-24.0144],[-65.049,-24.1804],[-65.0743,-24.1708],[-65.0752,-24.1993],[-65.0539,-24.2526],[-65.0605,-24.3013],[-65.0348,-24.3188],[-65.0207,-24.365],[-64.8998,-24.3833],[-64.954,-24.4497]]]}},{"type":"Feature","properties":{"name":"Caleu Caleu","province":"La Pampa"},"geometry":{"type":"Polygon","coordinates":[[[-63.3837,-38.2529],[-64.5282,-38.2464],[-64.5367,-38.8587],[-64.4764,-38.86],[-64.4133,-38.8836],[-64.3974,-38.8732],[-64.3792,-38.8916],[-64.3487,-38.8835],[-64.3254,-38.9065],[-64.2958,-38.8971],[-64.0646,-38.9918],[-64.0627,-39.0104],[-64.0145,-39.001],[-64.0136,-39.0181],[-63.9901,-39.0134],[-63.9982,-39.0353],[-63.9335,-39.0616],[-63.9328,-39.0935],[-63.9136,-39.0863],[-63.8955,-39.1077],[-63.8692,-39.1067],[-63.8713,-39.0953],[-63.8418,-39.1092],[-63.835,-39.1363],[-63.7882,-39.1092],[-63.7769,-39.1289],[-63.7571,-39.1292],[-63.7634,-39.154],[-63.7448,-39.1638],[-63.7424,-39.1889],[-63.6708,-39.2045],[-63.6751,-39.221],[-63.6346,-39.227],[-63.6317,-39.2478],[-63.6172,-39.2359],[-63.6144,-39.2518],[-63.5577,-39.2619],[-63.5412,-39.2967],[-63.512,-39.3127],[-63.3835,-39.3285],[-63.3837,-38.2529]]]}},{"type":"Feature","properties":{"name":"Collón Curá","province":"Neuquén"},"geometry":{"type":"Polygon","coordinates":[[[-70.8396,-39.8888],[-70.8476,-39.9163],[-70.8299,-39.9492],[-70.8477,-39.9545],[-70.8454,-39.9874],[-70.827,-40.005],[-70.8393,-40.026],[-70.6388,-40.2378],[-70.6726,-40.2751],[-70.6574,-40.3069],[-70.6932,-40.3578],[-70.6644,-40.3756],[-70.6765,-40.3983],[-70.651,-40.4544],[-70.6079,-40.4956],[-70.4651,-40.5122],[-70.4249,-40.5363],[-70.1788,-40.4898],[-70.1749,-40.4276],[-70.103,-40.4057],[-70.0627,-40.3746],[-70.0496,-40.3178],[-70.0588,-40.249],[-69.9908,-40.18],[-69.9503,-40.179],[-69.9707,-40.121],[-69.9948,-40.1031],[-70.0054,-40.0474],[-69.9706,-39.978],[-69.9314,-39.9437],[-69.6966,-39.8465],[-69.6291,-39.8426],[-69.5838,-39.8139],[-69.5282,-39.8143],[-69.8369,-39.568],[-70.1743,-39.8179],[-70.3477,-39.6782],[-70.644,-39.8951],[-70.6888,-39.8587],[-70.7314,-39.8896],[-70.8139,-39.8249],[-70.8223,-39.8523],[-70.8101,-39.8742],[-70.8396,-39.8888]]]}},{"type":"Feature","properties":{"name":"Maipú","province":"Chaco"},"geometry":{"type":"Polygon","coordinates":[[[-60.1019,-26.3047],[-60.0999,-26.1242],[-60.8006,-26.1167],[-60.8059,-26.4209],[-60.2058,-26.6345],[-60.202,-26.3039],[-60.1019,-26.3047]]]}},{"type":"Feature","properties":{"name":"Pelegrini","province":"Santiago del Estero"},"geometry":{"type":"Polygon","coordinates":[[[-63.7737,-26.2646],[-63.7626,-26.1943],[-63.7051,-26.1099],[-63.6902,-26.0341],[-63.7316,-26.0096],[-63.7276,-25.9684],[-63.7453,-25.9667],[-63.7349,-25.9556],[-63.7647,-25.9152],[-63.7916,-25.9299],[-63.7856,-25.8802],[-63.8428,-25.8272],[-63.8387,-25.7897],[-63.8777,-25.7737],[-63.9074,-25.6845],[-64.0077,-25.6734],[-64.0254,-25.7535],[-64.1957,-25.7278],[-64.1975,-25.7093],[-64.2681,-25.7],[-64.4036,-26.0312],[-64.4122,-26.1135],[-64.5023,-26.239],[-64.482,-26.3068],[-64.5304,-26.3728],[-64.5208,-26.5471],[-64.2821,-26.5686],[-64.282,-26.6059],[-64.2638,-26.6061],[-64.2636,-26.6345],[-64.1561,-26.6522],[-64.1624,-26.6971],[-63.8773,-26.7212],[-63.869,-26.645],[-63.8018,-26.6413],[-63.7682,-26.4783],[-63.6923,-26.4787],[-63.7207,-26.3763],[-63.7616,-26.3184],[-63.7737,-26.2646]]]}},{"type":"Feature","properties":{"name":"Mburucuyá","province":"Corrientes"},"geometry":{"type":"Polygon","coordinates":[[[-57.9195,-28.0093],[-57.9382,-27.9411],[-57.9897,-27.9641],[-57.9944,-27.9452],[-58.0239,-27.9535],[-58.0354,-27.9034],[-58.0815,-27.9055],[-58.0898,-27.8715],[-58.0243,-27.826],[-58.0998,-27.8112],[-58.1685,-27.8296],[-58.1479,-27.8571],[-58.1636,-27.9015],[-58.1947,-27.9012],[-58.2677,-27.9458],[-58.3901,-27.991],[-58.4388,-27.9944],[-58.3346,-28.1184],[-58.3685,-28.1433],[-58.3163,-28.2134],[-58.1333,-28.1208],[-58.0154,-28.0318],[-57.9195,-28.0093]]]}},{"type":"Feature","properties":{"name":"Saladas","province":"Corrientes"},"geometry":{"type":"Polygon","coordinates":[[[-58.3163,-28.2134],[-58.3685,-28.1433],[-58.3346,-28.1184],[-58.4654,-27.9702],[-58.5928,-28.0016],[-58.6698,-28.046],[-58.697,-28.0815],[-58.7387,-28.0836],[-58.7558,-28.1123],[-58.7883,-28.127],[-58.8175,-28.1222],[-58.8355,-28.1669],[-59.0115,-28.2067],[-59.0159,-28.2546],[-59.0327,-28.2665],[-58.952,-28.3039],[-58.8593,-28.2803],[-58.8511,-28.2572],[-58.8133,-28.2409],[-58.7588,-28.3361],[-58.7537,-28.3839],[-58.707,-28.404],[-58.6972,-28.42],[-58.7134,-28.4413],[-58.6601,-28.5117],[-58.6002,-28.4573],[-58.5452,-28.3766],[-58.4905,-28.3389],[-58.4604,-28.3367],[-58.3163,-28.2134]]]}},{"type":"Feature","properties":{"name":"Carmen de Areco","province":"Buenos Aires"},"geometry":{"type":"Polygon","coordinates":[[[-59.7817,-34.2187],[-59.8747,-34.2641],[-59.8945,-34.2365],[-59.956,-34.2738],[-60.0648,-34.3826],[-60.0838,-34.3675],[-60.1429,-34.4188],[-60.0832,-34.4696],[-60.0973,-34.4829],[-60.0145,-34.5465],[-59.9748,-34.5104],[-59.9092,-34.5617],[-59.9336,-34.5812],[-59.8848,-34.619],[-59.7547,-34.5179],[-59.7687,-34.5073],[-59.7354,-34.4777],[-59.7663,-34.4528],[-59.6751,-34.4039],[-59.6926,-34.2867],[-59.7817,-34.2187]]]}},{"type":"Feature","properties":{"name":"General Lamadrid","province":"La Rioja"},"geometry":{"type":"Polygon","coordinates":[[[-68.9482,-28.9711],[-68.2453,-29.2243],[-67.8534,-29.0771],[-67.8352,-29.0146],[-68.0127,-28.9027],[-68.2188,-28.8691],[-69.4622,-28.1929],[-69.5236,-28.3297],[-69.5828,-28.3524],[-69.5969,-28.392],[-69.6246,-28.3782],[-69.6298,-28.3937],[-69.6057,-28.419],[-69.5552,-28.4058],[-69.5162,-28.4319],[-69.4697,-28.4155],[-69.4255,-28.4518],[-69.3759,-28.4485],[-69.316,-28.4117],[-69.2024,-28.5964],[-69.2166,-28.6065],[-69.2098,-28.6816],[-69.162,-28.7611],[-68.9082,-28.861],[-68.9612,-28.9394],[-68.9482,-28.9711]]]}},{"type":"Feature","properties":{"name":"General José de San Martín","province":"Salta"},"geometry":{"type":"Polygon","coordinates":[[[-63.1554,-21.9993],[-63.6653,-21.9993],[-63.6838,-22.0548],[-63.6886,-22.0115],[-63.7056,-22.014],[-63.7091,-21.9993],[-63.9315,-21.9994],[-63.9622,-22.0646],[-63.9581,-22.0858],[-63.9796,-22.081],[-63.986,-22.109],[-64.0,-22.1077],[-63.9927,-22.1331],[-64.0331,-22.1968],[-64.0335,-22.2428],[-64.0624,-22.2384],[-64.0951,-22.3088],[-64.1169,-22.3632],[-64.1155,-22.4056],[-64.1382,-22.407],[-64.1631,-22.4689],[-64.1996,-22.4912],[-64.2163,-22.5433],[-64.2417,-22.5577],[-64.2392,-22.623],[-64.2646,-22.6502],[-64.2423,-22.6661],[-64.2609,-22.6751],[-64.2711,-22.7083],[-64.264,-22.7412],[-64.2836,-22.7513],[-64.2653,-22.7667],[-64.2874,-22.7988],[-64.2867,-22.8349],[-64.3067,-22.8397],[-64.2975,-22.8614],[-64.3424,-22.9302],[-64.3272,-22.9534],[-64.3295,-23.0155],[-64.2816,-23.0289],[-64.2761,-23.0665],[-64.2476,-23.0688],[-64.2388,-23.0963],[-64.2116,-23.0888],[-64.2135,-23.1351],[-64.1907,-23.1291],[-64.2091,-23.1563],[-64.1828,-23.1527],[-64.2037,-23.1821],[-64.168,-23.2007],[-64.2141,-23.1821],[-64.2266,-23.2093],[-64.2119,-23.2269],[-64.1789,-23.2305],[-64.1872,-23.2687],[-64.1624,-23.2731],[-64.1409,-23.2483],[-64.1083,-23.2629],[-64.0934,-23.2545],[-64.073,-23.3059],[-64.0392,-23.3079],[-64.007,-23.3324],[-63.9563,-23.3148],[-63.9442,-23.328],[-63.91,-23.2997],[-63.8443,-23.3234],[-63.7257,-23.3226],[-63.6624,-23.3909],[-63.6175,-23.388],[-63.5895,-23.4306],[-63.4996,-23.4511],[-63.4125,-23.5096],[-63.3959,-23.5488],[-63.3619,-23.5632],[-63.3676,-23.5872],[-63.3233,-23.6049],[-63.3312,-23.6256],[-63.2895,-23.6516],[-63.2767,-23.6494],[-63.2854,-23.4544],[-63.2722,-23.4559],[-63.202,-22.9364],[-63.1216,-22.935],[-63.1554,-21.9993]]]}},{"type":"Feature","properties":{"name":"San Martín","province":"Mendoza"},"geometry":{"type":"Polygon","coordinates":[[[-67.9577,-32.8432],[-67.9579,-32.7256],[-68.3282,-32.7208],[-68.3653,-32.7656],[-68.4436,-32.8006],[-68.4609,-32.8231],[-68.4651,-32.9117],[-68.4935,-32.9559],[-68.5602,-33.01],[-68.5811,-33.0731],[-68.5078,-33.1068],[-68.4903,-33.0866],[-68.4478,-33.0976],[-68.2869,-33.1869],[-68.2831,-33.0545],[-68.1853,-32.9985],[-68.1246,-32.9983],[-68.1222,-32.8368],[-67.9577,-32.8432]]]}},{"type":"Feature","properties":{"name":"Graneros","province":"Tucumán"},"geometry":{"type":"Polygon","coordinates":[[[-65.0271,-27.5871],[-65.1151,-27.5682],[-65.1524,-27.5878],[-65.1687,-27.5656],[-65.2598,-27.564],[-65.3481,-27.5243],[-65.5169,-27.5433],[-65.5352,-27.6215],[-65.5113,-27.6141],[-65.5203,-27.6635],[-65.4994,-27.6672],[-65.5053,-27.6922],[-65.4942,-27.6943],[-65.5039,-27.7382],[-65.464,-27.7607],[-65.4728,-27.7883],[-65.4149,-27.7965],[-65.4373,-27.8875],[-65.3647,-27.8458],[-65.1708,-27.9465],[-65.1782,-27.916],[-65.1591,-27.8772],[-65.1071,-27.8932],[-65.039,-27.8792],[-65.0165,-27.7911],[-65.0281,-27.7527],[-64.986,-27.7416],[-65.0271,-27.5871]]]}},{"type":"Feature","properties":{"name":"9 de Julio","province":"Chaco"},"geometry":{"type":"Polygon","coordinates":[[[-61.7112,-26.7589],[-61.2668,-27.065],[-60.8215,-27.3682],[-60.8205,-27.3126],[-60.9064,-27.254],[-60.8451,-27.1821],[-60.8186,-27.2001],[-60.8176,-27.1445],[-61.2163,-26.8718],[-61.1911,-26.8423],[-61.3357,-26.8411],[-61.333,-26.6603],[-61.7112,-26.6545],[-61.7112,-26.7589]]]}},{"type":"Feature","properties":{"name":"Daireaux","province":"Buenos Aires"},"geometry":{"type":"Polygon","coordinates":[[[-61.6034,-36.9933],[-61.2546,-36.7345],[-61.3679,-36.6413],[-61.4973,-36.7439],[-61.6638,-36.6069],[-61.6168,-36.5699],[-61.6419,-36.5494],[-61.6852,-36.536],[-61.7242,-36.4942],[-61.7634,-36.5251],[-61.913,-36.3849],[-61.9551,-36.4044],[-62.1447,-36.2455],[-62.1783,-36.2719],[-62.2051,-36.2491],[-62.4737,-36.4567],[-62.4117,-36.5091],[-62.3845,-36.4885],[-62.2221,-36.6248],[-62.2488,-36.6457],[-62.2014,-36.6846],[-62.1747,-36.6638],[-61.9992,-36.8117],[-61.9827,-36.8046],[-62.0167,-36.8214],[-61.9966,-36.8533],[-62.0076,-36.8593],[-61.8596,-36.9926],[-61.7781,-36.9303],[-61.7598,-36.9462],[-61.7072,-36.9075],[-61.6034,-36.9933]]]}},{"type":"Feature","properties":{"name":"Pirane","province":"Formosa"},"geometry":{"type":"Polygon","coordinates":[[[-58.926,-26.1853],[-58.9259,-25.7786],[-58.6047,-25.7772],[-58.6051,-25.4707],[-59.0536,-25.174],[-59.6351,-25.6075],[-59.6366,-26.1199],[-59.5848,-26.1218],[-59.586,-26.1436],[-59.5672,-26.1489],[-59.5195,-26.1429],[-59.4945,-26.1626],[-59.465,-26.1506],[-59.4562,-26.1602],[-59.4542,-26.1476],[-59.4214,-26.1612],[-59.4089,-26.18],[-59.4294,-26.1978],[-59.4103,-26.2071],[-59.3979,-26.2586],[-59.3807,-26.2649],[-59.3961,-26.2738],[-59.384,-26.2951],[-59.4033,-26.2995],[-59.3575,-26.338],[-59.313,-26.3189],[-59.3111,-26.3394],[-59.2564,-26.3516],[-59.2575,-26.3414],[-59.1926,-26.3297],[-59.182,-26.3047],[-59.1461,-26.3],[-59.1372,-26.3076],[-59.1539,-26.3169],[-59.1156,-26.3256],[-59.1286,-26.3442],[-59.0981,-26.3432],[-59.0685,-26.3742],[-59.0429,-26.3653],[-58.9749,-26.3885],[-58.9745,-26.1858],[-58.926,-26.1853]]]}},{"type":"Feature","properties":{"name":"Bariloche","province":"Río Negro"},"geometry":{"type":"Polygon","coordinates":[[[-71.8611,-41.031],[-71.8179,-41.0623],[-71.8496,-41.0831],[-71.8394,-41.1504],[-71.8875,-41.1691],[-71.8344,-41.2718],[-71.897,-41.2551],[-71.876,-41.3074],[-71.9121,-41.3406],[-71.9112,-41.3567],[-71.8663,-41.3936],[-71.8632,-41.422],[-71.827,-41.4435],[-71.8434,-41.4517],[-71.828,-41.481],[-71.8521,-41.5148],[-71.8176,-41.5752],[-71.8468,-41.5653],[-71.8856,-41.606],[-71.857,-41.6453],[-71.8366,-41.6456],[-71.817,-41.6899],[-71.7944,-41.6947],[-71.8104,-41.7205],[-71.7842,-41.735],[-71.7539,-41.7875],[-71.774,-41.7936],[-71.7514,-41.8249],[-71.7975,-41.8426],[-71.7721,-41.9309],[-71.7938,-41.9616],[-71.7738,-41.9998],[-71.1749,-42.0],[-71.2401,-41.954],[-71.2258,-41.8558],[-71.3064,-41.8209],[-71.2255,-41.6654],[-71.2314,-41.3855],[-71.2243,-41.3361],[-71.1809,-41.3286],[-71.2144,-41.3158],[-71.2172,-41.2965],[-71.1681,-41.2394],[-71.1563,-41.1822],[-71.1152,-41.1487],[-71.1201,-41.1202],[-71.1433,-41.1086],[-71.146,-41.0847],[-71.3062,-41.1001],[-71.4564,-41.0417],[-71.5577,-41.0224],[-71.6076,-41.0349],[-71.7853,-41.0188],[-71.8611,-41.031]]]}},{"type":"Feature","properties":{"name":"Paso de los Libres","province":"Corrientes"},"geometry":{"type":"Polygon","coordinates":[[[-57.6596,-30.0093],[-57.6091,-30.0208],[-57.5749,-30.0092],[-57.5669,-30.0423],[-57.6013,-30.0597],[-57.5588,-30.0722],[-57.6134,-30.0889],[-57.6261,-30.1197],[-57.6144,-30.1635],[-57.6561,-30.1559],[-57.5999,-30.1792],[-57.5456,-30.1642],[-57.4742,-30.1198],[-57.4085,-30.032],[-57.3429,-30.0],[-57.326,-29.965],[-57.3278,-29.8833],[-57.2895,-29.8253],[-57.2299,-29.7792],[-57.1699,-29.7812],[-57.1195,-29.7637],[-57.0059,-29.6561],[-56.9682,-29.6391],[-56.9658,-29.5992],[-56.8999,-29.5334],[-56.8387,-29.4982],[-56.8692,-29.4701],[-56.8527,-29.4257],[-56.8638,-29.3938],[-56.8486,-29.3239],[-56.8667,-29.2016],[-56.9498,-29.201],[-57.1009,-29.2574],[-57.3863,-29.2342],[-57.4277,-29.2273],[-57.4767,-29.1826],[-57.5095,-29.1762],[-57.5276,-29.1891],[-57.5466,-29.2127],[-57.539,-29.2592],[-57.5806,-29.33],[-57.5289,-29.3734],[-57.5388,-29.3978],[-57.5216,-29.4036],[-57.5364,-29.4395],[-57.5032,-29.4492],[-57.5219,-29.4659],[-57.508,-29.5659],[-57.5421,-29.5944],[-57.558,-29.6734],[-57.599,-29.6745],[-57.5883,-29.6905],[-57.6065,-29.7051],[-57.601,-29.723],[-57.6204,-29.7431],[-57.6109,-29.7525],[-57.691,-29.7705],[-57.6782,-29.8191],[-57.6466,-29.827],[-57.6841,-29.835],[-57.6725,-29.8575],[-57.7041,-29.8566],[-57.6875,-29.8985],[-57.7009,-29.9378],[-57.6793,-29.9406],[-57.6892,-29.96],[-57.6656,-29.9845],[-57.6396,-29.9865],[-57.6596,-30.0093]]]}},{"type":"Feature","properties":{"name":"Libertador General San Martín","province":"Chaco"},"geometry":{"type":"Polygon","coordinates":[[[-60.1019,-26.3047],[-59.8523,-26.3061],[-59.8523,-26.3213],[-59.8041,-26.3212],[-59.8039,-26.5329],[-59.7038,-26.5337],[-59.7035,-26.6237],[-59.5042,-26.6239],[-59.5038,-26.7142],[-59.4532,-26.7141],[-59.4528,-26.8043],[-59.2019,-26.8034],[-59.2018,-26.8206],[-59.1557,-26.8203],[-59.1552,-26.8716],[-58.9537,-26.8706],[-58.9541,-26.788],[-58.9397,-26.7958],[-58.9162,-26.7784],[-58.899,-26.7939],[-58.6886,-26.6035],[-58.701,-26.5899],[-58.7444,-26.6026],[-58.7723,-26.5369],[-58.795,-26.5365],[-58.7923,-26.5194],[-58.8456,-26.5192],[-58.8658,-26.4751],[-58.9098,-26.4626],[-58.9857,-26.38],[-59.0241,-26.3812],[-59.0429,-26.3653],[-59.0685,-26.3742],[-59.0981,-26.3432],[-59.1286,-26.3442],[-59.1156,-26.3256],[-59.1539,-26.3169],[-59.1421,-26.3005],[-59.182,-26.3047],[-59.1926,-26.3297],[-59.2575,-26.3414],[-59.2564,-26.3516],[-59.3111,-26.3394],[-59.313,-26.3189],[-59.3575,-26.338],[-59.4033,-26.2995],[-59.384,-26.2951],[-59.3961,-26.2738],[-59.3813,-26.2617],[-59.3979,-26.2586],[-59.4103,-26.2071],[-59.4294,-26.1978],[-59.4089,-26.18],[-59.4383,-26.1491],[-59.4945,-26.1626],[-59.5195,-26.1429],[-59.5672,-26.1489],[-59.6059,-26.1146],[-59.6452,-26.1215],[-59.6262,-26.1343],[-59.6618,-26.1423],[-59.6493,-26.1195],[-59.6783,-26.115],[-59.6825,-26.0895],[-59.664,-26.0638],[-59.6786,-26.0541],[-59.6682,-26.0249],[-59.6853,-26.0087],[-59.6716,-26.0029],[-59.7251,-25.9998],[-59.7279,-25.9701],[-59.7408,-25.9755],[-59.7436,-25.9495],[-59.7545,-25.9556],[-59.7535,-25.9207],[-59.7883,-25.9097],[-59.7812,-25.8967],[-59.8268,-25.8899],[-59.8157,-25.8844],[-59.8272,-25.8696],[-59.8713,-25.8458],[-59.8592,-25.838],[-59.8772,-25.8451],[-59.8767,-25.8012],[-59.9255,-25.7908],[-59.9306,-25.766],[-59.9676,-25.7719],[-59.965,-25.7507],[-59.9762,-25.7595],[-59.9947,-25.7348],[-59.9805,-25.7219],[-60.0127,-25.7355],[-60.0189,-25.7137],[-60.0338,-25.7175],[-60.0239,-25.6958],[-60.099,-25.6689],[-60.1019,-26.3047]]]}},{"type":"Feature","properties":{"name":"Empedrado","province":"Corrientes"},"geometry":{"type":"Polygon","coordinates":[[[-58.3039,-27.9534],[-58.3283,-27.8529],[-58.3967,-27.8584],[-58.3859,-27.7849],[-58.4665,-27.7806],[-58.4675,-27.7565],[-58.5,-27.7586],[-58.4975,-27.7282],[-58.5471,-27.7211],[-58.5441,-27.7045],[-58.601,-27.7185],[-58.5964,-27.647],[-58.6506,-27.6028],[-58.7777,-27.6601],[-58.8042,-27.6549],[-58.8117,-27.6754],[-58.8244,-27.6694],[-58.8097,-27.7834],[-58.8432,-27.8763],[-58.8293,-27.9619],[-58.8577,-28.0116],[-58.8597,-28.0503],[-58.9451,-28.1338],[-59.0624,-28.1281],[-59.0877,-28.2017],[-59.0618,-28.193],[-59.0442,-28.2234],[-59.0303,-28.1908],[-59.0116,-28.1874],[-59.0203,-28.1732],[-58.9923,-28.1729],[-58.9841,-28.1943],[-58.8681,-28.1653],[-58.852,-28.1733],[-58.8355,-28.1669],[-58.8175,-28.1222],[-58.7883,-28.127],[-58.7558,-28.1123],[-58.7387,-28.0836],[-58.697,-28.0815],[-58.6698,-28.046],[-58.5804,-27.9956],[-58.4654,-27.9702],[-58.4388,-27.9944],[-58.4034,-27.9933],[-58.3039,-27.9534]]]}},{"type":"Feature","properties":{"name":"Hipólito Yrigoyen","province":"Buenos Aires"},"geometry":{"type":"Polygon","coordinates":[[[-61.4351,-36.039],[-61.4501,-36.0517],[-61.4913,-36.0193],[-61.5966,-36.1072],[-61.6162,-36.0917],[-61.742,-36.1623],[-61.772,-36.1385],[-61.9453,-36.269],[-61.9215,-36.2886],[-61.9453,-36.316],[-61.9744,-36.3336],[-62.0149,-36.3006],[-62.0479,-36.3263],[-61.9551,-36.4044],[-61.913,-36.3849],[-61.7634,-36.5251],[-61.4057,-36.2417],[-61.4397,-36.2143],[-61.2695,-36.0706],[-61.333,-36.0208],[-61.393,-36.072],[-61.4351,-36.039]]]}},{"type":"Feature","properties":{"name":"General Roca","province":"Río Negro"},"geometry":{"type":"Polygon","coordinates":[[[-67.0918,-38.3996],[-67.1186,-38.3568],[-67.1554,-38.3543],[-67.1528,-38.2926],[-67.1724,-38.2792],[-67.1705,-38.2609],[-67.1966,-38.2538],[-67.1876,-38.2145],[-67.2611,-38.2171],[-67.3442,-38.2518],[-67.5479,-38.2563],[-67.6565,-38.2018],[-67.687,-38.1358],[-67.7301,-38.1148],[-67.7299,-38.0788],[-67.7512,-38.0743],[-67.7487,-38.0581],[-67.7661,-38.0688],[-67.7843,-38.0534],[-67.81,-38.0719],[-67.8628,-38.0536],[-67.904,-37.9836],[-67.867,-37.9314],[-67.7805,-37.894],[-67.7275,-37.8456],[-67.7223,-37.7999],[-67.7419,-37.7849],[-67.7686,-37.6736],[-67.7934,-37.6463],[-67.8707,-37.6126],[-67.9173,-37.6184],[-67.9442,-37.6032],[-68.25,-37.5767],[-68.2513,-38.6808],[-68.1477,-38.7459],[-68.1204,-38.7477],[-68.1178,-38.7936],[-68.0815,-38.8477],[-68.0941,-38.8586],[-68.0716,-38.8714],[-68.0684,-38.9037],[-68.0395,-38.9417],[-68.007,-38.9595],[-68.0017,-38.9918],[-67.7946,-39.0422],[-67.6491,-39.1114],[-67.606,-39.1109],[-67.5286,-39.0757],[-67.4336,-39.0785],[-67.3286,-39.1056],[-67.2781,-39.0981],[-67.2544,-39.115],[-67.2095,-39.1037],[-67.1893,-39.1254],[-67.1621,-39.1247],[-67.1653,-39.1381],[-67.1311,-39.159],[-67.0224,-39.1805],[-66.9309,-39.1551],[-66.8616,-39.1595],[-66.84,-39.1369],[-66.7313,-39.1416],[-66.6796,-39.1067],[-66.6391,-39.104],[-66.6448,-38.5379],[-66.7114,-38.5325],[-66.7861,-38.4805],[-66.8897,-38.4636],[-66.897,-38.4437],[-66.9944,-38.4465],[-67.007,-38.4243],[-67.0918,-38.3996]]]}},{"type":"Feature","properties":{"name":"Conesa","province":"Río Negro"},"geometry":{"type":"Polygon","coordinates":[[[-63.3819,-39.8719],[-65.2455,-39.8507],[-65.2457,-39.8659],[-65.2137,-39.8709],[-65.2834,-39.9253],[-65.1932,-39.9798],[-65.194,-40.4365],[-64.083,-40.4422],[-63.9976,-40.5063],[-63.8453,-40.3903],[-63.848,-40.4058],[-63.8309,-40.4105],[-63.3803,-40.4086],[-63.3819,-39.8719]]]}},{"type":"Feature","properties":{"name":"General Arenales","province":"Buenos Aires"},"geometry":{"type":"Polygon","coordinates":[[[-61.1226,-34.0717],[-61.2101,-34.1256],[-61.3323,-34.0251],[-61.6488,-34.3195],[-61.6105,-34.3526],[-61.5489,-34.3032],[-61.5094,-34.3359],[-61.4732,-34.3066],[-61.3948,-34.3738],[-61.4163,-34.3927],[-61.3295,-34.4527],[-61.2614,-34.3997],[-61.2361,-34.4032],[-61.2281,-34.436],[-61.1983,-34.4248],[-61.1945,-34.3662],[-61.1211,-34.3193],[-61.1305,-34.3113],[-61.0981,-34.2841],[-61.0703,-34.3074],[-61.0415,-34.2833],[-61.0592,-34.2689],[-61.0134,-34.2306],[-60.9588,-34.2764],[-60.9171,-34.2415],[-61.1226,-34.0717]]]}},{"type":"Feature","properties":{"name":"Minas","province":"Neuquén"},"geometry":{"type":"Polygon","coordinates":[[[-70.4753,-36.1736],[-70.4913,-36.1789],[-70.5234,-36.1472],[-70.5695,-36.1327],[-70.5829,-36.1473],[-70.5709,-36.1756],[-70.6332,-36.2172],[-70.6321,-36.239],[-70.6665,-36.2434],[-70.7062,-36.2726],[-70.6855,-36.2838],[-70.6848,-36.3047],[-70.7124,-36.345],[-70.6793,-36.39],[-70.713,-36.4278],[-70.7394,-36.4298],[-70.7478,-36.4059],[-70.7909,-36.4287],[-70.8177,-36.3954],[-70.8492,-36.4187],[-70.8838,-36.3962],[-70.8939,-36.4713],[-70.928,-36.4744],[-70.9564,-36.5036],[-71.0384,-36.4774],[-71.0572,-36.6187],[-71.0274,-36.6632],[-71.012,-36.6639],[-71.0092,-36.6912],[-71.0649,-36.7147],[-71.0859,-36.6782],[-71.1133,-36.6794],[-71.1319,-36.8147],[-71.1531,-36.8279],[-71.1628,-36.8191],[-71.18,-36.8414],[-71.1631,-36.8614],[-71.1384,-36.8533],[-71.1191,-36.8692],[-71.1493,-36.9014],[-71.144,-36.9293],[-71.0956,-36.9253],[-71.088,-36.938],[-71.106,-36.9709],[-71.2224,-36.9782],[-71.1673,-36.997],[-71.1437,-37.0326],[-71.1418,-37.0695],[-71.12,-37.0741],[-71.1228,-37.0916],[-71.0924,-37.1142],[-71.1353,-37.1478],[-71.1142,-37.206],[-71.1704,-37.2254],[-71.1555,-37.2351],[-71.1635,-37.3081],[-71.0967,-37.3656],[-70.9797,-37.3654],[-70.8824,-37.3417],[-70.7957,-37.3499],[-70.7277,-37.3312],[-70.6212,-37.3583],[-70.6115,-37.3789],[-70.5638,-37.378],[-70.5568,-37.3652],[-70.5357,-37.3793],[-70.5118,-37.365],[-70.4753,-36.1736]]]}},{"type":"Feature","properties":{"name":"Pocito","province":"San Juan"},"geometry":{"type":"Polygon","coordinates":[[[-68.4541,-31.8177],[-68.4909,-31.79],[-68.5205,-31.6718],[-68.505,-31.6381],[-68.5322,-31.6299],[-68.5162,-31.5962],[-68.6076,-31.5691],[-68.6321,-31.6212],[-68.6949,-31.6212],[-68.7112,-31.6462],[-68.6637,-31.7394],[-68.6859,-31.9],[-68.5412,-31.8727],[-68.4432,-31.8754],[-68.4332,-31.888],[-68.4541,-31.8177]]]}},{"type":"Feature","properties":{"name":"La Plata","province":"Buenos Aires"},"geometry":{"type":"MultiPolygon","coordinates":[[[[-58.0838,-34.835],[-58.2886,-35.0169],[-58.2465,-35.0483],[-58.1619,-34.972],[-58.1203,-35.0043],[-58.1779,-35.0563],[-58.0185,-35.1675],[-58.0771,-35.2189],[-58.0537,-35.2356],[-57.7527,-34.9707],[-57.8961,-34.9304],[-57.9744,-34.8723],[-57.9908,-34.8798],[-58.0838,-34.835]]],[[[-58.2431,-34.1869],[-58.2583,-34.1817],[-58.2523,-34.1913],[-58.2431,-34.1869]]]]}},{"type":"Feature","properties":{"name":"Limay Mahuida","province":"La Pampa"},"geometry":{"type":"Polygon","coordinates":[[[-67.1117,-37.7002],[-65.9777,-37.6832],[-66.0054,-36.7814],[-67.1269,-36.7995],[-67.1117,-37.7002]]]}},{"type":"Feature","properties":{"name":"General Alvear","province":"Corrientes"},"geometry":{"type":"Polygon","coordinates":[[[-56.5426,-28.4321],[-56.5969,-28.493],[-56.5929,-28.5376],[-56.6586,-28.5584],[-56.6698,-28.5842],[-56.6582,-28.6052],[-56.6749,-28.6355],[-56.6407,-28.6664],[-56.7076,-28.7427],[-56.6869,-28.7529],[-56.7042,-28.8219],[-56.6828,-28.8406],[-56.6846,-28.8768],[-56.6623,-28.8958],[-56.6632,-28.9661],[-56.6399,-28.9685],[-56.6388,-29.0048],[-56.6094,-29.0064],[-56.6103,-29.0456],[-56.5807,-29.0675],[-56.6094,-29.099],[-56.5819,-29.1182],[-56.4195,-29.079],[-56.3988,-29.0258],[-56.4155,-29.0007],[-56.4099,-28.9776],[-56.3019,-28.9011],[-56.3063,-28.7928],[-56.2897,-28.7805],[-56.339,-28.7826],[-56.3813,-28.764],[-56.4127,-28.746],[-56.4155,-28.7009],[-56.4507,-28.6933],[-56.3655,-28.6198],[-56.3693,-28.5222],[-56.4094,-28.4628],[-56.4597,-28.4326],[-56.5426,-28.4321]]]}},{"type":"Feature","properties":{"name":"Zapala","province":"Neuquén"},"geometry":{"type":"Polygon","coordinates":[[[-69.8985,-39.3183],[-69.7133,-39.1788],[-69.6208,-39.253],[-69.286,-38.9999],[-69.5475,-38.7932],[-69.3173,-38.6143],[-69.3973,-38.559],[-69.4122,-38.5071],[-69.4645,-38.4858],[-69.4849,-38.5084],[-69.485,-38.4932],[-69.5364,-38.4923],[-69.5584,-38.4691],[-69.7489,-38.5244],[-69.7781,-38.6046],[-69.9023,-38.6407],[-69.9452,-38.6853],[-70.0006,-38.71],[-70.0605,-38.7758],[-70.1401,-38.7828],[-70.4866,-39.0387],[-70.3781,-39.1279],[-70.3173,-39.1312],[-70.2412,-39.1971],[-70.15,-39.1908],[-70.0764,-39.2066],[-70.0583,-39.2154],[-70.0515,-39.2454],[-69.9443,-39.2833],[-69.8985,-39.3183]]]}},{"type":"Feature","properties":{"name":"Azul","province":"Buenos Aires"},"geometry":{"type":"Polygon","coordinates":[[[-59.2296,-36.4209],[-59.4868,-36.2261],[-59.6341,-36.3589],[-59.7274,-36.2879],[-59.843,-36.372],[-59.973,-36.5035],[-59.9848,-36.4949],[-60.0258,-36.5298],[-59.9195,-36.6144],[-60.0578,-36.7325],[-60.1416,-36.6791],[-60.1612,-36.7184],[-60.002,-36.8338],[-60.0216,-36.8513],[-60.008,-36.8623],[-60.0283,-36.8785],[-60.0126,-36.8899],[-60.0326,-36.9066],[-60.0229,-36.9137],[-60.1049,-36.9783],[-60.0956,-36.9883],[-60.116,-37.0054],[-60.1018,-37.0161],[-60.1463,-37.0799],[-60.1263,-37.0951],[-60.2073,-37.1716],[-59.9876,-37.3395],[-60.0373,-37.3799],[-59.9533,-37.4471],[-59.8607,-37.3708],[-59.8805,-37.3554],[-59.827,-37.3115],[-59.8066,-37.2508],[-59.7001,-37.2159],[-59.5865,-37.132],[-59.5673,-37.0972],[-59.5216,-37.0823],[-59.4801,-37.0361],[-59.437,-37.021],[-59.4333,-36.9987],[-59.4006,-36.9709],[-59.3598,-36.8966],[-59.3522,-36.8253],[-59.2803,-36.7648],[-59.2561,-36.6463],[-59.2273,-36.6162],[-59.2225,-36.5735],[-59.1955,-36.5906],[-59.138,-36.5424],[-59.2027,-36.4933],[-59.1905,-36.4833],[-59.2501,-36.4373],[-59.2296,-36.4209]]]}},{"type":"Feature","properties":{"name":"Aluminé","province":"Neuquén"},"geometry":{"type":"Polygon","coordinates":[[[-70.6248,-39.0626],[-70.6103,-39.0377],[-70.6274,-39.0089],[-70.6028,-38.9916],[-70.6603,-38.9231],[-70.6502,-38.8496],[-70.7,-38.8086],[-70.698,-38.7887],[-70.7407,-38.7899],[-70.7673,-38.7729],[-70.7819,-38.7324],[-70.8178,-38.7434],[-70.8905,-38.7207],[-70.9285,-38.7639],[-71.0522,-38.7575],[-71.07,-38.7697],[-71.0938,-38.7549],[-71.1853,-38.8149],[-71.2378,-38.8025],[-71.2965,-38.8734],[-71.3358,-38.8762],[-71.4254,-38.9216],[-71.4388,-38.9422],[-71.4415,-38.981],[-71.396,-39.0456],[-71.4177,-39.0697],[-71.4074,-39.0958],[-71.4212,-39.1511],[-71.3811,-39.2113],[-71.3925,-39.2503],[-71.3739,-39.2799],[-71.3925,-39.2956],[-71.4004,-39.3506],[-71.457,-39.3706],[-71.4445,-39.4035],[-71.4642,-39.4195],[-71.4417,-39.4578],[-71.3903,-39.4558],[-71.3334,-39.4827],[-71.3033,-39.4686],[-71.2838,-39.4805],[-71.239,-39.4491],[-71.231,-39.466],[-71.2021,-39.4658],[-71.1578,-39.529],[-71.0652,-39.5142],[-70.9879,-39.5329],[-70.9579,-39.5226],[-70.9267,-39.5397],[-70.8332,-39.5221],[-70.8302,-39.481],[-70.7515,-39.4649],[-70.7545,-39.436],[-70.7791,-39.4172],[-70.7652,-39.3957],[-70.814,-39.374],[-70.7858,-39.3604],[-70.7598,-39.2865],[-70.7271,-39.275],[-70.7485,-39.2393],[-70.7274,-39.1387],[-70.742,-39.0497],[-70.7068,-39.0136],[-70.682,-39.0491],[-70.6248,-39.0626]]]}},{"type":"Feature","properties":{"name":"San Jerónimo","province":"Santa Fe"},"geometry":{"type":"Polygon","coordinates":[[[-60.7227,-31.9723],[-60.7476,-31.9085],[-60.7313,-31.8657],[-60.8194,-31.8821],[-60.8372,-31.8674],[-60.8291,-31.7867],[-60.853,-31.8211],[-60.9782,-31.8003],[-60.9931,-31.8643],[-61.1702,-31.8313],[-61.1834,-31.8824],[-61.1959,-31.8518],[-61.3008,-31.8319],[-61.3547,-31.8298],[-61.39,-31.8467],[-61.3928,-31.858],[-61.3478,-31.8666],[-61.3781,-31.9891],[-61.3554,-32.0827],[-61.3919,-32.2102],[-61.448,-32.2],[-61.4952,-32.3832],[-61.1928,-32.4388],[-60.8967,-32.4674],[-60.8676,-32.4516],[-60.8211,-32.4584],[-60.8017,-32.4421],[-60.795,-32.4975],[-60.7691,-32.4968],[-60.7238,-32.4561],[-60.719,-32.334],[-60.679,-32.3195],[-60.6726,-32.2326],[-60.7004,-32.1498],[-60.656,-32.0671],[-60.6637,-32.0384],[-60.7227,-31.9723]]]}},{"type":"Feature","properties":{"name":"Lago Buenos Aires","province":"Santa Cruz"},"geometry":{"type":"Polygon","coordinates":[[[-71.6446,-45.9998],[-71.7149,-46.0902],[-71.7474,-46.092],[-71.785,-46.122],[-71.8248,-46.1106],[-71.9147,-46.1399],[-71.8983,-46.1622],[-71.8651,-46.1569],[-71.8747,-46.1613],[-71.8594,-46.1947],[-71.7776,-46.1988],[-71.7269,-46.2719],[-71.7283,-46.3085],[-71.7565,-46.3456],[-71.6693,-46.5278],[-71.6434,-46.6818],[-71.8329,-46.7978],[-71.9554,-46.8144],[-71.9325,-46.8402],[-71.9313,-46.8682],[-71.9711,-46.9052],[-71.958,-46.9742],[-71.88,-47.0101],[-71.904,-47.051],[-71.9541,-47.0761],[-71.8803,-47.1075],[-71.8505,-47.1642],[-71.8902,-47.182],[-71.8799,-47.2055],[-71.8947,-47.211],[-71.8647,-47.2306],[-71.8921,-47.2272],[-71.5715,-47.3639],[-70.7689,-47.3199],[-69.783,-48.307],[-69.7344,-48.3221],[-69.6562,-45.9998],[-71.6446,-45.9998]]]}},{"type":"Feature","properties":{"name":"Biedma","province":"Chubut"},"geometry":{"type":"MultiPolygon","coordinates":[[[[-65.9427,-42.8623],[-64.8573,-42.8364],[-64.9534,-42.7854],[-64.9727,-42.7931],[-65.0308,-42.7685],[-65.0361,-42.7306],[-64.9955,-42.6977],[-64.985,-42.6536],[-64.9232,-42.6168],[-64.8336,-42.6105],[-64.6856,-42.5126],[-64.5802,-42.4908],[-64.3399,-42.5328],[-64.3105,-42.5558],[-64.309,-42.5859],[-64.2825,-42.5733],[-64.2596,-42.5897],[-64.2734,-42.6177],[-64.2138,-42.6219],[-64.2494,-42.683],[-64.26,-42.747],[-64.2399,-42.7857],[-64.1452,-42.8738],[-64.107,-42.8785],[-63.7329,-42.8128],[-63.63,-42.7646],[-63.6398,-42.6998],[-63.5828,-42.6073],[-63.6041,-42.5472],[-63.5986,-42.3302],[-63.6935,-42.1932],[-63.7391,-42.0978],[-63.7595,-42.0761],[-63.8154,-42.0734],[-63.9648,-42.1146],[-64.0751,-42.1783],[-64.3788,-42.2383],[-64.313,-42.2521],[-64.2469,-42.2342],[-64.185,-42.2485],[-64.1349,-42.2393],[-64.0723,-42.2635],[-64.0444,-42.3129],[-64.0702,-42.3331],[-64.043,-42.3513],[-64.0568,-42.3827],[-64.1203,-42.4283],[-64.3015,-42.4039],[-64.4335,-42.4399],[-64.4773,-42.4383],[-64.4856,-42.4155],[-64.4983,-42.4302],[-64.6101,-42.4264],[-64.6182,-42.3956],[-64.5954,-42.3848],[-64.5586,-42.3075],[-64.4642,-42.2395],[-64.74,-42.2141],[-64.8803,-42.1808],[-65.014,-42.0934],[-65.0693,-42.0003],[-65.9736,-42.0003],[-65.9427,-42.8623]]],[[[-64.5183,-42.4196],[-64.5137,-42.4195],[-64.5181,-42.4177],[-64.5183,-42.4196]]]]}},{"type":"Feature","properties":{"name":"25 de Mayo","province":"San Juan"},"geometry":{"type":"Polygon","coordinates":[[[-67.3177,-32.382],[-67.2638,-32.3819],[-67.2662,-32.3394],[-67.278,-32.2923],[-67.376,-32.2374],[-67.3838,-32.1252],[-67.3652,-31.9759],[-67.3792,-31.8681],[-67.2387,-31.8795],[-68.3469,-31.6947],[-68.3685,-31.7258],[-68.3778,-31.8046],[-68.4107,-31.8343],[-68.3903,-31.8593],[-68.3578,-31.8593],[-68.3464,-31.9152],[-68.2831,-31.9856],[-68.2826,-32.0422],[-68.332,-32.1101],[-68.3309,-32.1286],[-68.3041,-32.1377],[-68.2479,-32.0915],[-68.2069,-32.1211],[-68.1545,-32.1192],[-68.079,-32.0854],[-68.0727,-32.0985],[-68.054,-32.0722],[-68.05,-32.0878],[-68.0044,-32.0804],[-67.9569,-32.0931],[-67.964,-32.1176],[-67.9281,-32.1217],[-67.9366,-32.138],[-67.917,-32.1742],[-67.87,-32.1897],[-67.8459,-32.2235],[-67.7965,-32.2204],[-67.774,-32.2356],[-67.7356,-32.2238],[-67.7097,-32.2461],[-67.6684,-32.2268],[-67.6367,-32.2412],[-67.6047,-32.2329],[-67.5945,-32.2464],[-67.5212,-32.2215],[-67.4707,-32.3079],[-67.3313,-32.3509],[-67.3177,-32.382]]]}},{"type":"Feature","properties":{"name":"Conhelo","province":"La Pampa"},"geometry":{"type":"Polygon","coordinates":[[[-65.117,-35.9789],[-65.0504,-35.9805],[-65.0565,-36.2547],[-63.9429,-36.2656],[-63.9398,-35.814],[-65.1171,-35.8011],[-65.117,-35.9789]]]}},{"type":"Feature","properties":{"name":"Pilagás","province":"Formosa"},"geometry":{"type":"Polygon","coordinates":[[[-58.6051,-25.4707],[-58.6052,-25.3943],[-58.3784,-25.393],[-58.3808,-24.9562],[-58.4083,-24.9231],[-58.4286,-24.9234],[-58.43,-24.8933],[-58.4737,-24.8609],[-58.5109,-24.8435],[-58.5262,-24.8508],[-58.5736,-24.821],[-58.6735,-24.8315],[-58.6887,-24.8102],[-58.7086,-24.8105],[-58.727,-24.7743],[-58.8074,-24.7724],[-58.8917,-24.715],[-58.8912,-25.052],[-59.0536,-25.174],[-58.6051,-25.4707]]]}},{"type":"Feature","properties":{"name":"San Martín","province":"Corrientes"},"geometry":{"type":"Polygon","coordinates":[[[-56.8809,-28.235],[-57.216,-28.4996],[-57.1699,-28.572],[-57.1784,-28.8258],[-57.2711,-28.9571],[-57.3514,-29.0276],[-57.4303,-29.0683],[-57.4581,-29.12],[-57.5148,-29.1677],[-57.4277,-29.2273],[-57.1009,-29.2574],[-56.9498,-29.201],[-56.8667,-29.2016],[-56.8486,-29.3239],[-56.8638,-29.3938],[-56.8527,-29.4257],[-56.8692,-29.4701],[-56.8387,-29.4982],[-56.7789,-29.4364],[-56.7675,-29.3826],[-56.7039,-29.3622],[-56.6496,-29.2724],[-56.6454,-29.1993],[-56.5819,-29.1182],[-56.6094,-29.099],[-56.5807,-29.0675],[-56.6103,-29.0456],[-56.6094,-29.0064],[-56.6388,-29.0048],[-56.6399,-28.9685],[-56.6632,-28.9661],[-56.6623,-28.8958],[-56.6846,-28.8768],[-56.6828,-28.8406],[-56.7042,-28.8219],[-56.6869,-28.7529],[-56.7076,-28.7427],[-56.6407,-28.6664],[-56.6749,-28.6355],[-56.6582,-28.6052],[-56.6698,-28.5842],[-56.6586,-28.5584],[-56.5929,-28.5376],[-56.5969,-28.493],[-56.5101,-28.3883],[-56.5292,-28.3598],[-56.5203,-28.339],[-56.546,-28.3343],[-56.5693,-28.2995],[-56.6381,-28.2929],[-56.6406,-28.2627],[-56.7999,-28.2602],[-56.8809,-28.235]]]}},{"type":"Feature","properties":{"name":"General Belgrano","province":"Chaco"},"geometry":{"type":"Polygon","coordinates":[[[-60.8176,-27.1445],[-60.8172,-26.9042],[-60.8517,-26.8918],[-60.8831,-26.9287],[-61.008,-26.8435],[-60.9928,-26.8436],[-60.9904,-26.6631],[-61.333,-26.6603],[-61.3357,-26.8411],[-61.1911,-26.8423],[-61.2163,-26.8718],[-60.8176,-27.1445]]]}},{"type":"Feature","properties":{"name":"Arrecifes","province":"Buenos Aires"},"geometry":{"type":"Polygon","coordinates":[[[-60.2368,-34.0122],[-60.1666,-34.0607],[-60.2065,-34.1709],[-60.203,-34.2033],[-60.0401,-34.2685],[-59.9846,-34.1969],[-59.9859,-34.084],[-59.896,-34.0778],[-59.8444,-34.0525],[-59.8123,-34.0143],[-59.7795,-34.0132],[-60.0243,-33.8266],[-60.0825,-33.8095],[-60.1067,-33.8176],[-60.1563,-33.7454],[-60.2315,-33.8692],[-60.2368,-34.0122]]]}},{"type":"Feature","properties":{"name":"General Rodríguez","province":"Buenos Aires"},"geometry":{"type":"Polygon","coordinates":[[[-58.8642,-34.6168],[-58.9285,-34.5162],[-58.9872,-34.5599],[-58.9865,-34.5774],[-59.0709,-34.6044],[-59.0564,-34.6165],[-59.1356,-34.6589],[-59.0913,-34.7192],[-59.0316,-34.7637],[-58.9993,-34.7627],[-58.9364,-34.7035],[-58.8649,-34.6825],[-58.8845,-34.6688],[-58.8842,-34.6271],[-58.8642,-34.6168]]]}},{"type":"Feature","properties":{"name":"Guaraní","province":"Misiones"},"geometry":{"type":"Polygon","coordinates":[[[-54.6073,-26.9313],[-54.541,-27.0854],[-54.4969,-27.0858],[-54.4911,-27.1068],[-54.4977,-27.1747],[-54.5185,-27.175],[-54.5071,-27.1906],[-54.5289,-27.2074],[-54.514,-27.2247],[-54.524,-27.244],[-54.5134,-27.258],[-54.3568,-27.233],[-54.3671,-27.2522],[-54.3288,-27.29],[-54.3207,-27.349],[-54.3009,-27.3601],[-54.3218,-27.3742],[-54.2928,-27.3782],[-54.32,-27.3888],[-54.2997,-27.4063],[-54.3261,-27.4074],[-54.2893,-27.4479],[-54.2678,-27.4371],[-54.2628,-27.3988],[-54.2148,-27.3835],[-54.177,-27.2577],[-54.1573,-27.2618],[-54.1541,-27.2969],[-54.0771,-27.2964],[-54.0551,-27.2637],[-54.0201,-27.2468],[-54.011,-27.2017],[-53.9627,-27.1976],[-53.9599,-27.1602],[-53.9337,-27.1562],[-53.9344,-27.1308],[-53.8993,-27.1238],[-53.9263,-27.1126],[-53.8797,-27.0998],[-53.9073,-27.086],[-53.8924,-27.079],[-53.9047,-27.0695],[-53.8886,-27.0459],[-53.9119,-27.0565],[-53.9233,-27.0315],[-53.9473,-27.051],[-53.9383,-27.0235],[-53.971,-27.0402],[-53.9842,-27.0057],[-54.0031,-27.0173],[-54.02,-27.0039],[-54.0006,-26.9992],[-53.9959,-26.9756],[-54.0333,-26.9742],[-54.0197,-26.9547],[-54.034,-26.9294],[-54.0146,-26.923],[-54.0289,-26.8953],[-54.0529,-26.8942],[-54.0507,-26.8753],[-54.0805,-26.8803],[-54.0812,-26.8604],[-54.1014,-26.854],[-54.0855,-26.8401],[-54.1088,-26.831],[-54.1047,-26.8081],[-54.1315,-26.8027],[-54.1398,-26.7462],[-54.2456,-26.801],[-54.2587,-26.7374],[-54.2453,-26.6992],[-54.2166,-26.6941],[-54.1947,-26.6648],[-54.2679,-26.6406],[-54.4366,-26.7338],[-54.5421,-26.8316],[-54.5234,-26.852],[-54.567,-26.8902],[-54.5637,-26.9166],[-54.6073,-26.9313]]]}},{"type":"Feature","properties":{"name":"Las Colonias","province":"Santa Fe"},"geometry":{"type":"Polygon","coordinates":[[[-60.9931,-31.8643],[-60.95,-31.7298],[-60.9145,-31.7376],[-60.9046,-31.6972],[-60.8128,-31.6545],[-60.8289,-31.5897],[-60.7674,-31.602],[-60.7569,-31.5813],[-60.7623,-31.5642],[-60.7781,-31.569],[-60.7681,-31.5458],[-60.8022,-31.5191],[-60.7686,-31.4731],[-60.8121,-31.4062],[-60.7989,-31.4022],[-60.8081,-31.3834],[-60.7859,-31.3784],[-60.7891,-31.354],[-60.8293,-31.35],[-60.8364,-31.3668],[-60.9004,-31.3845],[-60.8948,-31.3696],[-60.9399,-31.352],[-60.9029,-31.3076],[-60.9181,-31.2741],[-60.8853,-31.2521],[-60.8933,-31.2433],[-60.8579,-31.2426],[-60.836,-31.2096],[-60.8488,-31.1824],[-60.8305,-31.1773],[-60.8257,-31.1441],[-60.7799,-31.1277],[-60.7919,-31.1185],[-60.7761,-31.1087],[-60.7816,-31.0945],[-60.8277,-31.0953],[-60.8202,-31.0815],[-60.8452,-31.0634],[-60.8412,-31.0418],[-60.8041,-31.0276],[-60.8596,-30.9973],[-60.8257,-30.9802],[-60.8362,-30.9351],[-60.8217,-30.9192],[-60.8528,-30.9007],[-60.8334,-30.8865],[-60.8135,-30.8974],[-60.7761,-30.8875],[-60.8108,-30.8442],[-60.8042,-30.835],[-60.8338,-30.8243],[-60.8204,-30.7966],[-60.8914,-30.7631],[-60.9038,-30.7122],[-60.9248,-30.7064],[-60.8925,-30.6693],[-61.1785,-30.6097],[-61.3916,-31.5393],[-61.4293,-31.5329],[-61.45,-31.5969],[-61.4994,-31.5883],[-61.5588,-31.8501],[-61.3976,-31.8784],[-61.39,-31.8467],[-61.3547,-31.8298],[-61.3008,-31.8319],[-61.1959,-31.8518],[-61.1834,-31.8824],[-61.1702,-31.8313],[-60.9931,-31.8643]]]}},{"type":"Feature","properties":{"name":"Chacabuco","province":"San Luis"},"geometry":{"type":"Polygon","coordinates":[[[-64.9006,-32.4798],[-65.0141,-32.483],[-65.0816,-32.4679],[-65.0848,-32.4989],[-65.2225,-32.4846],[-65.261,-32.5468],[-65.3001,-32.5275],[-65.3485,-32.5526],[-65.406,-32.5331],[-65.4064,-32.6178],[-65.4289,-32.6298],[-65.445,-32.6908],[-65.4681,-32.7071],[-65.4528,-32.7584],[-65.4904,-32.7745],[-65.4943,-32.8459],[-65.5127,-32.8571],[-65.5089,-32.9014],[-65.5659,-32.9429],[-65.578,-33.0122],[-65.479,-32.9598],[-65.4359,-32.9696],[-65.3798,-32.9436],[-65.3581,-32.9083],[-65.1701,-32.926],[-65.1267,-32.949],[-65.0644,-32.9421],[-65.071,-32.9681],[-64.9955,-32.95],[-64.9652,-32.8652],[-64.9685,-32.7999],[-64.9446,-32.7673],[-64.9482,-32.7228],[-64.9162,-32.6792],[-64.9241,-32.6148],[-64.8832,-32.5726],[-64.9006,-32.4798]]]}},{"type":"Feature","properties":{"name":"Guasayán","province":"Santiago del Estero"},"geometry":{"type":"Polygon","coordinates":[[[-64.621,-28.1659],[-64.6043,-28.0886],[-64.5824,-28.0923],[-64.5459,-27.9361],[-64.5664,-27.9324],[-64.5579,-27.8924],[-64.6598,-27.8879],[-64.6525,-27.836],[-64.7094,-27.8258],[-64.7037,-27.6565],[-64.7604,-27.6474],[-64.771,-27.7035],[-64.8197,-27.6949],[-64.8117,-27.6557],[-64.8901,-27.7086],[-64.9184,-27.6949],[-64.9713,-27.7104],[-64.991,-27.7241],[-64.986,-27.7416],[-65.0281,-27.7527],[-65.0165,-27.7911],[-65.039,-27.8792],[-65.1071,-27.8932],[-65.1591,-27.8772],[-65.1782,-27.916],[-65.109,-28.2409],[-64.9483,-28.2731],[-64.9378,-28.2309],[-64.8545,-28.2473],[-64.832,-28.1527],[-64.7853,-28.1622],[-64.7574,-28.1418],[-64.621,-28.1659]]]}},{"type":"Feature","properties":{"name":"Avellaneda","province":"Santiago del Estero"},"geometry":{"type":"Polygon","coordinates":[[[-63.1097,-28.3272],[-63.2283,-28.3273],[-63.2309,-28.3493],[-63.3339,-28.3299],[-63.4597,-28.2124],[-63.4673,-28.2552],[-63.5129,-28.2566],[-63.5786,-28.2421],[-63.5809,-28.205],[-63.6168,-28.199],[-63.6285,-28.2518],[-63.6115,-28.2546],[-63.6358,-28.3512],[-63.7099,-28.3484],[-63.7111,-28.3716],[-63.6941,-28.3795],[-63.7865,-28.4357],[-63.7818,-28.4506],[-63.767,-28.4461],[-63.7769,-28.4794],[-63.7148,-28.5298],[-63.6898,-28.5189],[-63.6973,-28.5487],[-63.6014,-28.6265],[-63.5308,-28.5951],[-63.5237,-28.5689],[-63.4751,-28.5764],[-63.467,-28.5425],[-63.3837,-28.5556],[-63.3926,-28.6046],[-63.3539,-28.5872],[-63.354,-28.607],[-63.3134,-28.6071],[-63.3134,-28.637],[-63.227,-28.6372],[-63.2424,-28.7406],[-63.1108,-28.7654],[-63.1108,-28.8117],[-63.0678,-28.8116],[-63.0681,-28.8918],[-62.8945,-28.8917],[-62.8946,-28.863],[-62.6545,-28.8627],[-62.676,-28.8199],[-62.6584,-28.8103],[-62.6823,-28.8157],[-62.6724,-28.8097],[-62.698,-28.7938],[-62.7142,-28.7091],[-62.7534,-28.6324],[-62.8822,-28.5651],[-62.8789,-28.5073],[-62.9144,-28.4605],[-63.0408,-28.4076],[-63.1097,-28.3272]]]}},{"type":"Feature","properties":{"name":"Calingasta","province":"San Juan"},"geometry":{"type":"Polygon","coordinates":[[[-69.8315,-30.2915],[-69.8955,-30.2729],[-69.9081,-30.318],[-69.8918,-30.3506],[-69.9351,-30.3582],[-69.9553,-30.3855],[-70.0632,-30.3944],[-70.1066,-30.3521],[-70.1547,-30.3467],[-70.1175,-30.4321],[-70.1948,-30.4916],[-70.1794,-30.5123],[-70.2466,-30.6342],[-70.2394,-30.6678],[-70.2591,-30.7002],[-70.2461,-30.7285],[-70.288,-30.7867],[-70.2797,-30.8307],[-70.3228,-30.928],[-70.2934,-30.97],[-70.2978,-31.0202],[-70.2771,-31.0215],[-70.2691,-31.0431],[-70.3217,-31.0435],[-70.3683,-31.11],[-70.3606,-31.1357],[-70.4014,-31.1671],[-70.4323,-31.1017],[-70.4558,-31.0843],[-70.4979,-31.1228],[-70.5243,-31.1898],[-70.5135,-31.1966],[-70.527,-31.2785],[-70.5472,-31.3149],[-70.5276,-31.3642],[-70.532,-31.4077],[-70.5602,-31.42],[-70.5487,-31.4487],[-70.5691,-31.4729],[-70.5523,-31.5112],[-70.5674,-31.6001],[-70.5068,-31.6523],[-70.5129,-31.6898],[-70.4682,-31.6985],[-70.458,-31.7333],[-70.472,-31.7588],[-70.451,-31.8104],[-70.4604,-31.8439],[-70.3769,-31.8848],[-70.2801,-31.8841],[-70.2093,-31.9604],[-70.2082,-31.978],[-70.2497,-31.9928],[-70.2483,-32.0239],[-70.289,-32.052],[-70.3287,-32.0493],[-70.3643,-32.0251],[-70.3882,-32.0454],[-70.3352,-32.0704],[-70.3502,-32.0882],[-70.3417,-32.1086],[-70.3039,-32.1363],[-70.3173,-32.177],[-70.301,-32.2068],[-70.3233,-32.2665],[-70.2625,-32.2916],[-70.2182,-32.3327],[-70.2292,-32.3645],[-70.2173,-32.3822],[-70.2386,-32.4048],[-70.2366,-32.4293],[-70.1487,-32.4657],[-70.1233,-32.5356],[-70.1262,-32.5742],[-70.0751,-32.6259],[-70.0258,-32.5788],[-70.0042,-32.5283],[-69.8473,-32.5706],[-69.8216,-32.544],[-69.7909,-32.5468],[-69.7561,-32.5094],[-69.705,-32.4964],[-69.6892,-32.4302],[-69.7332,-32.3906],[-69.7289,-32.3308],[-69.631,-32.26],[-69.6031,-32.2108],[-69.5985,-32.1454],[-69.5608,-32.1294],[-69.5311,-32.141],[-69.5056,-32.1138],[-69.4771,-32.1104],[-69.4548,-32.0747],[-69.4157,-32.0665],[-69.3904,-32.0768],[-69.3786,-32.0642],[-69.3142,-32.0911],[-69.2768,-32.07],[-69.2445,-32.0161],[-69.1264,-32.0019],[-69.1026,-31.8719],[-69.1346,-31.7586],[-69.1621,-31.7255],[-69.1572,-31.5815],[-69.2192,-31.4562],[-69.2051,-31.4314],[-69.2161,-31.4017],[-69.1991,-31.378],[-69.2186,-31.3404],[-69.2082,-31.2715],[-69.2506,-31.2019],[-69.2159,-31.0958],[-69.1593,-31.0092],[-69.141,-30.9457],[-69.1479,-30.92],[-69.1167,-30.866],[-69.1216,-30.8312],[-69.1041,-30.7953],[-69.1453,-30.7787],[-69.2162,-30.7895],[-69.2436,-30.7704],[-69.3221,-30.7688],[-69.4787,-30.6551],[-69.5336,-30.6749],[-69.604,-30.6645],[-69.6321,-30.6241],[-69.6707,-30.6019],[-69.7027,-30.6147],[-69.7263,-30.5921],[-69.7284,-30.5411],[-69.712,-30.5373],[-69.7464,-30.5293],[-69.7514,-30.47],[-69.8272,-30.3686],[-69.8315,-30.2915]]]}},{"type":"Feature","properties":{"name":"Castro Barros","province":"La Rioja"},"geometry":{"type":"Polygon","coordinates":[[[-67.0119,-28.6038],[-67.0232,-28.6358],[-67.0647,-28.6526],[-67.0687,-28.7186],[-67.1422,-28.8482],[-67.0444,-28.9711],[-66.9625,-29.0092],[-66.9433,-29.109],[-66.8622,-29.1744],[-66.8322,-29.1516],[-66.7997,-29.0714],[-66.7754,-29.049],[-66.7347,-28.8523],[-66.8366,-28.628],[-67.0119,-28.6038]]]}},{"type":"Feature","properties":{"name":"Languiñeo","province":"Chubut"},"geometry":{"type":"Polygon","coordinates":[[[-69.5314,-43.7847],[-69.5585,-43.332],[-69.5053,-42.7968],[-69.596,-42.6937],[-69.7364,-42.6814],[-69.8475,-42.6244],[-69.9571,-42.6316],[-69.9887,-42.6407],[-70.017,-42.6725],[-70.0418,-42.673],[-70.1483,-42.6293],[-70.2103,-42.624],[-70.2663,-42.6413],[-70.2937,-42.6325],[-70.322,-42.5976],[-70.3493,-42.596],[-70.4349,-42.6478],[-70.5367,-42.7633],[-70.5885,-42.8506],[-70.5732,-42.883],[-70.5809,-42.9062],[-70.5641,-42.9222],[-70.5778,-42.9435],[-70.6257,-42.9665],[-70.6982,-42.9703],[-70.7196,-42.999],[-70.7909,-43.0241],[-70.7924,-43.0983],[-70.8273,-43.1675],[-70.8248,-43.2226],[-70.886,-43.3085],[-70.8667,-43.3376],[-70.8619,-43.4212],[-70.845,-43.4515],[-70.9098,-43.5387],[-70.9711,-43.5639],[-71.0235,-43.6085],[-71.1081,-43.6337],[-71.1854,-43.5893],[-71.3187,-43.5523],[-71.4481,-43.5694],[-71.4844,-43.5401],[-71.5704,-43.5201],[-71.6679,-43.5219],[-71.683,-43.5438],[-71.7314,-43.5499],[-71.7574,-43.5842],[-71.716,-43.5763],[-71.7024,-43.6261],[-71.6254,-43.6242],[-71.5807,-43.6526],[-71.5885,-43.6759],[-71.612,-43.676],[-71.5992,-43.6975],[-71.6616,-43.7034],[-71.6594,-43.7187],[-71.6968,-43.7271],[-71.7538,-43.7877],[-71.7629,-43.8421],[-71.7081,-43.8546],[-71.7061,-43.8899],[-71.6654,-43.9017],[-71.6496,-43.9349],[-71.4783,-43.9201],[-71.3839,-43.8789],[-71.3693,-43.8831],[-71.3717,-43.9354],[-71.1184,-43.9398],[-71.1162,-43.8493],[-70.9959,-43.8507],[-70.9923,-43.7609],[-69.5314,-43.7847]]]}},{"type":"Feature","properties":{"name":"Fray Justo Santa María de Oro","province":"Chaco"},"geometry":{"type":"Polygon","coordinates":[[[-61.7113,-27.9994],[-60.91,-27.9994],[-60.9099,-27.7959],[-61.0143,-27.7956],[-61.0143,-27.6367],[-61.1301,-27.6368],[-61.1304,-27.7068],[-61.2413,-27.7072],[-61.2413,-27.7957],[-61.5696,-27.7968],[-61.57,-27.7167],[-61.7112,-27.7162],[-61.7113,-27.9994]]]}},{"type":"Feature","properties":{"name":"Capital","province":"Salta"},"geometry":{"type":"Polygon","coordinates":[[[-65.2986,-25.2988],[-65.2142,-25.2394],[-65.1924,-25.1855],[-65.1694,-25.1756],[-65.1562,-25.1123],[-65.0764,-25.0953],[-65.0655,-24.9991],[-65.0971,-24.9769],[-65.0961,-24.9143],[-65.0189,-24.8055],[-65.081,-24.7477],[-65.2929,-24.7751],[-65.2879,-24.7296],[-65.2201,-24.716],[-65.4505,-24.7125],[-65.5814,-24.6445],[-65.5963,-24.7755],[-65.5869,-24.811],[-65.5386,-24.8335],[-65.5419,-24.8792],[-65.3934,-24.8504],[-65.3437,-24.8609],[-65.3505,-24.907],[-65.317,-24.9512],[-65.3236,-25.0004],[-65.3057,-25.0602],[-65.2277,-25.1428],[-65.2745,-25.1818],[-65.2717,-25.221],[-65.2877,-25.2402],[-65.2784,-25.2581],[-65.2986,-25.2988]]]}},{"type":"Feature","properties":{"name":"Almirante Brown","province":"Chaco"},"geometry":{"type":"Polygon","coordinates":[[[-61.7112,-26.6545],[-60.9302,-26.6636],[-60.9017,-26.6793],[-60.7899,-26.4267],[-60.8059,-26.4209],[-60.8006,-26.1167],[-61.2041,-26.111],[-61.1972,-25.5651],[-61.3942,-25.5624],[-61.3936,-25.4714],[-62.2366,-25.467],[-62.2193,-24.8322],[-62.72,-24.8323],[-63.4225,-25.649],[-61.7111,-25.6547],[-61.7112,-26.6545]]]}},{"type":"Feature","properties":{"name":"9 de Julio","province":"Santa Fe"},"geometry":{"type":"Polygon","coordinates":[[[-61.7113,-27.9994],[-61.9923,-29.6616],[-61.9279,-29.6621],[-61.9421,-29.7406],[-61.907,-29.7785],[-61.7472,-29.7753],[-61.3537,-29.8396],[-61.2824,-29.5164],[-61.2367,-29.5459],[-61.2022,-29.54],[-61.2017,-29.552],[-61.1228,-29.5676],[-61.0828,-29.635],[-60.8984,-28.5821],[-60.8299,-28.2736],[-60.7486,-28.2216],[-60.7477,-28.0993],[-60.6446,-28.1002],[-60.6444,-28.0007],[-61.7113,-27.9994]]]}},{"type":"Feature","properties":{"name":"La Poma","province":"Salta"},"geometry":{"type":"Polygon","coordinates":[[[-66.1159,-24.7415],[-66.1373,-24.5275],[-66.128,-24.4956],[-66.1509,-24.4308],[-66.1936,-24.4332],[-66.1499,-24.354],[-66.1555,-24.3091],[-66.1416,-24.2712],[-66.0998,-24.2307],[-66.1059,-24.1477],[-66.033,-24.0775],[-66.0231,-24.0421],[-66.0357,-23.9956],[-66.0078,-24.0022],[-65.9363,-23.9751],[-65.9563,-23.9661],[-65.9909,-23.9817],[-66.0165,-23.9181],[-65.9872,-23.5097],[-65.9991,-23.5148],[-66.1198,-23.4303],[-66.1717,-23.4139],[-66.2443,-23.5004],[-66.2659,-23.5635],[-66.3176,-23.5757],[-66.3302,-23.6602],[-66.3701,-23.6953],[-66.3769,-23.7502],[-66.355,-23.8259],[-66.3789,-23.8295],[-66.3555,-23.8846],[-66.3607,-23.9205],[-66.1548,-24.0161],[-66.2365,-24.4378],[-66.5021,-24.2427],[-66.51,-24.2952],[-66.4878,-24.3771],[-66.4113,-24.4173],[-66.402,-24.4744],[-66.3606,-24.5387],[-66.3677,-24.6071],[-66.415,-24.6674],[-66.4086,-24.6996],[-66.4262,-24.7315],[-66.4046,-24.8322],[-66.3298,-24.8627],[-66.2607,-24.857],[-66.1891,-24.9373],[-66.1287,-24.9297],[-66.0941,-24.8976],[-66.1076,-24.8632],[-66.0972,-24.7938],[-66.1159,-24.7415]]]}},{"type":"Feature","properties":{"name":"Tercero Arriba","province":"Córdoba"},"geometry":{"type":"Polygon","coordinates":[[[-63.5502,-32.8227],[-63.5768,-32.7694],[-63.5603,-32.7071],[-63.5814,-32.7031],[-63.4989,-32.3929],[-63.5724,-32.3788],[-63.5428,-32.2619],[-63.5258,-32.2582],[-63.5162,-32.2224],[-63.4593,-32.2474],[-63.3712,-32.191],[-63.4477,-32.1037],[-63.4073,-32.0844],[-63.3587,-32.0879],[-63.2013,-32.0483],[-63.1859,-32.096],[-63.1159,-32.0009],[-63.097,-32.0055],[-63.0835,-31.9522],[-63.1256,-31.9474],[-63.1826,-32.0013],[-63.2116,-32.0096],[-63.2444,-31.9248],[-63.3425,-31.9418],[-63.3481,-31.9638],[-63.4244,-31.984],[-63.555,-31.9814],[-63.57,-31.9642],[-63.6589,-32.0208],[-63.6776,-31.9991],[-63.6779,-32.0351],[-63.6997,-32.0355],[-63.6998,-31.9884],[-63.919,-31.987],[-63.9193,-32.0098],[-63.9744,-31.998],[-63.9738,-31.9518],[-64.0841,-31.9506],[-64.0845,-32.0047],[-64.2414,-32.0045],[-64.2775,-32.1411],[-64.2637,-32.1586],[-64.294,-32.1882],[-64.2935,-32.3122],[-64.2609,-32.3183],[-64.2602,-32.3496],[-64.2454,-32.3498],[-64.2459,-32.3082],[-64.0894,-32.3081],[-63.9862,-32.3276],[-63.9886,-32.3609],[-63.9204,-32.3745],[-63.9441,-32.4587],[-63.9779,-32.4756],[-64.044,-32.7504],[-63.9734,-32.7232],[-63.9774,-32.7377],[-63.9074,-32.7004],[-63.6999,-32.7098],[-63.7215,-32.7907],[-63.5502,-32.8227]]]}},{"type":"Feature","properties":{"name":"Tala","province":"Buenos Aires"},"geometry":{"type":"Polygon","coordinates":[[[-59.0626,-32.0696],[-59.0803,-31.9912],[-59.1512,-31.9856],[-59.2548,-31.9203],[-59.2965,-31.9143],[-59.3419,-31.9412],[-59.3704,-32.023],[-59.4715,-32.1207],[-59.4566,-32.1405],[-59.4829,-32.2687],[-59.4626,-32.2849],[-59.4958,-32.3388],[-59.4414,-32.3552],[-59.4758,-32.427],[-59.4393,-32.4895],[-59.4603,-32.5239],[-59.4553,-32.5568],[-59.4047,-32.5997],[-59.4147,-32.6398],[-59.1751,-32.7122],[-59.1256,-32.7077],[-59.1259,-32.6639],[-59.1076,-32.6663],[-59.091,-32.624],[-59.1022,-32.6153],[-59.0937,-32.5922],[-59.1084,-32.589],[-59.0876,-32.5743],[-59.1089,-32.5645],[-59.0957,-32.5433],[-59.1168,-32.5309],[-59.1056,-32.5334],[-59.1113,-32.5155],[-59.0962,-32.505],[-59.1065,-32.485],[-59.0955,-32.4658],[-59.1137,-32.4554],[-59.0872,-32.4273],[-59.1051,-32.4038],[-59.0834,-32.3859],[-59.0937,-32.3737],[-59.0822,-32.3621],[-59.1026,-32.3478],[-59.0838,-32.3423],[-59.0959,-32.3297],[-59.0736,-32.312],[-59.084,-32.2507],[-59.1125,-32.2355],[-59.1025,-32.1981],[-59.0769,-32.1778],[-59.0953,-32.1288],[-59.0708,-32.1194],[-59.0989,-32.0897],[-59.0626,-32.0696]]]}},{"type":"Feature","properties":{"name":"Ledesma","province":"Jujuy"},"geometry":{"type":"Polygon","coordinates":[[[-65.2895,-23.8624],[-65.1818,-23.9251],[-65.1821,-23.9511],[-65.2191,-23.9725],[-65.223,-23.9983],[-65.1366,-23.9743],[-65.1099,-24.0325],[-65.0737,-24.0155],[-64.9194,-24.0107],[-64.8526,-24.0502],[-64.8441,-24.0789],[-64.7836,-24.0945],[-64.7066,-24.051],[-64.6796,-24.016],[-64.6936,-24.014],[-64.6889,-23.9934],[-64.664,-23.9924],[-64.6742,-23.9827],[-64.6614,-23.9734],[-64.665,-23.9315],[-64.6476,-23.9257],[-64.6601,-23.9134],[-64.6447,-23.8773],[-64.6283,-23.8737],[-64.6272,-23.8487],[-64.6118,-23.8476],[-64.6114,-23.8164],[-64.5906,-23.8187],[-64.5723,-23.7885],[-64.5684,-23.7303],[-64.4848,-23.7006],[-64.4868,-23.6834],[-64.4313,-23.6328],[-64.445,-23.6401],[-64.4661,-23.6213],[-64.4575,-23.6114],[-64.479,-23.6085],[-64.4956,-23.5673],[-64.5354,-23.5374],[-64.5337,-23.5202],[-64.6567,-23.4828],[-64.6857,-23.4511],[-64.7864,-23.4945],[-64.8452,-23.4868],[-64.8431,-23.5331],[-64.8596,-23.5833],[-64.8942,-23.5985],[-64.9203,-23.7333],[-65.0085,-23.6994],[-65.0378,-23.7024],[-65.0879,-23.738],[-65.1024,-23.7862],[-65.0967,-23.8566],[-65.2159,-23.786],[-65.2713,-23.8282],[-65.2959,-23.8195],[-65.2895,-23.8624]]]}},{"type":"Feature","properties":{"name":"Atreuco","province":"La Pampa"},"geometry":{"type":"Polygon","coordinates":[[[-63.3839,-37.2589],[-63.384,-36.8078],[-64.1699,-36.8056],[-64.1742,-37.2569],[-63.3839,-37.2589]]]}},{"type":"Feature","properties":{"name":"Rawson","province":"San Juan"},"geometry":{"type":"Polygon","coordinates":[[[-68.4909,-31.79],[-68.4107,-31.8343],[-68.3778,-31.8046],[-68.3918,-31.7859],[-68.3838,-31.7511],[-68.4167,-31.7276],[-68.4229,-31.7004],[-68.4084,-31.6712],[-68.4399,-31.5906],[-68.4732,-31.5564],[-68.5477,-31.562],[-68.6085,-31.5436],[-68.6015,-31.5709],[-68.5162,-31.5962],[-68.5322,-31.6299],[-68.505,-31.6381],[-68.5205,-31.6718],[-68.4909,-31.79]]]}},{"type":"Feature","properties":{"name":"Mercedes","province":"Corrientes"},"geometry":{"type":"Polygon","coordinates":[[[-57.6159,-29.7425],[-57.5883,-29.6905],[-57.599,-29.6745],[-57.558,-29.6734],[-57.5421,-29.5944],[-57.508,-29.5659],[-57.5219,-29.4659],[-57.5032,-29.4492],[-57.5364,-29.4395],[-57.5216,-29.4036],[-57.5388,-29.3978],[-57.5289,-29.3734],[-57.5806,-29.33],[-57.539,-29.2592],[-57.5466,-29.2127],[-57.5022,-29.1495],[-57.4581,-29.12],[-57.4303,-29.0683],[-57.3514,-29.0276],[-57.2711,-28.9571],[-57.1784,-28.8258],[-57.1699,-28.572],[-57.216,-28.4996],[-57.3294,-28.5737],[-57.6123,-28.5957],[-57.9398,-28.7037],[-58.1063,-28.713],[-58.111,-28.7004],[-58.1837,-28.7471],[-58.2816,-28.7693],[-58.3056,-28.7956],[-58.3054,-28.8392],[-58.3378,-28.8596],[-58.3431,-28.8821],[-58.3777,-28.8929],[-58.3797,-28.9155],[-58.4209,-28.9312],[-58.4621,-28.9162],[-58.479,-28.9314],[-58.5022,-28.9243],[-58.4979,-28.9387],[-58.533,-28.9652],[-58.534,-28.9888],[-58.5607,-28.9851],[-58.5717,-29.0266],[-58.6005,-29.0429],[-58.5594,-29.0467],[-58.5334,-29.0664],[-58.536,-29.0947],[-58.4921,-29.1055],[-58.4426,-29.1719],[-58.3905,-29.1892],[-58.3706,-29.23],[-58.3078,-29.2526],[-58.1493,-29.4401],[-58.1148,-29.4407],[-58.0566,-29.4803],[-58.0154,-29.481],[-57.9524,-29.5358],[-57.8979,-29.5493],[-57.8682,-29.6054],[-57.8722,-29.6301],[-57.8045,-29.7104],[-57.7559,-29.7146],[-57.7339,-29.742],[-57.6931,-29.7138],[-57.6458,-29.7175],[-57.6159,-29.7425]]]}},{"type":"Feature","properties":{"name":"Palpalá","province":"Jujuy"},"geometry":{"type":"Polygon","coordinates":[[[-65.0207,-24.365],[-65.0348,-24.3188],[-65.0636,-24.2926],[-65.0539,-24.2526],[-65.0752,-24.1993],[-65.0743,-24.1708],[-65.049,-24.1804],[-65.0539,-24.0144],[-65.0941,-24.0186],[-65.1205,-24.0419],[-65.1312,-24.0866],[-65.1584,-24.0954],[-65.2008,-24.0824],[-65.2091,-24.1082],[-65.2374,-24.1233],[-65.2134,-24.1389],[-65.2184,-24.2081],[-65.2043,-24.2302],[-65.2349,-24.2171],[-65.2571,-24.2298],[-65.2281,-24.2546],[-65.235,-24.2767],[-65.1787,-24.2783],[-65.1384,-24.335],[-65.0207,-24.365]]]}},{"type":"Feature","properties":{"name":"Mitre","province":"Santiago del Estero"},"geometry":{"type":"Polygon","coordinates":[[[-62.4361,-29.9496],[-62.4378,-29.5968],[-62.5336,-29.5969],[-62.545,-29.5212],[-62.5584,-29.5209],[-62.558,-29.4824],[-62.4978,-29.4822],[-62.4978,-29.4428],[-62.6171,-29.4425],[-62.6165,-29.3641],[-62.7526,-29.3634],[-62.7527,-29.307],[-62.8022,-29.3064],[-62.8022,-29.2843],[-62.8915,-29.2836],[-62.8915,-29.2021],[-62.9959,-29.202],[-62.9942,-29.2186],[-63.1578,-29.3124],[-63.1335,-29.3178],[-63.1198,-29.3506],[-63.128,-29.4053],[-63.0977,-29.4151],[-63.055,-29.4803],[-63.0314,-29.4817],[-63.0397,-29.5038],[-63.0124,-29.5195],[-62.9922,-29.5581],[-62.9653,-29.5626],[-62.9351,-29.6219],[-62.8838,-29.6365],[-62.8449,-29.6684],[-62.849,-29.7488],[-62.8049,-29.7839],[-62.8057,-29.8341],[-62.8293,-29.8424],[-62.837,-29.8729],[-62.8203,-29.904],[-62.8005,-29.908],[-62.7919,-29.96],[-62.7239,-29.9908],[-62.6638,-29.9983],[-62.655,-30.0073],[-62.6747,-30.0352],[-62.6554,-30.0553],[-62.6085,-30.0565],[-62.4361,-29.9496]]]}},{"type":"Feature","properties":{"name":"Comuna 9","province":"Ciudad Autónoma de Buenos Aires"},"geometry":{"type":"Polygon","coordinates":[[[-58.5026,-34.6746],[-58.4604,-34.6568],[-58.4713,-34.6367],[-58.5023,-34.6458],[-58.5304,-34.6348],[-58.5292,-34.6548],[-58.5026,-34.6746]]]}},{"type":"Feature","properties":{"name":"General Obligado","province":"Santa Fe"},"geometry":{"type":"Polygon","coordinates":[[[-59.8111,-27.9994],[-59.811,-28.1046],[-59.7902,-28.1045],[-59.7904,-28.2508],[-59.8763,-28.2515],[-59.8787,-28.3318],[-59.8583,-28.3786],[-59.7984,-28.3791],[-59.7985,-28.4338],[-59.7651,-28.4558],[-59.8109,-28.5279],[-59.8182,-28.5632],[-59.8012,-28.6165],[-59.8172,-28.6245],[-59.7728,-28.6794],[-59.7928,-28.6979],[-59.7786,-28.7173],[-59.8046,-28.7577],[-59.7735,-28.7686],[-59.749,-28.8134],[-59.7623,-28.8383],[-59.9618,-28.8075],[-59.978,-28.8917],[-60.0197,-28.8861],[-60.042,-29.0117],[-59.988,-29.0325],[-60.0052,-29.0726],[-60.1164,-29.0474],[-60.0661,-29.116],[-60.0615,-29.1413],[-60.0757,-29.1391],[-60.0173,-29.2426],[-60.0284,-29.2791],[-60.0144,-29.313],[-60.0439,-29.326],[-60.0693,-29.3706],[-59.7788,-29.4152],[-59.7684,-29.4425],[-59.721,-29.4607],[-59.7198,-29.4878],[-59.6709,-29.473],[-59.6618,-29.4466],[-59.5809,-29.4741],[-59.6043,-29.3947],[-59.5198,-29.3432],[-59.5087,-29.2508],[-59.4078,-29.2214],[-59.3468,-29.1144],[-59.2575,-29.0896],[-59.1997,-29.0315],[-59.2109,-28.9775],[-59.1576,-28.8735],[-59.1605,-28.7948],[-59.0781,-28.6649],[-59.105,-28.6339],[-59.0993,-28.5744],[-59.0489,-28.4933],[-59.086,-28.436],[-59.0762,-28.3653],[-59.1035,-28.3288],[-59.1079,-28.2228],[-59.0624,-28.1281],[-58.9451,-28.1338],[-58.8808,-28.0668],[-58.8937,-28.0353],[-58.8839,-27.9994],[-59.8111,-27.9994]]]}},{"type":"Feature","properties":{"name":"Mercedes","province":"Buenos Aires"},"geometry":{"type":"Polygon","coordinates":[[[-59.1699,-34.7989],[-59.2565,-34.6847],[-59.2423,-34.6774],[-59.2818,-34.6252],[-59.2637,-34.6193],[-59.3382,-34.5079],[-59.5233,-34.597],[-59.5686,-34.5605],[-59.6324,-34.6155],[-59.673,-34.5828],[-59.7166,-34.6203],[-59.5263,-34.765],[-59.4922,-34.8027],[-59.5232,-34.8292],[-59.4661,-34.873],[-59.4086,-34.8427],[-59.3733,-34.8917],[-59.2895,-34.8217],[-59.2793,-34.8345],[-59.2058,-34.7958],[-59.1939,-34.8113],[-59.1699,-34.7989]]]}},{"type":"Feature","properties":{"name":"Chalileo","province":"La Pampa"},"geometry":{"type":"Polygon","coordinates":[[[-66.0178,-35.9995],[-67.1325,-35.9995],[-67.1269,-36.7995],[-66.0054,-36.7814],[-66.0178,-35.9995]]]}},{"type":"Feature","properties":{"name":"Caseros","province":"Santa Fe"},"geometry":{"type":"Polygon","coordinates":[[[-61.075,-33.419],[-61.1296,-33.3493],[-61.0991,-33.3327],[-61.1686,-33.2438],[-61.1326,-33.2314],[-61.1548,-33.1647],[-61.1068,-33.1561],[-61.062,-33.09],[-61.2072,-32.9027],[-61.2462,-32.9432],[-61.2363,-32.9512],[-61.2968,-32.9869],[-61.5431,-33.0413],[-61.5652,-33.0637],[-61.6357,-33.0667],[-61.6634,-33.0916],[-61.7106,-33.0916],[-61.7474,-33.071],[-61.7945,-33.0143],[-61.9203,-33.1202],[-62.1382,-33.4077],[-61.3611,-33.3951],[-61.3831,-33.3667],[-61.3138,-33.3291],[-61.1888,-33.4916],[-61.075,-33.419]]]}},{"type":"Feature","properties":{"name":"Río Hondo","province":"Santiago del Estero"},"geometry":{"type":"Polygon","coordinates":[[[-64.991,-27.7241],[-64.9184,-27.6949],[-64.8901,-27.7086],[-64.8117,-27.6557],[-64.8197,-27.6949],[-64.771,-27.7035],[-64.7604,-27.6474],[-64.5333,-27.6662],[-64.5229,-27.7059],[-64.4382,-27.6043],[-64.4658,-27.5863],[-64.4639,-27.5496],[-64.513,-27.4952],[-64.5588,-27.4954],[-64.6166,-27.4441],[-64.5704,-27.3385],[-64.681,-27.2337],[-64.7487,-27.2319],[-64.7644,-27.1855],[-64.7988,-27.1505],[-64.8112,-27.1487],[-64.8541,-27.3173],[-64.9344,-27.3444],[-64.9375,-27.3579],[-64.9743,-27.3506],[-65.0089,-27.4837],[-64.9681,-27.5054],[-64.9655,-27.5477],[-64.9917,-27.5713],[-65.0109,-27.5618],[-65.0271,-27.5871],[-64.991,-27.7241]]]}},{"type":"Feature","properties":{"name":"12 de Octubre","province":"Chaco"},"geometry":{"type":"Polygon","coordinates":[[[-61.57,-27.7167],[-61.5708,-27.482],[-60.9966,-27.4807],[-60.9972,-27.4197],[-61.7112,-26.9318],[-61.7112,-27.7162],[-61.57,-27.7167]]]}},{"type":"Feature","properties":{"name":"Sanagasta","province":"La Rioja"},"geometry":{"type":"Polygon","coordinates":[[[-66.8622,-29.1744],[-66.9433,-29.109],[-66.9625,-29.0092],[-67.0444,-28.9711],[-67.1422,-28.8482],[-67.2091,-28.971],[-67.2164,-29.0558],[-67.1991,-29.1134],[-67.2187,-29.1367],[-67.2216,-29.1746],[-67.1809,-29.2745],[-67.1506,-29.2955],[-67.0715,-29.4288],[-67.0213,-29.4229],[-66.946,-29.3573],[-66.9294,-29.2865],[-66.8981,-29.2544],[-66.8622,-29.1744]]]}},{"type":"Feature","properties":{"name":"La Capital","province":"San Luis"},"geometry":{"type":"Polygon","coordinates":[[[-66.797,-34.3005],[-66.8126,-34.3451],[-66.7877,-34.3778],[-66.7649,-34.3819],[-66.7775,-34.4114],[-66.796,-34.4115],[-66.7583,-34.4344],[-66.7531,-34.4555],[-66.7661,-34.551],[-66.729,-34.5869],[-66.7304,-34.6058],[-66.7033,-34.62],[-66.7131,-34.6286],[-66.6917,-34.6901],[-66.6416,-34.7167],[-66.6479,-34.743],[-66.6289,-34.7559],[-66.5291,-34.8126],[-66.4448,-34.824],[-66.0994,-34.7724],[-65.9764,-34.7786],[-65.9752,-34.7125],[-66.0097,-34.7123],[-66.013,-34.4214],[-65.9961,-34.401],[-65.9956,-34.3464],[-66.0053,-34.044],[-66.0374,-34.0444],[-66.038,-34.0069],[-66.1424,-34.0072],[-66.1473,-33.9508],[-66.1195,-33.8606],[-66.1398,-33.84],[-66.2202,-33.8371],[-66.1656,-33.6548],[-66.19,-33.6558],[-66.1563,-33.5651],[-66.1567,-33.4464],[-66.1357,-33.3899],[-66.1101,-33.3834],[-66.1237,-33.3648],[-66.1022,-33.2581],[-66.1054,-33.2219],[-66.1801,-33.2395],[-66.2283,-33.1686],[-66.2152,-33.1293],[-66.3611,-33.1287],[-66.3632,-33.1018],[-66.5011,-33.1033],[-66.5154,-33.1085],[-66.513,-33.1313],[-66.5807,-33.1852],[-66.5795,-33.2066],[-66.6677,-33.1676],[-66.6818,-33.1387],[-66.8001,-33.115],[-66.8099,-33.1704],[-66.9733,-33.1408],[-66.9726,-33.0997],[-67.0144,-33.1046],[-67.0196,-33.0792],[-67.1835,-33.087],[-67.1674,-33.1647],[-67.1808,-33.2487],[-67.1524,-33.3272],[-67.1527,-33.4126],[-67.1339,-33.4679],[-67.0961,-33.5046],[-67.0932,-33.5388],[-67.0653,-33.5516],[-67.0702,-33.5649],[-67.0368,-33.6075],[-67.0077,-33.6192],[-67.0048,-33.6673],[-66.9571,-33.7237],[-66.8825,-33.7701],[-66.8743,-33.8315],[-66.8006,-33.8626],[-66.7233,-33.9355],[-66.6757,-33.9416],[-66.6666,-33.9576],[-66.6636,-33.9859],[-66.7082,-34.0244],[-66.6997,-34.0468],[-66.7161,-34.0574],[-66.7127,-34.1012],[-66.7339,-34.1366],[-66.7117,-34.1483],[-66.731,-34.1819],[-66.7198,-34.213],[-66.7489,-34.2228],[-66.7473,-34.2353],[-66.7852,-34.2325],[-66.8021,-34.2574],[-66.7764,-34.2972],[-66.797,-34.3005]]]}},{"type":"Feature","properties":{"name":"Moreno","province":"Santiago del Estero"},"geometry":{"type":"Polygon","coordinates":[[[-63.2336,-26.7942],[-63.2334,-26.8417],[-63.2119,-26.8418],[-63.2118,-26.8781],[-63.2341,-26.8781],[-63.2312,-27.0307],[-63.2572,-27.1496],[-63.2222,-27.1495],[-63.2552,-27.3121],[-63.208,-27.3215],[-63.2025,-27.439],[-63.2522,-27.4434],[-63.2629,-27.4968],[-63.2324,-27.5001],[-63.2416,-27.5365],[-63.1839,-27.5475],[-63.2173,-27.702],[-63.2285,-27.6999],[-63.2235,-27.728],[-62.9486,-27.7515],[-62.9482,-27.7753],[-62.8843,-27.7776],[-62.8843,-27.8198],[-62.6742,-27.8203],[-62.6744,-27.7982],[-62.5703,-27.7993],[-62.5706,-27.8176],[-62.232,-27.8199],[-62.2314,-27.7905],[-61.7112,-27.7971],[-61.7112,-26.8091],[-62.0647,-26.8094],[-62.0648,-26.7899],[-62.5042,-26.7872],[-62.504,-26.8327],[-62.7651,-26.832],[-62.9285,-26.8203],[-62.9293,-26.7937],[-63.2336,-26.7942]]]}},{"type":"Feature","properties":{"name":"San Lorenzo","province":"Chaco"},"geometry":{"type":"Polygon","coordinates":[[[-60.2163,-27.74],[-60.2124,-27.1179],[-60.5131,-27.012],[-60.519,-27.4664],[-60.4684,-27.4668],[-60.4697,-27.6475],[-60.5237,-27.647],[-60.5229,-27.739],[-60.2163,-27.74]]]}},{"type":"Feature","properties":{"name":"9 de Julio","province":"Buenos Aires"},"geometry":{"type":"Polygon","coordinates":[[[-61.1013,-35.8251],[-60.9708,-35.9261],[-60.4444,-35.4746],[-60.8685,-35.1453],[-60.9846,-35.247],[-61.0618,-35.1872],[-61.1549,-35.2647],[-61.278,-35.1661],[-61.5318,-35.3784],[-61.2873,-35.5735],[-61.2714,-35.5601],[-61.0318,-35.7658],[-61.1013,-35.8251]]]}},{"type":"Feature","properties":{"name":"San Justo","province":"Santa Fe"},"geometry":{"type":"Polygon","coordinates":[[[-60.8596,-30.9973],[-60.6579,-31.0421],[-60.6703,-31.1119],[-60.5493,-31.1323],[-60.5739,-31.188],[-60.4495,-31.213],[-60.4411,-31.1674],[-60.3569,-31.1244],[-60.3691,-31.1154],[-60.3597,-31.0916],[-60.3206,-31.042],[-60.3323,-31.0164],[-60.2999,-30.9762],[-60.2846,-30.8581],[-60.2476,-30.8564],[-60.256,-30.7689],[-60.2122,-30.6886],[-60.3389,-30.6692],[-60.3454,-30.6322],[-60.3828,-30.6084],[-60.3398,-30.5687],[-60.3508,-30.51],[-60.3246,-30.4965],[-60.3326,-30.4749],[-60.2761,-30.4213],[-60.2553,-30.423],[-60.2254,-30.374],[-60.1985,-30.3674],[-60.214,-30.3449],[-60.2025,-30.3379],[-60.1946,-30.3187],[-60.216,-30.307],[-60.1803,-30.2903],[-60.1604,-30.2539],[-60.175,-30.2418],[-60.159,-30.2292],[-60.1677,-30.2185],[-60.1186,-30.1486],[-60.1187,-30.1337],[-60.1364,-30.1273],[-60.1541,-30.1634],[-60.182,-30.1622],[-60.1851,-30.1465],[-60.1566,-30.1241],[-60.1983,-30.122],[-60.2121,-30.0677],[-60.2897,-30.0299],[-60.2796,-29.9789],[-60.7205,-29.9101],[-60.6931,-29.962],[-60.7267,-29.9816],[-60.7181,-30.0092],[-60.7286,-30.0286],[-60.7389,-30.0228],[-60.7521,-30.0797],[-60.7013,-30.1434],[-60.7358,-30.2103],[-60.6978,-30.254],[-60.6486,-30.2665],[-60.6405,-30.2997],[-60.6568,-30.3037],[-60.6499,-30.3422],[-60.6726,-30.3422],[-60.6826,-30.3792],[-60.6525,-30.3978],[-60.6661,-30.3994],[-60.6537,-30.4175],[-60.664,-30.4233],[-60.6466,-30.4271],[-60.6591,-30.4298],[-60.638,-30.4794],[-60.6508,-30.4747],[-60.6556,-30.5102],[-60.6854,-30.5092],[-60.675,-30.5187],[-60.6897,-30.5434],[-60.661,-30.5501],[-60.6641,-30.5709],[-60.6394,-30.5794],[-60.6274,-30.6037],[-60.6191,-30.5942],[-60.6279,-30.6184],[-60.609,-30.634],[-60.6223,-30.6408],[-60.6018,-30.652],[-60.6146,-30.6609],[-60.5909,-30.6663],[-60.5929,-30.6903],[-60.6082,-30.7033],[-60.5987,-30.7145],[-60.6262,-30.7316],[-60.6225,-30.7469],[-60.679,-30.7447],[-60.688,-30.7583],[-60.7015,-30.7476],[-60.725,-30.7689],[-60.7109,-30.7723],[-60.7181,-30.7865],[-60.7278,-30.7803],[-60.7462,-30.8022],[-60.772,-30.8084],[-60.7947,-30.7829],[-60.8303,-30.8064],[-60.8338,-30.8243],[-60.8042,-30.835],[-60.8108,-30.8442],[-60.7761,-30.8875],[-60.8135,-30.8974],[-60.8334,-30.8865],[-60.8528,-30.9007],[-60.8217,-30.9192],[-60.8362,-30.9351],[-60.8257,-30.9802],[-60.8596,-30.9973]]]}},{"type":"Feature","properties":{"name":"Rivadavia","province":"Buenos Aires"},"geometry":{"type":"Polygon","coordinates":[[[-62.6229,-35.5503],[-62.777,-35.4085],[-62.8031,-35.4295],[-62.8729,-35.3714],[-62.8462,-35.3506],[-62.8933,-35.3114],[-62.8639,-35.2884],[-62.8994,-35.2592],[-62.9648,-35.3119],[-63.1152,-35.1889],[-63.0898,-35.1686],[-63.1385,-35.1283],[-63.2358,-35.2083],[-63.2111,-35.2288],[-63.2852,-35.2884],[-63.3097,-35.2678],[-63.3468,-35.3],[-63.3293,-35.3231],[-63.3843,-35.369],[-63.3842,-35.8842],[-63.2038,-36.033],[-62.6229,-35.5503]]]}},{"type":"Feature","properties":{"name":"Candelaria","province":"Misiones"},"geometry":{"type":"Polygon","coordinates":[[[-55.2889,-27.3992],[-55.3111,-27.3738],[-55.3228,-27.398],[-55.3377,-27.3979],[-55.358,-27.3946],[-55.3447,-27.3866],[-55.3565,-27.3772],[-55.3813,-27.3899],[-55.3776,-27.3775],[-55.4,-27.3658],[-55.4057,-27.3839],[-55.432,-27.3797],[-55.4284,-27.3908],[-55.4899,-27.3644],[-55.4708,-27.3154],[-55.5241,-27.2918],[-55.5105,-27.28],[-55.522,-27.2798],[-55.5876,-27.3134],[-55.5961,-27.3392],[-55.6833,-27.3788],[-55.7328,-27.4431],[-55.7929,-27.4356],[-55.8095,-27.4699],[-55.784,-27.4955],[-55.7879,-27.5511],[-55.8084,-27.5669],[-55.7232,-27.5844],[-55.72,-27.6026],[-55.6793,-27.5906],[-55.6606,-27.6144],[-55.6245,-27.6175],[-55.5558,-27.5667],[-55.5701,-27.5454],[-55.5131,-27.5108],[-55.4968,-27.5341],[-55.2889,-27.3992]]]}},{"type":"Feature","properties":{"name":"Tres Lomas","province":"Buenos Aires"},"geometry":{"type":"Polygon","coordinates":[[[-62.8161,-36.7319],[-62.6065,-36.5614],[-62.626,-36.5015],[-62.9392,-36.2485],[-62.979,-36.2802],[-62.9593,-36.2962],[-63.0679,-36.3995],[-63.0485,-36.4155],[-63.1274,-36.4794],[-62.8161,-36.7319]]]}},{"type":"Feature","properties":{"name":"Bermejo","province":"Chaco"},"geometry":{"type":"Polygon","coordinates":[[[-58.6886,-26.6035],[-58.899,-26.7939],[-58.9162,-26.7784],[-58.9397,-26.7958],[-58.9541,-26.788],[-58.958,-27.0946],[-58.9201,-27.1274],[-58.8714,-27.1191],[-58.8709,-27.1396],[-58.7953,-27.1816],[-58.7784,-27.2189],[-58.7529,-27.2196],[-58.7597,-27.2464],[-58.7345,-27.2869],[-58.7684,-27.3245],[-58.7728,-27.3782],[-58.7563,-27.3835],[-58.6688,-27.3591],[-58.6165,-27.3186],[-58.5925,-27.229],[-58.6616,-27.1866],[-58.6522,-27.1306],[-58.6257,-27.1139],[-58.5549,-27.1089],[-58.5596,-27.0376],[-58.5271,-27.0375],[-58.5113,-27.0623],[-58.4986,-27.0451],[-58.5194,-27.002],[-58.4698,-27.0001],[-58.4841,-26.9354],[-58.3849,-26.8922],[-58.3774,-26.8722],[-58.3887,-26.8692],[-58.3797,-26.8564],[-58.3966,-26.8605],[-58.4007,-26.8312],[-58.4068,-26.8457],[-58.4278,-26.8248],[-58.4463,-26.8319],[-58.4451,-26.8184],[-58.4777,-26.8245],[-58.4675,-26.8003],[-58.4856,-26.806],[-58.4873,-26.7843],[-58.5073,-26.7731],[-58.4996,-26.7615],[-58.5329,-26.7579],[-58.5343,-26.7382],[-58.5497,-26.7488],[-58.5691,-26.7277],[-58.5741,-26.6861],[-58.6815,-26.6425],[-58.6886,-26.6035]]]}},{"type":"Feature","properties":{"name":"Rosario de Lerma","province":"Salta"},"geometry":{"type":"Polygon","coordinates":[[[-65.854,-25.071],[-65.7781,-25.071],[-65.7401,-25.1021],[-65.7133,-25.0913],[-65.6917,-25.0548],[-65.6135,-25.0203],[-65.5317,-25.0269],[-65.5149,-24.9882],[-65.5415,-24.9721],[-65.5204,-24.9349],[-65.5472,-24.911],[-65.5386,-24.8335],[-65.5869,-24.811],[-65.5963,-24.7755],[-65.5948,-24.7082],[-65.5794,-24.6819],[-65.5823,-24.5737],[-65.6677,-24.5452],[-65.6541,-24.5012],[-65.6561,-24.3565],[-65.6825,-24.3066],[-65.6731,-24.247],[-65.73,-24.1729],[-65.7236,-24.1047],[-65.7528,-24.0718],[-65.747,-24.0613],[-65.7866,-24.0554],[-65.8273,-24.019],[-65.8674,-24.0033],[-65.9461,-24.0077],[-65.9363,-23.9751],[-66.0078,-24.0022],[-66.0357,-23.9956],[-66.0231,-24.0421],[-66.033,-24.0775],[-66.1059,-24.1477],[-66.0998,-24.2307],[-66.1416,-24.2712],[-66.1555,-24.3091],[-66.1499,-24.354],[-66.1936,-24.4332],[-66.1509,-24.4308],[-66.128,-24.4956],[-66.1373,-24.5275],[-66.1159,-24.7415],[-66.0046,-24.7655],[-65.9554,-24.9185],[-65.9361,-24.9402],[-65.8874,-24.9392],[-65.8923,-25.02],[-65.854,-25.071]]]}},{"type":"Feature","properties":{"name":"Río Seco","province":"Córdoba"},"geometry":{"type":"Polygon","coordinates":[[[-63.7349,-29.6392],[-63.7485,-29.6521],[-63.7792,-29.6393],[-63.7915,-29.6625],[-63.7922,-29.7043],[-63.7654,-29.7061],[-63.7913,-29.795],[-63.806,-29.794],[-63.835,-29.8769],[-63.8857,-29.9087],[-63.886,-29.953],[-63.9445,-30.0273],[-63.9364,-30.0642],[-63.9673,-30.1283],[-63.9279,-30.1345],[-63.8903,-30.1063],[-63.8586,-30.1248],[-63.4937,-30.1887],[-63.4925,-30.2722],[-63.381,-30.2704],[-63.3809,-30.3215],[-63.3485,-30.3237],[-63.3254,-30.2304],[-62.527,-30.3785],[-62.5381,-30.4223],[-62.3237,-30.4552],[-62.3208,-30.344],[-62.5201,-30.3419],[-62.5345,-30.312],[-62.5894,-30.2687],[-62.6013,-30.1909],[-62.5565,-30.0628],[-62.6554,-30.0553],[-62.6747,-30.0352],[-62.655,-30.0073],[-62.6638,-29.9983],[-62.7239,-29.9908],[-62.7919,-29.96],[-62.8005,-29.908],[-62.8203,-29.904],[-62.8387,-29.8658],[-62.8293,-29.8424],[-62.8057,-29.8341],[-62.8087,-29.8157],[-63.459,-29.7571],[-63.4593,-29.7257],[-63.4807,-29.7257],[-63.4652,-29.6648],[-63.7052,-29.6627],[-63.7349,-29.6392]]]}},{"type":"Feature","properties":{"name":"Santa Lucía","province":"San Juan"},"geometry":{"type":"Polygon","coordinates":[[[-68.4469,-31.5784],[-68.4315,-31.5512],[-68.4143,-31.5538],[-68.4307,-31.5082],[-68.5086,-31.5049],[-68.5036,-31.5506],[-68.4469,-31.5784]]]}},{"type":"Feature","properties":{"name":"Ancasti","province":"Catamarca"},"geometry":{"type":"Polygon","coordinates":[[[-65.2715,-28.601],[-65.2909,-28.5883],[-65.3442,-28.5921],[-65.3578,-28.6256],[-65.3897,-28.6303],[-65.4265,-28.6666],[-65.4549,-28.6583],[-65.4551,-28.6352],[-65.61,-28.596],[-65.62,-28.5696],[-65.6236,-28.6026],[-65.6739,-28.6882],[-65.6505,-28.7792],[-65.6839,-28.8243],[-65.6445,-28.8953],[-65.6512,-28.9274],[-65.6057,-29.0203],[-65.6078,-29.0685],[-65.5877,-29.099],[-65.6099,-29.2527],[-65.5476,-29.4099],[-65.5606,-29.5181],[-65.5201,-29.6055],[-65.5354,-29.5157],[-65.5169,-29.485],[-65.5314,-29.4717],[-65.5057,-29.3963],[-65.5167,-29.3357],[-65.4938,-29.2639],[-65.5057,-29.2465],[-65.4566,-29.1578],[-65.4172,-29.1446],[-65.3838,-29.1024],[-65.3668,-28.9337],[-65.3055,-28.8259],[-65.3802,-28.7969],[-65.3399,-28.6953],[-65.3108,-28.7025],[-65.3146,-28.6307],[-65.281,-28.639],[-65.2715,-28.601]]]}},{"type":"Feature","properties":{"name":"Luján","province":"Buenos Aires"},"geometry":{"type":"Polygon","coordinates":[[[-58.9543,-34.5436],[-59.0559,-34.4279],[-59.0974,-34.4644],[-59.1297,-34.4208],[-59.1977,-34.3737],[-59.2391,-34.4139],[-59.2177,-34.4467],[-59.3382,-34.5079],[-59.2637,-34.6193],[-59.2818,-34.6252],[-59.2423,-34.6774],[-59.2565,-34.6847],[-59.1657,-34.8043],[-59.0913,-34.7192],[-59.1356,-34.6589],[-59.0564,-34.6165],[-59.0709,-34.6044],[-58.9865,-34.5774],[-58.9872,-34.5599],[-58.9543,-34.5436]]]}},{"type":"Feature","properties":{"name":"Jiménez","province":"Santiago del Estero"},"geometry":{"type":"Polygon","coordinates":[[[-63.6923,-26.4787],[-63.7682,-26.4783],[-63.8018,-26.6413],[-63.869,-26.645],[-63.8773,-26.7212],[-64.1624,-26.6971],[-64.1561,-26.6522],[-64.2636,-26.6345],[-64.2638,-26.6061],[-64.282,-26.6059],[-64.2821,-26.5686],[-64.5085,-26.554],[-64.4988,-26.6735],[-64.5875,-26.6581],[-64.6179,-26.8027],[-64.6726,-26.794],[-64.6776,-26.8245],[-64.7072,-26.8195],[-64.7426,-27.0044],[-64.767,-27.0143],[-64.7988,-27.1505],[-64.7644,-27.1855],[-64.7487,-27.2319],[-64.681,-27.2337],[-64.5704,-27.3385],[-64.5581,-27.3095],[-64.4875,-27.3528],[-64.4688,-27.2603],[-64.4405,-27.2646],[-64.4568,-27.2245],[-64.4452,-27.1748],[-64.3279,-27.1964],[-64.3238,-27.1757],[-64.178,-27.1986],[-64.1767,-27.1086],[-64.113,-27.1091],[-64.1134,-27.1427],[-64.0855,-27.1429],[-64.0848,-27.0619],[-64.0205,-27.061],[-64.021,-27.03],[-63.99,-27.0303],[-63.989,-26.9044],[-63.8791,-26.9051],[-63.8795,-26.9367],[-63.6572,-26.9251],[-63.6821,-26.907],[-63.6891,-26.8653],[-63.6523,-26.7485],[-63.6546,-26.6659],[-63.6735,-26.6438],[-63.6467,-26.5281],[-63.6923,-26.4787]]]}},{"type":"Feature","properties":{"name":"Huiliches","province":"Neuquén"},"geometry":{"type":"Polygon","coordinates":[[[-70.9579,-39.5226],[-70.9879,-39.5329],[-71.0652,-39.5142],[-71.1578,-39.529],[-71.2021,-39.4658],[-71.231,-39.466],[-71.239,-39.4491],[-71.2838,-39.4805],[-71.3033,-39.4686],[-71.3334,-39.4827],[-71.3903,-39.4558],[-71.4572,-39.4518],[-71.4729,-39.4933],[-71.5174,-39.5042],[-71.5343,-39.5295],[-71.504,-39.5604],[-71.4672,-39.5579],[-71.4745,-39.5742],[-71.4611,-39.5829],[-71.5017,-39.6377],[-71.6101,-39.6282],[-71.6239,-39.5922],[-71.6841,-39.5678],[-71.6987,-39.5874],[-71.6949,-39.6245],[-71.7176,-39.6371],[-71.6695,-39.683],[-71.7041,-39.6958],[-71.6937,-39.7073],[-71.7124,-39.7244],[-71.6809,-39.7686],[-71.6836,-39.8019],[-71.667,-39.8072],[-71.6921,-39.8245],[-71.6915,-39.8414],[-71.6701,-39.8629],[-71.6429,-39.8534],[-71.6335,-39.8817],[-71.6127,-39.8744],[-71.5925,-39.9012],[-71.5982,-39.9293],[-71.6252,-39.9379],[-71.6199,-39.9725],[-71.6511,-39.9714],[-71.6747,-40.0241],[-71.6131,-40.0406],[-71.5903,-40.028],[-71.5207,-40.0387],[-71.377,-40.0241],[-71.3294,-40.0655],[-71.2403,-40.0995],[-71.1788,-40.0977],[-71.1321,-40.067],[-71.0701,-40.0568],[-71.019,-40.0925],[-70.9479,-40.1074],[-70.8769,-40.0661],[-70.8153,-40.0622],[-70.8393,-40.026],[-70.827,-40.005],[-70.8454,-39.9874],[-70.8477,-39.9545],[-70.8299,-39.9492],[-70.8476,-39.9163],[-70.8348,-39.8763],[-70.8621,-39.8612],[-70.8738,-39.7958],[-70.9357,-39.7598],[-70.882,-39.7362],[-70.9011,-39.7125],[-70.8807,-39.668],[-70.9343,-39.6634],[-70.9457,-39.6467],[-70.9351,-39.5944],[-70.9713,-39.5596],[-70.9551,-39.5503],[-70.9579,-39.5226]]]}},{"type":"Feature","properties":{"name":"Río Cuarto","province":"Córdoba"},"geometry":{"type":"Polygon","coordinates":[[[-64.0238,-32.9083],[-63.9734,-32.7232],[-64.044,-32.7504],[-63.9779,-32.4756],[-63.9441,-32.4587],[-63.9204,-32.3745],[-63.9886,-32.3609],[-63.9862,-32.3276],[-64.0894,-32.3081],[-64.2459,-32.3082],[-64.2454,-32.3498],[-64.2636,-32.3444],[-64.2558,-32.3883],[-64.3219,-32.3761],[-64.3249,-32.3988],[-64.4261,-32.3799],[-64.4485,-32.467],[-64.4591,-32.4816],[-64.4875,-32.4766],[-64.5268,-32.6177],[-64.5501,-32.6308],[-64.5945,-32.6168],[-64.6632,-32.6321],[-64.8884,-32.5799],[-64.9217,-32.6101],[-64.9162,-32.6792],[-64.9482,-32.7228],[-64.9446,-32.7673],[-64.9685,-32.7999],[-64.9652,-32.8652],[-64.9915,-32.9445],[-65.0223,-32.973],[-64.9997,-33.0027],[-65.0481,-33.0688],[-65.0701,-33.1371],[-65.1427,-33.1945],[-65.1175,-33.9507],[-65.1044,-33.9714],[-65.0762,-33.989],[-65.0652,-33.9784],[-65.0614,-34.0062],[-65.0236,-34.0083],[-64.9973,-34.0374],[-64.9126,-34.0423],[-64.859,-34.0674],[-64.8513,-34.0559],[-64.8144,-34.0607],[-64.7872,-34.0941],[-64.7598,-34.0839],[-64.7059,-34.128],[-64.6872,-34.1157],[-64.6554,-34.1334],[-64.6534,-34.1548],[-64.6339,-34.1655],[-64.5783,-34.1708],[-64.5477,-34.1914],[-64.5208,-34.1821],[-64.4668,-34.2106],[-64.4252,-34.2056],[-64.4105,-34.2223],[-64.3984,-34.2067],[-64.3176,-34.2263],[-64.2943,-34.2139],[-64.2779,-34.231],[-64.2085,-34.2391],[-64.1602,-34.2084],[-64.0317,-34.1742],[-64.0391,-33.6478],[-63.8854,-33.6433],[-63.8902,-33.1995],[-63.9269,-33.207],[-63.9443,-33.1915],[-63.9958,-33.1963],[-64.0228,-33.1796],[-64.0479,-33.1926],[-64.0488,-33.1097],[-63.9921,-33.1113],[-63.9766,-33.0543],[-64.0752,-33.0463],[-64.0638,-33.0005],[-64.048,-33.0019],[-64.0348,-32.9088],[-64.0238,-32.9083]]]}},{"type":"Feature","properties":{"name":"Garay","province":"Santa Fe"},"geometry":{"type":"Polygon","coordinates":[[[-60.0134,-31.2507],[-59.9634,-31.1199],[-59.9028,-31.0848],[-59.8182,-30.9425],[-59.7348,-30.8766],[-59.6994,-30.7691],[-59.6426,-30.7307],[-59.6362,-30.7021],[-60.2049,-30.6507],[-60.2087,-30.6835],[-60.2477,-30.7417],[-60.2417,-30.7625],[-60.256,-30.7689],[-60.2503,-30.8644],[-60.2846,-30.8581],[-60.2999,-30.9762],[-60.3323,-31.0164],[-60.3206,-31.042],[-60.3577,-31.0872],[-60.368,-31.1383],[-60.4411,-31.1674],[-60.465,-31.2494],[-60.4552,-31.2607],[-60.4981,-31.3011],[-60.4737,-31.3395],[-60.5092,-31.3862],[-60.5025,-31.4187],[-60.5588,-31.458],[-60.4784,-31.4935],[-60.3909,-31.4964],[-60.3804,-31.5158],[-60.3435,-31.4975],[-60.3018,-31.5342],[-60.244,-31.5304],[-60.2124,-31.4678],[-60.1491,-31.4483],[-60.1384,-31.4134],[-60.0961,-31.3706],[-60.0869,-31.3398],[-60.1056,-31.2899],[-60.0134,-31.2507]]]}},{"type":"Feature","properties":{"name":"Ischilín","province":"Córdoba"},"geometry":{"type":"Polygon","coordinates":[[[-64.4395,-30.7991],[-64.416,-30.7715],[-64.262,-30.8128],[-64.2174,-30.7902],[-64.1425,-30.7834],[-64.1015,-30.7999],[-64.229,-30.5461],[-64.2984,-30.4658],[-64.2837,-30.3888],[-64.3748,-30.3786],[-64.3854,-30.3627],[-64.3565,-30.1974],[-64.2832,-30.2019],[-64.2699,-30.116],[-64.2987,-30.1141],[-64.2961,-30.0863],[-64.9894,-30.0151],[-65.0019,-30.4185],[-65.0653,-30.4187],[-65.0335,-30.4751],[-64.8753,-30.6342],[-64.7149,-30.6341],[-64.7147,-30.6899],[-64.5447,-30.6906],[-64.5442,-30.7038],[-64.5148,-30.703],[-64.5144,-30.7739],[-64.4395,-30.7991]]]}},{"type":"Feature","properties":{"name":"General Paz","province":"Corrientes"},"geometry":{"type":"MultiPolygon","coordinates":[[[[-57.778,-27.9716],[-57.7269,-27.9322],[-57.5933,-27.7664],[-57.4986,-27.6916],[-57.4229,-27.6536],[-57.3039,-27.5507],[-57.2285,-27.5118],[-57.2252,-27.497],[-57.2546,-27.4735],[-57.2311,-27.4686],[-57.3265,-27.4098],[-57.3877,-27.4216],[-57.4039,-27.5155],[-57.4549,-27.5835],[-57.5102,-27.6107],[-57.5485,-27.6511],[-57.5762,-27.6495],[-57.5841,-27.6146],[-57.5703,-27.6055],[-57.6398,-27.5975],[-57.6369,-27.5738],[-57.6895,-27.573],[-57.6869,-27.4922],[-57.7762,-27.5093],[-57.8311,-27.4856],[-57.8925,-27.5634],[-57.9288,-27.5794],[-57.9541,-27.6256],[-58.1455,-27.6971],[-58.3041,-27.7953],[-58.2269,-27.8411],[-58.0998,-27.8112],[-58.0243,-27.826],[-58.0898,-27.8715],[-58.0815,-27.9055],[-58.0354,-27.9034],[-58.0239,-27.9535],[-57.9944,-27.9452],[-57.9897,-27.9641],[-57.9382,-27.9411],[-57.9195,-28.0093],[-57.778,-27.9716]]],[[[-57.2215,-27.4642],[-57.233,-27.4575],[-57.2393,-27.4567],[-57.2323,-27.4634],[-57.2215,-27.4642]]]]}},{"type":"Feature","properties":{"name":"Pichi Mahuída","province":"Río Negro"},"geometry":{"type":"Polygon","coordinates":[[[-64.4764,-38.86],[-64.5964,-38.8592],[-64.6728,-38.8332],[-64.738,-38.8407],[-64.8095,-38.8158],[-64.845,-38.827],[-64.8773,-38.8144],[-64.9243,-38.8332],[-65.1114,-38.7995],[-65.1401,-38.8182],[-65.1712,-38.8026],[-65.1929,-38.8117],[-65.1902,-38.8354],[-65.2161,-38.838],[-65.2455,-39.8507],[-63.3819,-39.8719],[-63.3835,-39.3285],[-63.512,-39.3127],[-63.5412,-39.2967],[-63.5577,-39.2619],[-63.6144,-39.2518],[-63.6172,-39.2359],[-63.6317,-39.2478],[-63.6346,-39.227],[-63.6751,-39.221],[-63.6708,-39.2045],[-63.7424,-39.1889],[-63.7448,-39.1638],[-63.7634,-39.154],[-63.7571,-39.1292],[-63.7769,-39.1289],[-63.7882,-39.1092],[-63.835,-39.1363],[-63.8418,-39.1092],[-63.8713,-39.0953],[-63.8692,-39.1067],[-63.8955,-39.1077],[-63.9136,-39.0863],[-63.9328,-39.0935],[-63.9335,-39.0616],[-63.9982,-39.0353],[-63.9901,-39.0134],[-64.0136,-39.0181],[-64.0145,-39.001],[-64.0627,-39.0104],[-64.0646,-38.9918],[-64.2958,-38.8971],[-64.3254,-38.9065],[-64.3487,-38.8835],[-64.3792,-38.8916],[-64.3974,-38.8732],[-64.4133,-38.8836],[-64.4764,-38.86]]]}},{"type":"Feature","properties":{"name":"La Capital","province":"Santa Fe"},"geometry":{"type":"Polygon","coordinates":[[[-60.6745,-31.8097],[-60.6386,-31.7875],[-60.6388,-31.742],[-60.5972,-31.7144],[-60.4676,-31.6983],[-60.3347,-31.6126],[-60.3257,-31.5867],[-60.3399,-31.5552],[-60.3018,-31.5342],[-60.3435,-31.4975],[-60.3804,-31.5158],[-60.3909,-31.4964],[-60.4784,-31.4935],[-60.5588,-31.458],[-60.5025,-31.4187],[-60.5092,-31.3862],[-60.4737,-31.3395],[-60.4981,-31.3011],[-60.4552,-31.2607],[-60.465,-31.2494],[-60.4495,-31.213],[-60.5739,-31.188],[-60.5493,-31.1323],[-60.6703,-31.1119],[-60.6579,-31.0421],[-60.8141,-31.0151],[-60.8041,-31.0276],[-60.8412,-31.0418],[-60.8452,-31.0634],[-60.8202,-31.0815],[-60.8277,-31.0953],[-60.7816,-31.0945],[-60.7761,-31.1087],[-60.7919,-31.1185],[-60.7799,-31.1277],[-60.8257,-31.1441],[-60.8305,-31.1773],[-60.8488,-31.1824],[-60.836,-31.2096],[-60.8579,-31.2426],[-60.8933,-31.2433],[-60.8853,-31.2521],[-60.9181,-31.2741],[-60.9029,-31.3076],[-60.9399,-31.352],[-60.8948,-31.3696],[-60.9004,-31.3845],[-60.8364,-31.3668],[-60.8293,-31.35],[-60.7891,-31.354],[-60.7859,-31.3784],[-60.8081,-31.3834],[-60.7989,-31.4022],[-60.8121,-31.4062],[-60.7686,-31.4731],[-60.8022,-31.5191],[-60.7681,-31.5458],[-60.7781,-31.569],[-60.7623,-31.5642],[-60.7569,-31.5813],[-60.7674,-31.602],[-60.8289,-31.5897],[-60.8128,-31.6545],[-60.9046,-31.6972],[-60.9145,-31.7376],[-60.95,-31.7298],[-60.9782,-31.8003],[-60.853,-31.8211],[-60.8328,-31.7868],[-60.82,-31.7913],[-60.8354,-31.812],[-60.8372,-31.8674],[-60.8194,-31.8821],[-60.7313,-31.8657],[-60.7476,-31.9085],[-60.7227,-31.9723],[-60.6529,-31.8971],[-60.6745,-31.8097]]]}},{"type":"Feature","properties":{"name":"Tulumba","province":"Córdoba"},"geometry":{"type":"Polygon","coordinates":[[[-64.4892,-29.5229],[-64.9641,-29.5961],[-64.9379,-29.8475],[-64.986,-29.8911],[-64.9894,-30.0151],[-64.2961,-30.0863],[-64.2987,-30.1141],[-64.2699,-30.116],[-64.2832,-30.2019],[-64.3565,-30.1974],[-64.3863,-30.3403],[-64.3748,-30.3786],[-64.2837,-30.3888],[-64.2983,-30.4637],[-64.0833,-30.4657],[-64.0056,-30.4832],[-63.9636,-30.4149],[-63.8471,-30.4166],[-63.8455,-30.5108],[-63.8024,-30.5103],[-63.7957,-30.5692],[-63.6155,-30.5719],[-63.6043,-30.5261],[-63.357,-30.5759],[-63.365,-30.6094],[-63.2075,-30.639],[-63.2136,-30.6621],[-63.0254,-30.6968],[-62.9858,-30.6773],[-62.9373,-30.6835],[-62.9516,-30.6748],[-62.9144,-30.6398],[-62.9123,-30.6587],[-62.8767,-30.662],[-62.8846,-30.6353],[-62.6853,-30.5927],[-62.6798,-30.5672],[-62.7043,-30.5488],[-62.6514,-30.5117],[-62.6292,-30.5326],[-62.5565,-30.5258],[-62.554,-30.548],[-62.5143,-30.5641],[-62.4447,-30.5686],[-62.4286,-30.5545],[-62.3285,-30.5772],[-62.3237,-30.4552],[-62.5381,-30.4223],[-62.527,-30.3785],[-63.3254,-30.2304],[-63.3485,-30.3237],[-63.3809,-30.3215],[-63.381,-30.2704],[-63.4925,-30.2722],[-63.4937,-30.1887],[-63.8586,-30.1248],[-63.8903,-30.1063],[-63.9279,-30.1345],[-63.9673,-30.1283],[-63.9537,-30.077],[-64.1736,-30.063],[-64.2107,-29.9781],[-64.4101,-29.9301],[-64.4052,-29.8276],[-64.4922,-29.8208],[-64.4892,-29.5229]]]}},{"type":"Feature","properties":{"name":"Robles","province":"Santiago del Estero"},"geometry":{"type":"Polygon","coordinates":[[[-63.6605,-27.8176],[-63.6743,-27.7516],[-63.7415,-27.7331],[-63.8333,-27.7333],[-63.833,-27.6805],[-63.8798,-27.6558],[-63.9342,-27.6975],[-63.9339,-27.7364],[-64.0857,-27.755],[-64.0854,-27.7399],[-64.2076,-27.8118],[-64.1621,-27.8648],[-64.1548,-27.9134],[-64.1421,-27.9185],[-64.1537,-27.9319],[-64.105,-27.9509],[-64.1098,-27.9726],[-64.041,-27.9612],[-64.0464,-27.9854],[-63.9565,-28.0009],[-63.9634,-28.0298],[-63.9305,-28.0362],[-63.9238,-27.967],[-63.7346,-28.0031],[-63.7291,-27.9773],[-63.6892,-27.9839],[-63.6605,-27.8176]]]}},{"type":"Feature","properties":{"name":"Tunuyán","province":"Mendoza"},"geometry":{"type":"Polygon","coordinates":[[[-68.9974,-33.5393],[-69.0296,-33.5418],[-69.1498,-33.492],[-69.2338,-33.4775],[-69.3533,-33.4052],[-69.77,-33.3595],[-69.7864,-33.3918],[-69.8155,-33.3899],[-69.7961,-33.4233],[-69.8195,-33.4301],[-69.8151,-33.4692],[-69.8295,-33.4763],[-69.8348,-33.5157],[-69.8722,-33.5395],[-69.8653,-33.583],[-69.8809,-33.6186],[-69.8702,-33.6516],[-69.8849,-33.6832],[-69.8646,-33.7168],[-69.9046,-33.7709],[-69.8985,-33.8296],[-69.7966,-33.8578],[-69.6139,-33.8504],[-69.5268,-33.8661],[-69.4346,-33.8491],[-69.3604,-33.862],[-69.3043,-33.7937],[-69.2318,-33.7738],[-69.1806,-33.7282],[-69.0688,-33.6672],[-69.0575,-33.6422],[-68.9995,-33.6027],[-68.9974,-33.5393]]]}},{"type":"Feature","properties":{"name":"Ñorquín","province":"Neuquén"},"geometry":{"type":"Polygon","coordinates":[[[-71.1598,-37.241],[-71.188,-37.2759],[-71.221,-37.2751],[-71.2078,-37.3383],[-71.1857,-37.3548],[-71.2017,-37.3651],[-71.1973,-37.3839],[-71.1536,-37.4007],[-71.1182,-37.4691],[-71.1331,-37.5294],[-71.1515,-37.5393],[-71.1325,-37.5531],[-71.129,-37.589],[-71.2063,-37.648],[-71.2112,-37.6972],[-71.1562,-37.7572],[-71.1698,-37.7854],[-71.1264,-37.8207],[-71.183,-37.8584],[-71.1389,-37.8599],[-71.1072,-37.8921],[-71.1118,-37.919],[-71.0239,-37.9583],[-70.7983,-37.9449],[-70.6841,-37.9603],[-70.6026,-38.0045],[-70.0318,-37.634],[-70.0461,-37.5567],[-70.0849,-37.5303],[-70.0955,-37.5012],[-70.1725,-37.476],[-70.2229,-37.41],[-70.3167,-37.3672],[-70.3669,-37.3635],[-70.4113,-37.3858],[-70.4486,-37.344],[-70.4591,-37.3652],[-70.5259,-37.3653],[-70.5357,-37.3793],[-70.5568,-37.3652],[-70.5846,-37.3828],[-70.6419,-37.3502],[-70.7277,-37.3312],[-70.7957,-37.3499],[-70.8824,-37.3417],[-70.9797,-37.3654],[-71.095,-37.366],[-71.1635,-37.3081],[-71.1598,-37.241]]]}},{"type":"Feature","properties":{"name":"Valle Grande","province":"Jujuy"},"geometry":{"type":"Polygon","coordinates":[[[-64.8463,-23.4897],[-64.8724,-23.4782],[-64.8685,-23.4471],[-64.9069,-23.4231],[-64.8924,-23.3594],[-64.9436,-23.2715],[-65.0068,-23.2865],[-65.0403,-23.2251],[-65.0775,-23.2318],[-65.0659,-23.198],[-65.0845,-23.1971],[-65.1789,-23.3197],[-65.1665,-23.3714],[-65.1428,-23.39],[-65.1374,-23.4173],[-65.1602,-23.449],[-65.1624,-23.4871],[-65.1313,-23.5307],[-65.1266,-23.5772],[-65.0848,-23.6018],[-65.0179,-23.7],[-64.9203,-23.7333],[-64.8942,-23.5985],[-64.8596,-23.5833],[-64.8431,-23.5331],[-64.8463,-23.4897]]]}},{"type":"Feature","properties":{"name":"Rosario","province":"Santa Fe"},"geometry":{"type":"Polygon","coordinates":[[[-60.6589,-32.8339],[-60.8091,-32.8294],[-60.8199,-32.8355],[-60.8054,-32.8547],[-60.8611,-32.8855],[-60.9246,-33.1457],[-60.9457,-33.1611],[-60.9444,-33.1982],[-60.9817,-33.1922],[-60.9958,-33.2324],[-60.9821,-33.245],[-61.0016,-33.2474],[-60.9241,-33.3397],[-60.889,-33.2901],[-60.8043,-33.266],[-60.7612,-33.3102],[-60.7113,-33.3074],[-60.6826,-33.3354],[-60.5794,-33.3618],[-60.4915,-33.3151],[-60.4591,-33.2573],[-60.4026,-33.2027],[-60.3333,-33.2145],[-60.3429,-33.1779],[-60.398,-33.1868],[-60.5132,-33.1129],[-60.6055,-32.9998],[-60.6202,-32.9479],[-60.6762,-32.8996],[-60.6814,-32.8716],[-60.6589,-32.8339]]]}},{"type":"Feature","properties":{"name":"Comuna 8","province":"Ciudad Autónoma de Buenos Aires"},"geometry":{"type":"Polygon","coordinates":[[[-58.4614,-34.7053],[-58.4238,-34.6623],[-58.4344,-34.6531],[-58.5026,-34.6746],[-58.4614,-34.7053]]]}},{"type":"Feature","properties":{"name":"San Roque","province":"Corrientes"},"geometry":{"type":"Polygon","coordinates":[[[-58.4318,-28.3057],[-58.4604,-28.3367],[-58.4905,-28.3389],[-58.5452,-28.3766],[-58.6002,-28.4573],[-58.736,-28.5877],[-58.8565,-28.6391],[-58.9327,-28.7293],[-58.9277,-28.7469],[-58.9573,-28.7633],[-58.9879,-28.8279],[-58.8898,-28.8447],[-58.7087,-28.9512],[-58.6014,-29.0462],[-58.5717,-29.0266],[-58.5607,-28.9851],[-58.534,-28.9888],[-58.533,-28.9652],[-58.4979,-28.9387],[-58.5022,-28.9243],[-58.402,-28.9275],[-58.3797,-28.9155],[-58.3777,-28.8929],[-58.3431,-28.8821],[-58.3069,-28.8325],[-58.4229,-28.7406],[-58.4604,-28.7747],[-58.5086,-28.7837],[-58.5475,-28.7299],[-58.5401,-28.7012],[-58.4904,-28.6468],[-58.5072,-28.6102],[-58.4998,-28.5902],[-58.3118,-28.4511],[-58.4318,-28.3057]]]}},{"type":"Feature","properties":{"name":"Berón de Astrada","province":"Corrientes"},"geometry":{"type":"MultiPolygon","coordinates":[[[[-57.8311,-27.4856],[-57.7762,-27.5093],[-57.6869,-27.4922],[-57.6895,-27.573],[-57.6369,-27.5738],[-57.6398,-27.5975],[-57.5703,-27.6055],[-57.5841,-27.6146],[-57.5762,-27.6495],[-57.5485,-27.6511],[-57.5102,-27.6107],[-57.4549,-27.5835],[-57.4039,-27.5155],[-57.3877,-27.4216],[-57.439,-27.4383],[-57.5075,-27.4442],[-57.5435,-27.433],[-57.6098,-27.3957],[-57.7053,-27.3256],[-57.7934,-27.3415],[-57.7881,-27.3626],[-57.7424,-27.3556],[-57.7533,-27.4082],[-57.8191,-27.3998],[-57.8691,-27.4283],[-57.876,-27.4396],[-57.8311,-27.4856]]],[[[-57.5666,-27.3851],[-57.5934,-27.3925],[-57.4922,-27.4387],[-57.4844,-27.4355],[-57.4793,-27.4369],[-57.4042,-27.4166],[-57.5666,-27.3851]]],[[[-57.4516,-27.4366],[-57.4632,-27.4339],[-57.473,-27.4386],[-57.4516,-27.4366]]],[[[-57.5433,-27.4243],[-57.5532,-27.4197],[-57.5395,-27.4278],[-57.5433,-27.4243]]],[[[-57.45,-27.4319],[-57.4421,-27.4275],[-57.4548,-27.4309],[-57.45,-27.4319]]],[[[-57.4799,-27.4385],[-57.4841,-27.4361],[-57.4878,-27.4392],[-57.4799,-27.4385]]],[[[-57.5411,-27.4295],[-57.5412,-27.4276],[-57.5484,-27.4265],[-57.5411,-27.4295]]],[[[-57.5631,-27.4105],[-57.5646,-27.4105],[-57.5546,-27.4169],[-57.5631,-27.4105]]],[[[-57.6108,-27.3833],[-57.6058,-27.3812],[-57.6106,-27.3816],[-57.6108,-27.3833]]],[[[-57.477,-27.4397],[-57.4755,-27.4381],[-57.4793,-27.4388],[-57.477,-27.4397]]]]}},{"type":"Feature","properties":{"name":"Maracó","province":"La Pampa"},"geometry":{"type":"Polygon","coordinates":[[[-63.9404,-35.9044],[-63.3842,-35.9055],[-63.3843,-35.4555],[-63.9374,-35.4522],[-63.9404,-35.9044]]]}},{"type":"Feature","properties":{"name":"Belgrano","province":"San Luis"},"geometry":{"type":"Polygon","coordinates":[[[-67.1835,-33.087],[-67.0196,-33.0792],[-67.0144,-33.1046],[-66.9726,-33.0997],[-66.9733,-33.1408],[-66.8099,-33.1704],[-66.8001,-33.115],[-66.6818,-33.1387],[-66.6677,-33.1676],[-66.5795,-33.2066],[-66.5807,-33.1852],[-66.513,-33.1313],[-66.5154,-33.1085],[-66.5011,-33.1033],[-66.3632,-33.1018],[-66.3611,-33.1287],[-66.2152,-33.1293],[-66.1879,-32.9512],[-66.1983,-32.9155],[-66.217,-32.9126],[-66.2095,-32.8674],[-66.2269,-32.8327],[-66.2113,-32.7311],[-66.2382,-32.7121],[-66.2428,-32.684],[-66.2362,-32.6144],[-66.2029,-32.5724],[-66.2285,-32.5574],[-66.2559,-32.5713],[-66.2082,-32.5051],[-66.2195,-32.4326],[-66.1974,-32.3444],[-66.4359,-32.3359],[-66.6466,-32.3652],[-66.9245,-32.3627],[-67.0106,-32.3892],[-67.0396,-32.3717],[-67.1587,-32.3717],[-67.2662,-32.3394],[-67.2638,-32.3819],[-67.3205,-32.3892],[-67.2897,-32.4421],[-67.3014,-32.4707],[-67.2838,-32.5121],[-67.2969,-32.5362],[-67.2621,-32.5536],[-67.268,-32.571],[-67.244,-32.6044],[-67.2566,-32.6256],[-67.2366,-32.6361],[-67.2243,-32.6828],[-67.1877,-32.6983],[-67.1676,-32.7548],[-67.1857,-32.7706],[-67.1774,-32.8205],[-67.232,-32.8651],[-67.2311,-32.8979],[-67.2124,-32.9118],[-67.2014,-32.9733],[-67.1794,-33.0042],[-67.1834,-33.0392],[-67.1981,-33.0451],[-67.1769,-33.0648],[-67.1835,-33.087]]]}},{"type":"Feature","properties":{"name":"Ñorquinco","province":"Río Negro"},"geometry":{"type":"Polygon","coordinates":[[[-71.1749,-42.0],[-70.209,-42.0],[-69.3895,-42.0001],[-69.7553,-41.5052],[-70.2697,-41.4153],[-70.6164,-41.4134],[-70.689,-41.438],[-70.8131,-41.5229],[-70.9292,-41.4276],[-71.0304,-41.5419],[-71.2295,-41.4998],[-71.2255,-41.6654],[-71.3064,-41.8209],[-71.2258,-41.8558],[-71.2401,-41.954],[-71.1749,-42.0]]]}},{"type":"Feature","properties":{"name":"San Antonio","province":"Jujuy"},"geometry":{"type":"Polygon","coordinates":[[[-65.1406,-24.3322],[-65.1787,-24.2783],[-65.2038,-24.2865],[-65.3458,-24.255],[-65.3796,-24.2777],[-65.4459,-24.2692],[-65.4881,-24.2957],[-65.5755,-24.2944],[-65.6723,-24.249],[-65.6825,-24.3066],[-65.6563,-24.3774],[-65.6205,-24.3844],[-65.6002,-24.417],[-65.5074,-24.4575],[-65.499,-24.4338],[-65.4643,-24.4306],[-65.4347,-24.4628],[-65.4256,-24.4515],[-65.3573,-24.4624],[-65.3506,-24.429],[-65.3679,-24.411],[-65.3572,-24.383],[-65.2694,-24.362],[-65.2695,-24.3138],[-65.1406,-24.3322]]]}},{"type":"Feature","properties":{"name":"Chicligasta","province":"Tucumán"},"geometry":{"type":"Polygon","coordinates":[[[-66.1394,-27.2619],[-65.995,-27.3144],[-65.9731,-27.3316],[-65.9582,-27.402],[-65.9344,-27.4032],[-65.9303,-27.3833],[-65.9005,-27.3672],[-65.7947,-27.3553],[-65.7194,-27.3571],[-65.642,-27.4136],[-65.5552,-27.4161],[-65.5456,-27.4325],[-65.4982,-27.4327],[-65.4872,-27.4046],[-65.4715,-27.4217],[-65.4617,-27.3939],[-65.4783,-27.3817],[-65.4656,-27.3011],[-65.5173,-27.2924],[-65.5329,-27.2758],[-65.5821,-27.2773],[-65.6836,-27.2265],[-65.6969,-27.2016],[-65.7959,-27.1951],[-65.7976,-27.1641],[-65.8231,-27.1369],[-65.9229,-27.0957],[-65.973,-27.0541],[-65.9882,-27.1031],[-66.0547,-27.1441],[-66.0779,-27.2092],[-66.1113,-27.2166],[-66.1394,-27.2619]]]}},{"type":"Feature","properties":{"name":"Figueroa","province":"Santiago del Estero"},"geometry":{"type":"Polygon","coordinates":[[[-63.5485,-26.9255],[-63.8795,-26.9367],[-63.8791,-26.9051],[-63.989,-26.9044],[-63.99,-27.0303],[-63.9398,-27.0306],[-63.9403,-27.1449],[-63.9761,-27.1445],[-63.9757,-27.1915],[-63.9266,-27.1925],[-63.9268,-27.2377],[-63.9809,-27.2473],[-64.0038,-27.3895],[-63.9645,-27.3962],[-63.9956,-27.5178],[-63.9602,-27.5176],[-63.9887,-27.5587],[-63.916,-27.6555],[-63.88,-27.6448],[-63.833,-27.6805],[-63.8333,-27.7333],[-63.7415,-27.7331],[-63.6743,-27.7516],[-63.6605,-27.8176],[-63.5926,-27.8296],[-63.5809,-27.867],[-63.4792,-27.8336],[-63.4955,-27.8241],[-63.4993,-27.7814],[-63.3452,-27.7709],[-63.3415,-27.7548],[-63.2752,-27.7661],[-63.2653,-27.7212],[-63.2235,-27.728],[-63.2285,-27.6999],[-63.2173,-27.702],[-63.1839,-27.5475],[-63.2416,-27.5365],[-63.2324,-27.5001],[-63.2629,-27.4968],[-63.2522,-27.4434],[-63.2025,-27.439],[-63.208,-27.3215],[-63.2552,-27.3121],[-63.2222,-27.1495],[-63.2572,-27.1496],[-63.257,-27.1086],[-63.2408,-27.1085],[-63.2341,-26.8781],[-63.2118,-26.8781],[-63.2119,-26.8418],[-63.2334,-26.8417],[-63.2337,-26.7648],[-63.3784,-26.7641],[-63.3784,-26.888],[-63.571,-26.8872],[-63.5485,-26.9255]]]}},{"type":"Feature","properties":{"name":"San Fernando","province":"Buenos Aires"},"geometry":{"type":"MultiPolygon","coordinates":[[[[-58.6751,-34.0256],[-58.8049,-34.0827],[-58.7463,-34.1657],[-58.6916,-34.1724],[-58.7114,-34.2484],[-58.5101,-34.3037],[-58.5096,-34.295],[-58.5,-34.2883],[-58.5114,-34.2682],[-58.4167,-34.2644],[-58.4036,-34.2252],[-58.3564,-34.1922],[-58.3733,-34.1581],[-58.3622,-34.0545],[-58.379,-34.0412],[-58.3837,-34.0361],[-58.3922,-34.0253],[-58.3986,-34.0149],[-58.4129,-34.0109],[-58.4162,-34.0027],[-58.4773,-34.0026],[-58.6072,-34.0379],[-58.6751,-34.0256]]],[[[-58.6,-34.4894],[-58.5779,-34.476],[-58.5174,-34.4472],[-58.5588,-34.424],[-58.5954,-34.4484],[-58.6,-34.4894]]],[[[-58.2838,-34.2099],[-58.3123,-34.1863],[-58.3299,-34.2059],[-58.2977,-34.2186],[-58.2924,-34.2314],[-58.2838,-34.2099]]],[[[-58.3574,-34.0533],[-58.3655,-34.0272],[-58.3951,-34.0133],[-58.3821,-34.0378],[-58.3574,-34.0533]]],[[[-58.4745,-34.3055],[-58.5085,-34.3017],[-58.4768,-34.3192],[-58.4745,-34.3055]]],[[[-58.3173,-34.1819],[-58.3332,-34.1788],[-58.3345,-34.1953],[-58.3173,-34.1819]]],[[[-58.3371,-34.2373],[-58.3323,-34.2214],[-58.3388,-34.2143],[-58.3489,-34.2217],[-58.3371,-34.2373]]],[[[-58.3299,-34.2317],[-58.317,-34.2256],[-58.3308,-34.2137],[-58.3299,-34.2317]]],[[[-58.335,-34.1739],[-58.3318,-34.1539],[-58.3412,-34.1506],[-58.335,-34.1739]]],[[[-58.307,-34.218],[-58.3304,-34.2106],[-58.3095,-34.2268],[-58.307,-34.218]]],[[[-58.4858,-34.2885],[-58.5014,-34.2935],[-58.4863,-34.2975],[-58.4858,-34.2885]]],[[[-58.3218,-34.1732],[-58.3259,-34.1633],[-58.3344,-34.1772],[-58.3218,-34.1732]]],[[[-58.2503,-34.2143],[-58.2601,-34.2084],[-58.2532,-34.217],[-58.2503,-34.2143]]],[[[-58.2645,-34.2367],[-58.268,-34.2247],[-58.271,-34.2258],[-58.2645,-34.2367]]],[[[-58.3307,-34.2467],[-58.3236,-34.245],[-58.3301,-34.2417],[-58.3307,-34.2467]]],[[[-58.3589,-34.1309],[-58.3526,-34.1322],[-58.3544,-34.1273],[-58.3589,-34.1309]]],[[[-58.4763,-34.2998],[-58.478,-34.2959],[-58.4811,-34.2984],[-58.4763,-34.2998]]],[[[-58.3409,-34.1495],[-58.3343,-34.146],[-58.3366,-34.139],[-58.3409,-34.1495]]],[[[-58.4786,-34.2854],[-58.4816,-34.286],[-58.4661,-34.2869],[-58.4786,-34.2854]]],[[[-58.3243,-34.2354],[-58.33,-34.2328],[-58.3291,-34.239],[-58.3243,-34.2354]]],[[[-58.2978,-34.2339],[-58.294,-34.2327],[-58.2969,-34.2312],[-58.2978,-34.2339]]],[[[-58.3193,-34.2373],[-58.3257,-34.2378],[-58.3192,-34.2387],[-58.3193,-34.2373]]],[[[-58.4727,-34.3019],[-58.4747,-34.3043],[-58.4726,-34.3032],[-58.4727,-34.3019]]],[[[-58.3298,-34.1522],[-58.3319,-34.1467],[-58.3324,-34.1497],[-58.3298,-34.1522]]],[[[-58.3545,-34.0505],[-58.3504,-34.0476],[-58.3511,-34.0461],[-58.3545,-34.0505]]],[[[-58.4716,-34.3007],[-58.4733,-34.2996],[-58.4759,-34.3006],[-58.4716,-34.3007]]],[[[-58.3591,-34.057],[-58.3575,-34.0556],[-58.3588,-34.0546],[-58.3591,-34.057]]],[[[-58.4632,-34.2963],[-58.4646,-34.2969],[-58.4628,-34.2975],[-58.4632,-34.2963]]]]}},{"type":"Feature","properties":{"name":"Cushamen","province":"Chubut"},"geometry":{"type":"Polygon","coordinates":[[[-71.7738,-41.9998],[-71.7572,-42.0371],[-71.7277,-42.0466],[-71.7417,-42.0827],[-71.7261,-42.1097],[-71.7475,-42.1305],[-71.7772,-42.1302],[-71.7817,-42.1481],[-71.8348,-42.1626],[-71.8745,-42.1547],[-71.8929,-42.1807],[-71.9253,-42.1905],[-71.9546,-42.1644],[-71.9576,-42.1413],[-72.0069,-42.1401],[-72.053,-42.1139],[-72.0791,-42.1295],[-72.0665,-42.1467],[-72.1229,-42.155],[-72.1752,-42.1428],[-72.1841,-42.1774],[-72.1558,-42.2054],[-72.1663,-42.2138],[-72.1536,-42.2434],[-72.1681,-42.2599],[-72.1208,-42.324],[-72.1383,-42.327],[-72.1319,-42.3843],[-72.1127,-42.3983],[-72.0772,-42.3825],[-72.0285,-42.4075],[-72.0481,-42.4524],[-72.0207,-42.4787],[-71.6272,-42.4853],[-71.5986,-42.6052],[-71.4802,-42.6132],[-71.4875,-42.661],[-71.3484,-42.7829],[-71.3562,-42.794],[-71.328,-42.8312],[-71.2916,-42.8582],[-71.1671,-42.8619],[-71.0466,-42.9468],[-70.9364,-42.8636],[-70.5856,-42.8651],[-70.5166,-42.7377],[-70.4349,-42.6478],[-70.3493,-42.596],[-70.322,-42.5976],[-70.2937,-42.6325],[-70.2663,-42.6413],[-70.2103,-42.624],[-70.1483,-42.6293],[-70.0418,-42.673],[-70.017,-42.6725],[-69.9887,-42.6407],[-69.9571,-42.6316],[-69.8475,-42.6244],[-69.7364,-42.6814],[-69.596,-42.6937],[-69.5053,-42.7968],[-69.4281,-42.0001],[-71.7738,-41.9998]]]}},{"type":"Feature","properties":{"name":"San Ignacio","province":"Misiones"},"geometry":{"type":"Polygon","coordinates":[[[-55.2889,-27.3992],[-55.2896,-27.354],[-55.2701,-27.3331],[-55.2182,-27.3268],[-55.2122,-27.3097],[-55.1856,-27.3113],[-55.1857,-27.2883],[-55.1429,-27.2802],[-55.1358,-27.18],[-55.1005,-27.1795],[-55.0974,-27.0475],[-55.1474,-27.0542],[-55.1701,-27.035],[-55.1795,-26.9902],[-55.2021,-26.9904],[-55.2011,-26.9699],[-55.2549,-26.9376],[-55.3067,-26.9639],[-55.3757,-26.9662],[-55.4198,-26.993],[-55.4537,-27.0456],[-55.4511,-27.1021],[-55.5613,-27.1013],[-55.5611,-27.1609],[-55.6077,-27.1613],[-55.6188,-27.1872],[-55.5747,-27.2475],[-55.5744,-27.2709],[-55.6024,-27.2846],[-55.5876,-27.3134],[-55.5105,-27.28],[-55.5241,-27.2918],[-55.4708,-27.3154],[-55.4899,-27.3644],[-55.4284,-27.3908],[-55.432,-27.3797],[-55.4057,-27.3839],[-55.4,-27.3658],[-55.3776,-27.3775],[-55.3813,-27.3899],[-55.3565,-27.3772],[-55.3447,-27.3866],[-55.358,-27.3946],[-55.3377,-27.3979],[-55.3228,-27.398],[-55.3111,-27.3738],[-55.2889,-27.3992]]]}},{"type":"Feature","properties":{"name":"Pila","province":"Buenos Aires"},"geometry":{"type":"Polygon","coordinates":[[[-58.1897,-36.4524],[-57.9604,-36.2527],[-58.0935,-36.1546],[-57.9669,-36.0648],[-58.0329,-36.0144],[-58.0081,-35.9595],[-58.0199,-35.9441],[-58.0907,-35.9499],[-58.0896,-35.9382],[-58.11,-35.9353],[-58.1038,-35.9204],[-58.1377,-35.9052],[-58.1468,-35.8672],[-58.189,-35.8604],[-58.2219,-35.8196],[-58.2643,-35.823],[-58.2717,-35.8574],[-58.5722,-36.1207],[-58.7083,-36.017],[-58.8283,-36.1105],[-58.8411,-36.1417],[-58.7636,-36.208],[-58.7833,-36.2255],[-58.597,-36.3634],[-58.5784,-36.3473],[-58.2126,-36.6153],[-58.1014,-36.5214],[-58.1897,-36.4524]]]}},{"type":"Feature","properties":{"name":"San Miguel","province":"Corrientes"},"geometry":{"type":"Polygon","coordinates":[[[-56.9454,-27.5734],[-56.9696,-27.4979],[-57.0365,-27.4806],[-57.1205,-27.4934],[-57.2546,-27.4735],[-57.2252,-27.497],[-57.2285,-27.5118],[-57.3039,-27.5507],[-57.4229,-27.6536],[-57.4986,-27.6916],[-57.5933,-27.7664],[-57.7269,-27.9322],[-57.778,-27.9716],[-57.6276,-28.1362],[-57.6716,-28.1633],[-57.6047,-28.253],[-57.6806,-28.3196],[-57.6293,-28.3691],[-57.6588,-28.4105],[-57.6443,-28.4197],[-57.4574,-28.2927],[-57.3983,-28.1483],[-57.4128,-28.0693],[-57.3546,-27.9346],[-57.1947,-27.8074],[-57.1792,-27.7541],[-57.1167,-27.7062],[-57.0968,-27.6651],[-56.9454,-27.5734]]]}},{"type":"Feature","properties":{"name":"Río Chico","province":"Santa Cruz"},"geometry":{"type":"Polygon","coordinates":[[[-71.8921,-47.2272],[-72.0186,-47.1984],[-72.0009,-47.2176],[-72.0166,-47.2473],[-71.9964,-47.295],[-72.0464,-47.3393],[-72.1281,-47.3281],[-72.1613,-47.3945],[-72.1974,-47.417],[-72.2445,-47.4061],[-72.2934,-47.4462],[-72.3413,-47.4562],[-72.2911,-47.5119],[-72.327,-47.5714],[-72.3091,-47.5908],[-72.3534,-47.6362],[-72.4208,-47.6616],[-72.4174,-47.6943],[-72.4505,-47.7053],[-72.4427,-47.7461],[-72.4661,-47.7379],[-72.4844,-47.7591],[-72.5233,-47.7404],[-72.4959,-47.7971],[-72.4682,-47.8127],[-72.4769,-47.8709],[-72.498,-47.8751],[-72.5274,-47.9378],[-72.4978,-47.9612],[-72.426,-47.967],[-72.4188,-48.0027],[-72.4438,-48.0643],[-72.4161,-48.0781],[-72.3603,-48.0736],[-72.355,-48.101],[-72.2991,-48.1586],[-72.3071,-48.2012],[-72.3258,-48.2155],[-72.3167,-48.234],[-72.2264,-48.3206],[-72.2411,-48.3483],[-72.278,-48.3626],[-72.3807,-48.3501],[-72.377,-48.3715],[-72.3478,-48.3902],[-72.4064,-48.4161],[-72.4089,-48.4327],[-72.3735,-48.4498],[-72.3936,-48.483],[-72.4416,-48.5141],[-72.5024,-48.5185],[-72.5334,-48.4838],[-72.5654,-48.4833],[-71.4002,-49.1933],[-69.7582,-49.2087],[-69.7344,-48.3221],[-69.783,-48.307],[-70.7689,-47.3199],[-71.5715,-47.3639],[-71.8921,-47.2272]]]}},{"type":"Feature","properties":{"name":"Roque Pérez","province":"Buenos Aires"},"geometry":{"type":"Polygon","coordinates":[[[-59.1814,-35.7561],[-59.1748,-35.7121],[-59.1307,-35.6982],[-59.1434,-35.6254],[-59.0305,-35.6043],[-59.0322,-35.5782],[-59.0632,-35.5769],[-59.0745,-35.5611],[-59.0371,-35.562],[-59.0503,-35.5419],[-59.0418,-35.5169],[-59.021,-35.514],[-59.0078,-35.4799],[-59.0179,-35.4684],[-59.1046,-35.4271],[-59.1278,-35.4359],[-59.1636,-35.421],[-59.1675,-35.4053],[-59.2642,-35.39],[-59.2944,-35.3649],[-59.3239,-35.3742],[-59.3222,-35.3587],[-59.3803,-35.3335],[-59.3929,-35.2928],[-59.4685,-35.3071],[-59.4808,-35.2867],[-59.5051,-35.2887],[-59.5853,-35.3597],[-59.6424,-35.3162],[-59.7134,-35.3778],[-59.7559,-35.3462],[-59.8255,-35.4066],[-59.7688,-35.4503],[-59.7753,-35.4783],[-59.6477,-35.469],[-59.6205,-35.4514],[-59.5241,-35.4566],[-59.4949,-35.4925],[-59.3795,-35.5375],[-59.3501,-35.5293],[-59.4129,-35.586],[-59.1814,-35.7561]]]}},{"type":"Feature","properties":{"name":"Chivilcoy","province":"Buenos Aires"},"geometry":{"type":"Polygon","coordinates":[[[-59.9445,-34.6717],[-59.9685,-34.6914],[-60.0072,-34.6402],[-60.0635,-34.6905],[-60.1063,-34.6573],[-60.1901,-34.727],[-60.1635,-34.7482],[-60.1773,-34.76],[-60.1669,-34.7731],[-60.3037,-34.8813],[-60.1228,-35.0327],[-60.1572,-35.0624],[-60.1332,-35.0816],[-60.0544,-35.09],[-59.9741,-35.1323],[-59.8998,-35.1167],[-59.871,-35.1518],[-59.8354,-35.1584],[-59.8228,-35.1764],[-59.6058,-34.9972],[-59.6985,-34.8972],[-59.7824,-34.8435],[-59.8103,-34.8065],[-59.79,-34.7882],[-59.9445,-34.6717]]]}},{"type":"Feature","properties":{"name":"Ezeiza","province":"Buenos Aires"},"geometry":{"type":"Polygon","coordinates":[[[-58.6506,-34.891],[-58.599,-34.9429],[-58.6201,-34.961],[-58.5562,-35.0069],[-58.554,-34.9754],[-58.4915,-34.9283],[-58.509,-34.9002],[-58.5205,-34.7409],[-58.5683,-34.7588],[-58.6506,-34.891]]]}},{"type":"Feature","properties":{"name":"Constitución","province":"Santa Fe"},"geometry":{"type":"Polygon","coordinates":[[[-60.4686,-33.6382],[-60.4564,-33.5821],[-60.4181,-33.5585],[-60.4096,-33.4678],[-60.335,-33.4125],[-60.3237,-33.3491],[-60.2644,-33.2796],[-60.2658,-33.2585],[-60.2978,-33.2423],[-60.285,-33.204],[-60.3109,-33.1804],[-60.3429,-33.1779],[-60.3389,-33.2175],[-60.4026,-33.2027],[-60.4591,-33.2573],[-60.4915,-33.3151],[-60.5794,-33.3618],[-60.6826,-33.3354],[-60.7113,-33.3074],[-60.7612,-33.3102],[-60.8043,-33.266],[-60.889,-33.2901],[-60.9446,-33.366],[-61.0668,-33.4293],[-61.075,-33.419],[-61.1888,-33.4916],[-61.3138,-33.3291],[-61.3831,-33.3667],[-61.3611,-33.3951],[-61.522,-33.3981],[-61.4683,-33.468],[-61.4223,-33.4432],[-61.1259,-33.8331],[-60.9307,-33.652],[-60.9181,-33.5902],[-60.8626,-33.5467],[-60.8181,-33.5396],[-60.7809,-33.5786],[-60.6846,-33.5852],[-60.6191,-33.6295],[-60.5603,-33.6459],[-60.4686,-33.6382]]]}},{"type":"Feature","properties":{"name":"San Cristobal","province":"Santa Fe"},"geometry":{"type":"Polygon","coordinates":[[[-62.1306,-30.4799],[-61.8434,-30.7508],[-61.6662,-30.7825],[-61.6553,-30.7375],[-61.4381,-30.7761],[-61.4231,-30.7117],[-61.2098,-30.7479],[-61.1785,-30.6097],[-60.8925,-30.6693],[-60.9248,-30.7064],[-60.9038,-30.7122],[-60.8914,-30.7631],[-60.8228,-30.8021],[-60.7947,-30.7829],[-60.772,-30.8084],[-60.7462,-30.8022],[-60.7278,-30.7803],[-60.7181,-30.7865],[-60.7109,-30.7723],[-60.725,-30.7689],[-60.7015,-30.7476],[-60.688,-30.7583],[-60.679,-30.7447],[-60.6225,-30.7469],[-60.6262,-30.7316],[-60.5987,-30.7145],[-60.6082,-30.7033],[-60.5909,-30.6663],[-60.6188,-30.6514],[-60.6191,-30.5942],[-60.6274,-30.6037],[-60.6394,-30.5794],[-60.6641,-30.5709],[-60.661,-30.5501],[-60.6897,-30.5434],[-60.675,-30.5187],[-60.6854,-30.5092],[-60.6556,-30.5102],[-60.6508,-30.4747],[-60.638,-30.4794],[-60.6591,-30.4298],[-60.6466,-30.4271],[-60.664,-30.4233],[-60.6537,-30.4175],[-60.6661,-30.3994],[-60.6525,-30.3978],[-60.6826,-30.3792],[-60.6726,-30.3422],[-60.6499,-30.3422],[-60.6568,-30.3037],[-60.6416,-30.2884],[-60.6568,-30.259],[-60.6978,-30.254],[-60.7358,-30.2103],[-60.7013,-30.1434],[-60.7493,-30.0912],[-60.7516,-30.0577],[-60.7181,-30.0092],[-60.7267,-29.9816],[-60.6931,-29.962],[-60.722,-29.9168],[-60.6993,-29.8753],[-60.7191,-29.8674],[-60.7664,-29.7904],[-60.7648,-29.7544],[-60.8031,-29.7464],[-60.812,-29.7639],[-60.8272,-29.7611],[-60.8438,-29.7017],[-60.8774,-29.701],[-60.9111,-29.6733],[-60.9695,-29.6774],[-61.0754,-29.6512],[-61.1228,-29.5676],[-61.2017,-29.552],[-61.2022,-29.54],[-61.2367,-29.5459],[-61.2735,-29.5172],[-61.3537,-29.8396],[-61.7472,-29.7753],[-61.907,-29.7785],[-61.9421,-29.7406],[-61.9279,-29.6621],[-61.9923,-29.6616],[-62.1306,-30.4799]]]}},{"type":"Feature","properties":{"name":"Colón","province":"Buenos Aires"},"geometry":{"type":"Polygon","coordinates":[[[-58.2882,-31.6687],[-58.3734,-31.7215],[-58.3788,-31.7438],[-58.4308,-31.7414],[-58.3997,-31.8106],[-58.4603,-31.8161],[-58.5071,-31.7876],[-58.5432,-31.8223],[-58.5368,-31.8432],[-58.5648,-31.8617],[-58.5941,-31.8456],[-58.6278,-31.883],[-58.6075,-31.9024],[-58.7086,-31.8882],[-58.6984,-31.8609],[-58.7293,-31.8566],[-58.7427,-31.9211],[-58.7314,-31.9768],[-58.7075,-31.9648],[-58.699,-31.9782],[-58.6973,-32.0288],[-58.6659,-32.0623],[-58.6522,-32.1595],[-58.6268,-32.194],[-58.5863,-32.1963],[-58.5544,-32.2452],[-58.5289,-32.1907],[-58.4118,-32.1843],[-58.4171,-32.2497],[-58.34,-32.2644],[-58.2859,-32.3315],[-58.236,-32.3461],[-58.2243,-32.367],[-58.1972,-32.3568],[-58.1846,-32.3806],[-58.1236,-32.3408],[-58.0991,-32.2701],[-58.1049,-32.2445],[-58.1833,-32.1592],[-58.1674,-32.0914],[-58.1431,-32.0606],[-58.1383,-32.0018],[-58.2068,-31.8716],[-58.1902,-31.853],[-58.0839,-31.8196],[-58.0385,-31.7599],[-58.037,-31.7272],[-58.0636,-31.7381],[-58.0822,-31.7202],[-58.0869,-31.7343],[-58.1224,-31.7212],[-58.1626,-31.7443],[-58.2285,-31.7354],[-58.279,-31.6985],[-58.2882,-31.6687]]]}},{"type":"Feature","properties":{"name":"General Alvear","province":"Mendoza"},"geometry":{"type":"Polygon","coordinates":[[[-66.6516,-34.7573],[-66.6416,-34.7167],[-66.6917,-34.6901],[-66.7131,-34.6286],[-66.7033,-34.62],[-66.7586,-34.5663],[-66.792,-34.4898],[-66.8444,-34.4905],[-66.8703,-34.5111],[-66.9205,-34.5136],[-66.9422,-34.5351],[-67.0575,-34.5534],[-67.0781,-34.5728],[-67.153,-34.5576],[-67.2037,-34.5645],[-67.283,-34.5359],[-67.337,-34.5482],[-67.3862,-34.5388],[-67.4259,-34.5571],[-67.559,-34.531],[-67.6383,-34.5324],[-67.6333,-34.5652],[-67.6642,-34.6205],[-67.7221,-34.9709],[-67.6925,-35.0138],[-67.7082,-35.0286],[-67.6962,-35.0345],[-67.7109,-35.0543],[-67.6987,-35.0823],[-67.7182,-35.0969],[-67.7128,-35.1278],[-67.7294,-35.1496],[-67.7129,-35.1741],[-67.7313,-35.2034],[-67.7129,-35.2063],[-67.7131,-35.2402],[-67.6785,-35.2527],[-67.6714,-35.2932],[-67.6454,-35.3147],[-67.6585,-35.3377],[-67.6469,-35.3896],[-67.5919,-35.4578],[-67.5295,-35.5021],[-67.5061,-35.5494],[-67.4785,-35.5635],[-67.4779,-35.5895],[-67.4115,-35.656],[-67.4148,-35.7211],[-67.3355,-35.8063],[-67.2844,-35.8323],[-67.1949,-35.9995],[-66.6379,-35.9995],[-66.6203,-35.9705],[-66.6236,-35.8547],[-66.5934,-35.8038],[-66.5806,-35.7038],[-66.5493,-35.6436],[-66.5706,-35.5821],[-66.5258,-35.5406],[-66.5174,-35.4701],[-66.5293,-35.4429],[-66.4957,-35.3099],[-66.5202,-35.2748],[-66.4842,-35.2409],[-66.4985,-35.1935],[-66.4786,-35.1404],[-66.4987,-35.1065],[-66.4891,-35.0948],[-66.5075,-35.0908],[-66.5269,-35.0495],[-66.5224,-35.0218],[-66.5408,-35.0156],[-66.5464,-34.968],[-66.526,-34.9428],[-66.5553,-34.911],[-66.5455,-34.8832],[-66.5635,-34.8294],[-66.6028,-34.8028],[-66.6086,-34.7738],[-66.6516,-34.7573]]]}},{"type":"Feature","properties":{"name":"Burruyacú","province":"Tucumán"},"geometry":{"type":"Polygon","coordinates":[[[-64.4951,-26.2189],[-64.6223,-26.2241],[-64.6624,-26.2442],[-64.7904,-26.2237],[-64.8453,-26.2386],[-64.8734,-26.2749],[-64.9512,-26.3068],[-64.9737,-26.2769],[-65.0405,-26.274],[-65.0447,-26.3203],[-65.1028,-26.4009],[-65.1134,-26.5069],[-65.1409,-26.5078],[-65.1673,-26.5536],[-65.1912,-26.5537],[-65.1914,-26.5808],[-65.1719,-26.5784],[-65.1654,-26.5994],[-65.1918,-26.641],[-65.1731,-26.6564],[-65.1581,-26.7577],[-65.1301,-26.744],[-65.0999,-26.7557],[-65.1047,-26.7769],[-64.9479,-26.8067],[-64.9369,-26.7635],[-64.8797,-26.7739],[-64.894,-26.833],[-64.8521,-26.8409],[-64.846,-26.815],[-64.8052,-26.8225],[-64.8084,-26.8398],[-64.7366,-26.867],[-64.738,-26.8853],[-64.7197,-26.8848],[-64.7072,-26.8195],[-64.6776,-26.8245],[-64.6726,-26.794],[-64.6179,-26.8027],[-64.5875,-26.6581],[-64.4988,-26.6735],[-64.5344,-26.4106],[-64.5214,-26.353],[-64.482,-26.3068],[-64.5023,-26.239],[-64.4951,-26.2189]]]}},{"type":"Feature","properties":{"name":"San Javier","province":"Misiones"},"geometry":{"type":"Polygon","coordinates":[[[-54.9762,-27.7711],[-55.0383,-27.6474],[-55.0766,-27.6153],[-55.1716,-27.6203],[-55.1655,-27.6952],[-55.1892,-27.699],[-55.1948,-27.7333],[-55.2606,-27.7403],[-55.2869,-27.727],[-55.3256,-27.7836],[-55.3627,-27.7745],[-55.3107,-27.9216],[-55.279,-27.9327],[-55.1972,-27.8571],[-55.1715,-27.8611],[-55.1344,-27.8962],[-55.1085,-27.8474],[-55.0327,-27.8567],[-55.025,-27.8326],[-55.0839,-27.786],[-55.0559,-27.77],[-55.0083,-27.7976],[-54.9762,-27.7711]]]}},{"type":"Feature","properties":{"name":"Curacó","province":"La Pampa"},"geometry":{"type":"Polygon","coordinates":[[[-66.6448,-38.5379],[-66.6338,-38.5568],[-66.6099,-38.558],[-66.578,-38.6214],[-66.6071,-38.6791],[-66.5759,-38.7016],[-66.5534,-38.6984],[-66.5386,-38.7209],[-66.4988,-38.718],[-66.442,-38.7457],[-66.4091,-38.731],[-66.4044,-38.7441],[-66.3418,-38.7577],[-66.3218,-38.7486],[-66.315,-38.7616],[-66.3091,-38.7431],[-66.2885,-38.7559],[-66.2468,-38.7356],[-66.1804,-38.7314],[-66.1772,-38.7454],[-66.1552,-38.7292],[-66.1203,-38.7435],[-66.0848,-38.7256],[-66.0613,-38.7517],[-66.0312,-38.7394],[-66.0339,-38.7509],[-65.951,-38.7473],[-65.9462,-38.7675],[-65.8749,-38.7777],[-65.882,-38.7893],[-65.8639,-38.7995],[-65.8172,-38.7888],[-65.806,-38.8061],[-65.7876,-38.7954],[-65.7796,-38.8102],[-65.7018,-38.8165],[-65.6849,-38.8313],[-65.6549,-37.676],[-67.1117,-37.7002],[-67.0955,-38.395],[-67.007,-38.4243],[-66.9944,-38.4465],[-66.897,-38.4437],[-66.8897,-38.4636],[-66.7861,-38.4805],[-66.7114,-38.5325],[-66.6448,-38.5379]]]}},{"type":"Feature","properties":{"name":"Malargüe","province":"Mendoza"},"geometry":{"type":"Polygon","coordinates":[[[-68.2692,-35.9996],[-68.486,-35.5793],[-68.7451,-35.3676],[-69.2744,-35.2559],[-69.3757,-35.2684],[-69.5132,-35.2272],[-69.5524,-35.1846],[-69.5461,-35.1632],[-69.5695,-35.1076],[-69.6087,-35.0841],[-69.6665,-34.9781],[-70.0146,-34.8068],[-70.0885,-34.7472],[-70.1467,-34.7405],[-70.2213,-34.6899],[-70.2422,-34.6893],[-70.2593,-34.7302],[-70.3077,-34.7511],[-70.3086,-34.7699],[-70.2482,-34.7989],[-70.28,-34.8523],[-70.2763,-34.8763],[-70.3311,-34.9365],[-70.3337,-34.9899],[-70.3638,-35.006],[-70.3604,-35.0349],[-70.3763,-35.0509],[-70.3739,-35.0857],[-70.3576,-35.099],[-70.375,-35.1702],[-70.4721,-35.2039],[-70.536,-35.1991],[-70.5681,-35.2238],[-70.5837,-35.2672],[-70.5663,-35.2995],[-70.5002,-35.3211],[-70.4319,-35.3183],[-70.4184,-35.3537],[-70.452,-35.3916],[-70.4383,-35.4132],[-70.4521,-35.4263],[-70.4323,-35.4457],[-70.4465,-35.4632],[-70.4137,-35.4885],[-70.3942,-35.4853],[-70.368,-35.5207],[-70.4136,-35.5285],[-70.3847,-35.6051],[-70.4238,-35.6411],[-70.3745,-35.7006],[-70.3583,-35.7496],[-70.3801,-35.767],[-70.3787,-35.7879],[-70.312,-35.8132],[-70.3696,-35.8412],[-70.3813,-35.8669],[-70.422,-35.8766],[-70.424,-35.9147],[-70.3648,-35.9242],[-70.423,-35.9715],[-70.3782,-35.99],[-70.37,-36.0402],[-70.4108,-36.0569],[-70.4255,-36.0953],[-70.3991,-36.119],[-70.3958,-36.1931],[-70.3732,-36.2229],[-70.3613,-36.3053],[-70.3426,-36.3358],[-70.2221,-36.3293],[-70.1954,-36.4232],[-70.2009,-36.4546],[-70.1205,-36.5722],[-70.0224,-36.6648],[-70.0125,-36.6947],[-69.9871,-36.6932],[-69.9477,-36.7217],[-69.9446,-36.744],[-69.9213,-36.7597],[-69.9234,-36.7924],[-69.8756,-36.8108],[-69.8505,-36.8458],[-69.7591,-36.8714],[-69.7522,-36.8853],[-69.7792,-36.9161],[-69.778,-36.9631],[-69.7535,-37.0705],[-69.6273,-37.1433],[-69.5392,-37.1709],[-69.4302,-37.1597],[-69.3962,-37.1713],[-69.2699,-37.1442],[-69.2192,-37.1769],[-69.1715,-37.178],[-69.0668,-37.2228],[-69.0383,-37.255],[-69.0494,-37.3123],[-69.0256,-37.3645],[-68.894,-37.3794],[-68.8666,-37.4007],[-68.7667,-37.3655],[-68.7178,-37.3892],[-68.6973,-37.4417],[-68.5043,-37.4535],[-68.4371,-37.5442],[-68.395,-37.5595],[-68.3547,-37.5467],[-68.25,-37.5767],[-68.2502,-36.1725],[-68.2961,-36.1725],[-68.2961,-35.9996],[-68.2692,-35.9996]]]}},{"type":"Feature","properties":{"name":"Dolores","province":"Buenos Aires"},"geometry":{"type":"Polygon","coordinates":[[[-57.661,-36.7232],[-57.4007,-36.5125],[-57.4451,-36.479],[-57.3442,-36.3654],[-57.4734,-36.3402],[-57.4192,-36.1572],[-57.6452,-36.1075],[-57.6717,-36.203],[-57.7847,-36.1775],[-57.8159,-36.2789],[-57.8723,-36.2673],[-57.8838,-36.3022],[-57.9727,-36.2637],[-57.9887,-36.2777],[-57.7757,-36.4376],[-57.8112,-36.4677],[-57.7782,-36.4928],[-57.8486,-36.5552],[-57.7633,-36.6244],[-57.7764,-36.6348],[-57.661,-36.7232]]]}},{"type":"Feature","properties":{"name":"Iriondo","province":"Santa Fe"},"geometry":{"type":"Polygon","coordinates":[[[-61.4377,-32.3938],[-61.5328,-32.8466],[-61.5183,-32.8491],[-61.6424,-32.8832],[-61.7106,-33.0916],[-61.6494,-33.0889],[-61.6357,-33.0667],[-61.5652,-33.0637],[-61.5431,-33.0413],[-61.2968,-32.9869],[-61.2363,-32.9512],[-61.2462,-32.9432],[-61.171,-32.8524],[-61.0625,-32.8025],[-61.0547,-32.77],[-60.9951,-32.6942],[-60.8886,-32.6689],[-60.8744,-32.6803],[-60.8126,-32.6378],[-60.8424,-32.5907],[-60.8602,-32.5021],[-60.8557,-32.4745],[-60.8278,-32.4582],[-60.8676,-32.4516],[-60.8967,-32.4674],[-61.1928,-32.4388],[-61.4377,-32.3938]]]}},{"type":"Feature","properties":{"name":"Albardón","province":"San Juan"},"geometry":{"type":"Polygon","coordinates":[[[-68.4603,-31.459],[-68.4698,-31.4533],[-68.4118,-31.3595],[-68.3343,-31.2942],[-68.3343,-30.9299],[-68.4257,-30.9295],[-68.4255,-30.9534],[-68.4936,-30.9923],[-68.539,-31.1769],[-68.5479,-31.286],[-68.5877,-31.3597],[-68.6052,-31.4507],[-68.6421,-31.5025],[-68.5187,-31.4577],[-68.4603,-31.459]]]}},{"type":"Feature","properties":{"name":"San Javier","province":"Córdoba"},"geometry":{"type":"Polygon","coordinates":[[[-64.9288,-31.9093],[-64.9956,-31.86],[-65.0187,-31.8786],[-65.045,-31.872],[-65.1057,-31.9158],[-65.252,-31.9484],[-65.3523,-31.9206],[-65.3526,-31.9042],[-65.6059,-31.8955],[-65.6064,-31.9083],[-65.313,-32.0415],[-65.2449,-32.0901],[-65.2244,-32.1675],[-65.2322,-32.2091],[-65.2084,-32.2484],[-65.2114,-32.3256],[-64.9761,-32.3211],[-64.9528,-32.3086],[-64.9622,-32.2268],[-64.9288,-31.9093]]]}},{"type":"Feature","properties":{"name":"Lihuel Calel","province":"La Pampa"},"geometry":{"type":"Polygon","coordinates":[[[-64.5381,-38.8656],[-64.5202,-37.7053],[-65.6547,-37.6901],[-65.6849,-38.8313],[-65.6486,-38.8244],[-65.6433,-38.8084],[-65.6318,-38.8181],[-65.6321,-38.8025],[-65.6087,-38.7984],[-65.623,-38.7863],[-65.5825,-38.7743],[-65.5232,-38.7792],[-65.5025,-38.7981],[-65.3908,-38.8305],[-65.3745,-38.8557],[-65.2805,-38.8214],[-65.1927,-38.8367],[-65.1914,-38.8104],[-65.1612,-38.8033],[-65.1401,-38.8182],[-65.1114,-38.7995],[-64.9243,-38.8332],[-64.8773,-38.8144],[-64.845,-38.827],[-64.8095,-38.8158],[-64.738,-38.8407],[-64.6728,-38.8332],[-64.5381,-38.8656]]]}},{"type":"Feature","properties":{"name":"General La Madrid","province":"Buenos Aires"},"geometry":{"type":"Polygon","coordinates":[[[-61.509,-37.9389],[-60.8782,-37.451],[-60.9772,-37.3691],[-60.8915,-37.3023],[-61.4226,-36.8639],[-61.7407,-37.1051],[-61.7169,-37.1363],[-61.7251,-37.156],[-61.7023,-37.2183],[-61.7444,-37.2715],[-61.7501,-37.3039],[-61.5367,-37.4833],[-61.597,-37.5305],[-61.4887,-37.6189],[-61.5382,-37.6564],[-61.4424,-37.735],[-61.6056,-37.8618],[-61.509,-37.9389]]]}},{"type":"Feature","properties":{"name":"Poman","province":"Catamarca"},"geometry":{"type":"Polygon","coordinates":[[[-66.353,-28.7329],[-66.4099,-28.8142],[-66.3959,-28.825],[-66.3654,-28.7951],[-66.3371,-28.8009],[-66.3235,-28.7323],[-66.3013,-28.7221],[-66.2972,-28.6792],[-66.274,-28.6658],[-66.2642,-28.629],[-66.2103,-28.6305],[-66.1779,-28.5796],[-66.1837,-28.564],[-66.1476,-28.5448],[-66.1296,-28.499],[-66.0826,-28.4819],[-66.0835,-28.4517],[-66.0527,-28.4528],[-66.041,-28.4357],[-66.0579,-28.3979],[-66.0421,-28.3427],[-66.0551,-28.3094],[-66.0221,-28.1979],[-66.0394,-28.1732],[-66.0289,-28.134],[-66.0452,-28.1245],[-66.0416,-28.1001],[-66.0867,-28.0126],[-66.0788,-27.9797],[-66.0958,-27.9741],[-66.0491,-27.9027],[-66.0693,-27.8353],[-66.086,-27.8235],[-66.0846,-27.7792],[-66.1063,-27.8024],[-66.1837,-27.8274],[-66.254,-27.8223],[-66.2654,-27.8673],[-66.74,-27.866],[-66.7412,-28.0334],[-66.8453,-28.033],[-67.0297,-28.2581],[-66.5708,-28.2886],[-66.515,-28.4663],[-66.5322,-28.5315],[-66.4963,-28.5313],[-66.4962,-28.6223],[-66.396,-28.677],[-66.353,-28.7329]]]}},{"type":"Feature","properties":{"name":"Baradero","province":"Buenos Aires"},"geometry":{"type":"Polygon","coordinates":[[[-59.3197,-34.0236],[-59.3454,-33.9523],[-59.3408,-33.9256],[-59.2591,-33.9413],[-59.2284,-33.9219],[-59.2399,-33.8961],[-59.3025,-33.8491],[-59.2881,-33.8258],[-59.2258,-33.8124],[-59.2548,-33.7939],[-59.2365,-33.7345],[-59.2543,-33.7223],[-59.437,-33.729],[-59.4678,-33.7043],[-59.4916,-33.6409],[-59.5626,-33.7592],[-59.5329,-33.7657],[-59.5103,-33.7787],[-59.5678,-33.7725],[-59.5882,-33.7896],[-59.6046,-33.866],[-59.6532,-33.9171],[-59.7134,-33.9451],[-59.7541,-34.0135],[-59.7085,-34.0932],[-59.7231,-34.1308],[-59.6757,-34.1668],[-59.631,-34.1582],[-59.5957,-34.1707],[-59.5471,-34.1565],[-59.5106,-34.0991],[-59.4635,-34.1351],[-59.3956,-34.0742],[-59.407,-34.0604],[-59.3197,-34.0236]]]}},{"type":"Feature","properties":{"name":"Pocho","province":"Córdoba"},"geometry":{"type":"Polygon","coordinates":[[[-65.7715,-31.2614],[-65.7704,-31.7433],[-65.5022,-31.7594],[-65.4846,-31.6911],[-65.4701,-31.691],[-65.4693,-31.6199],[-65.3993,-31.6201],[-65.3995,-31.649],[-65.2734,-31.6498],[-65.2613,-31.6737],[-65.2368,-31.6755],[-65.2507,-31.567],[-65.1665,-31.5596],[-65.1665,-31.4908],[-65.1821,-31.4904],[-65.172,-31.4533],[-65.1335,-31.4506],[-65.0665,-31.4135],[-64.923,-31.4035],[-64.911,-31.2823],[-65.7715,-31.2614]]]}},{"type":"Feature","properties":{"name":"Almirante Brown","province":"Buenos Aires"},"geometry":{"type":"Polygon","coordinates":[[[-58.4478,-34.8259],[-58.3964,-34.9099],[-58.2924,-34.8549],[-58.3328,-34.8057],[-58.3097,-34.7934],[-58.3368,-34.7543],[-58.4478,-34.8259]]]}},{"type":"Feature","properties":{"name":"San Martín","province":"Santiago del Estero"},"geometry":{"type":"Polygon","coordinates":[[[-63.6285,-28.2518],[-63.6064,-28.1497],[-63.6539,-28.1475],[-63.6507,-28.0748],[-63.737,-28.0145],[-63.7346,-28.0031],[-63.9238,-27.967],[-63.9305,-28.0362],[-63.9634,-28.0298],[-63.9565,-28.0009],[-64.0464,-27.9854],[-64.041,-27.9612],[-64.1128,-27.9771],[-64.0601,-28.0943],[-64.082,-28.2782],[-64.0519,-28.3285],[-64.0171,-28.3077],[-64.0306,-28.3355],[-63.969,-28.3434],[-63.9482,-28.3814],[-63.9271,-28.3675],[-63.9022,-28.3929],[-63.8759,-28.3765],[-63.8389,-28.4051],[-63.817,-28.3956],[-63.8162,-28.4155],[-63.7865,-28.4357],[-63.6941,-28.3795],[-63.7111,-28.3716],[-63.7099,-28.3484],[-63.6358,-28.3512],[-63.6115,-28.2546],[-63.6285,-28.2518]]]}},{"type":"Feature","properties":{"name":"San Martín","province":"Santa Fe"},"geometry":{"type":"Polygon","coordinates":[[[-62.167,-31.9866],[-62.196,-32.1138],[-62.1795,-32.1567],[-62.1278,-32.2085],[-62.0384,-32.2606],[-62.0113,-32.3453],[-61.9038,-32.3275],[-61.9124,-32.3072],[-61.4952,-32.3832],[-61.448,-32.2],[-61.3919,-32.2102],[-61.3693,-32.1353],[-61.3554,-32.0827],[-61.3781,-31.9891],[-61.3478,-31.8666],[-61.3928,-31.858],[-61.3976,-31.8784],[-61.5588,-31.8501],[-61.5391,-31.768],[-61.7127,-31.7496],[-61.7082,-31.731],[-62.0303,-31.6736],[-62.0221,-31.64],[-62.1324,-31.6204],[-62.2404,-31.6994],[-62.2174,-31.7405],[-62.2224,-31.8837],[-62.188,-31.922],[-62.167,-31.9866]]]}},{"type":"Feature","properties":{"name":"Tafí del Valle","province":"Catamarca"},"geometry":{"type":"Polygon","coordinates":[[[-65.8898,-26.9698],[-65.8561,-26.9897],[-65.8542,-27.0164],[-65.7825,-27.1001],[-65.7705,-27.0924],[-65.7801,-27.0472],[-65.7424,-27.0352],[-65.7124,-26.9722],[-65.6519,-26.9449],[-65.6632,-26.9102],[-65.6287,-26.8763],[-65.6292,-26.8161],[-65.68,-26.8129],[-65.7108,-26.7388],[-65.695,-26.7178],[-65.7048,-26.6974],[-65.7585,-26.6679],[-65.7757,-26.6399],[-65.7556,-26.6011],[-65.7304,-26.6027],[-65.7215,-26.5424],[-65.7465,-26.5064],[-65.7223,-26.5214],[-65.7018,-26.5033],[-65.7253,-26.385],[-65.7109,-26.3565],[-66.0998,-26.2205],[-66.0981,-26.2516],[-66.1212,-26.2761],[-66.1191,-26.377],[-66.1558,-26.3973],[-66.1548,-26.4437],[-66.1777,-26.4717],[-66.1645,-26.5026],[-66.1723,-26.629],[-66.0422,-26.6004],[-65.8327,-26.7379],[-65.8815,-26.8062],[-65.8744,-26.8182],[-65.9005,-26.8638],[-65.8572,-26.9042],[-65.8578,-26.9292],[-65.8749,-26.9329],[-65.8898,-26.9698]]]}},{"type":"Feature","properties":{"name":"Cerrillos","province":"Salta"},"geometry":{"type":"Polygon","coordinates":[[[-65.2873,-25.1549],[-65.2287,-25.1555],[-65.2277,-25.1428],[-65.3057,-25.0602],[-65.3236,-25.0004],[-65.317,-24.9512],[-65.3505,-24.907],[-65.3437,-24.8609],[-65.3934,-24.8504],[-65.5419,-24.8792],[-65.5472,-24.911],[-65.5204,-24.9349],[-65.5415,-24.9721],[-65.5149,-24.9882],[-65.5317,-25.0269],[-65.3937,-25.0992],[-65.3694,-25.0745],[-65.2873,-25.1549]]]}},{"type":"Feature","properties":{"name":"Martires","province":"Chubut"},"geometry":{"type":"Polygon","coordinates":[[[-67.1536,-42.879],[-67.7739,-42.8826],[-67.7481,-44.6849],[-67.0942,-44.6789],[-67.0912,-44.7205],[-67.0805,-44.7167],[-66.9743,-44.5924],[-66.959,-44.5518],[-66.9673,-44.5293],[-66.9407,-44.5147],[-66.9313,-44.4809],[-66.8346,-44.3876],[-66.8091,-44.3406],[-66.7989,-44.2629],[-66.6945,-44.1917],[-66.6745,-44.1344],[-66.6759,-44.0744],[-66.6285,-44.0196],[-66.4924,-43.9723],[-66.4745,-43.9033],[-66.435,-43.8685],[-66.4318,-43.8257],[-66.4577,-43.7849],[-66.5246,-43.783],[-66.5299,-43.3353],[-67.1482,-43.3403],[-67.1536,-42.879]]]}},{"type":"Feature","properties":{"name":"Libertador General San Martín","province":"San Luis"},"geometry":{"type":"Polygon","coordinates":[[[-65.4082,-32.5362],[-65.436,-32.5239],[-65.4187,-32.5113],[-65.4303,-32.4668],[-65.4047,-32.4491],[-65.4112,-32.4269],[-65.3849,-32.4041],[-65.376,-32.3659],[-65.4176,-32.3396],[-65.4051,-32.2686],[-65.4707,-32.2569],[-65.4751,-32.2768],[-65.5807,-32.2642],[-65.5845,-32.2501],[-65.6928,-32.2283],[-65.6983,-32.2037],[-65.7803,-32.2399],[-65.7577,-32.2436],[-65.7577,-32.2659],[-65.7884,-32.3099],[-65.827,-32.3223],[-65.8366,-32.3823],[-65.9319,-32.4021],[-65.957,-32.4305],[-66.0041,-32.5827],[-65.9968,-32.6127],[-66.021,-32.6375],[-66.0693,-32.6098],[-66.1006,-32.6321],[-66.1353,-32.7575],[-66.0857,-32.7822],[-66.0851,-32.7972],[-66.0257,-32.7901],[-66.0119,-32.8077],[-65.9685,-32.8221],[-65.9431,-32.8121],[-65.935,-32.8301],[-65.8642,-32.8511],[-65.8382,-32.7946],[-65.8333,-32.8133],[-65.7727,-32.8279],[-65.7186,-32.8974],[-65.7178,-32.9257],[-65.648,-32.943],[-65.62,-32.9195],[-65.6117,-32.8722],[-65.508,-32.8901],[-65.4904,-32.7745],[-65.4528,-32.7584],[-65.4681,-32.7071],[-65.445,-32.6908],[-65.4289,-32.6298],[-65.4064,-32.6178],[-65.4082,-32.5362]]]}},{"type":"Feature","properties":{"name":"Lavalle","province":"Corrientes"},"geometry":{"type":"Polygon","coordinates":[[[-58.5998,-29.0493],[-58.7087,-28.9512],[-58.8898,-28.8447],[-59.042,-28.8119],[-59.0383,-28.7933],[-59.1223,-28.7688],[-59.1605,-28.7948],[-59.1576,-28.8735],[-59.2109,-28.9775],[-59.1997,-29.0315],[-59.2344,-29.0714],[-59.2072,-29.0947],[-59.1832,-29.0598],[-59.1641,-29.066],[-59.1448,-29.0504],[-59.1376,-29.079],[-59.118,-29.0662],[-59.1169,-29.0815],[-59.0265,-29.09],[-59.0189,-29.065],[-58.9426,-29.0714],[-58.7883,-29.1127],[-58.8305,-29.1737],[-58.846,-29.1733],[-58.8691,-29.2221],[-58.8581,-29.2547],[-58.8133,-29.2384],[-58.7989,-29.2576],[-58.755,-29.1905],[-58.7302,-29.1787],[-58.7178,-29.1353],[-58.6873,-29.118],[-58.689,-29.0995],[-58.6736,-29.1032],[-58.6453,-29.0647],[-58.6187,-29.0672],[-58.5998,-29.0493]]]}},{"type":"Feature","properties":{"name":"Coronel Pringles","province":"San Luis"},"geometry":{"type":"Polygon","coordinates":[[[-65.5137,-32.8944],[-65.6117,-32.8722],[-65.62,-32.9195],[-65.6667,-32.9433],[-65.7178,-32.9257],[-65.7186,-32.8974],[-65.7727,-32.8279],[-65.8333,-32.8133],[-65.8382,-32.7946],[-65.8642,-32.8511],[-65.935,-32.8301],[-65.9431,-32.8121],[-65.9685,-32.8221],[-66.0119,-32.8077],[-66.0257,-32.7901],[-66.0851,-32.7972],[-66.0857,-32.7822],[-66.1657,-32.7419],[-66.144,-32.6761],[-66.1538,-32.6495],[-66.1855,-32.6511],[-66.1876,-32.5883],[-66.2029,-32.5724],[-66.2362,-32.6144],[-66.2382,-32.7121],[-66.2113,-32.7311],[-66.2284,-32.8067],[-66.2095,-32.8674],[-66.217,-32.9126],[-66.1933,-32.9237],[-66.1866,-32.9908],[-66.2048,-33.0024],[-66.2041,-33.077],[-66.2283,-33.1686],[-66.1801,-33.2395],[-66.1054,-33.2219],[-66.1237,-33.3648],[-66.1101,-33.3834],[-66.0482,-33.3757],[-65.7929,-33.5075],[-65.7866,-33.4385],[-65.768,-33.4388],[-65.7566,-33.4613],[-65.7344,-33.4567],[-65.7355,-33.47],[-65.557,-33.4698],[-65.5637,-33.4118],[-65.6128,-33.3364],[-65.6078,-33.2856],[-65.6265,-33.2329],[-65.5995,-33.1901],[-65.6166,-33.0756],[-65.6081,-33.0545],[-65.5708,-33.0568],[-65.5511,-33.0194],[-65.56,-33.0064],[-65.578,-33.0122],[-65.5659,-32.9429],[-65.5137,-32.8944]]]}},{"type":"Feature","properties":{"name":"Lobos","province":"Buenos Aires"},"geometry":{"type":"Polygon","coordinates":[[[-58.8691,-35.1537],[-59.0151,-35.0406],[-58.9926,-35.0211],[-59.0706,-34.9617],[-59.2214,-35.0849],[-59.2471,-35.0652],[-59.2523,-35.0982],[-59.552,-35.2609],[-59.5337,-35.2823],[-59.4808,-35.2867],[-59.4685,-35.3071],[-59.3929,-35.2928],[-59.3803,-35.3335],[-59.3222,-35.3587],[-59.3239,-35.3742],[-59.2944,-35.3649],[-59.2642,-35.39],[-59.1675,-35.4053],[-59.1636,-35.421],[-59.1278,-35.4359],[-59.0254,-35.3521],[-59.0064,-35.3661],[-58.9679,-35.3373],[-58.9244,-35.3417],[-58.8079,-35.2389],[-58.8947,-35.1762],[-58.8691,-35.1537]]]}},{"type":"Feature","properties":{"name":"Navarro","province":"Buenos Aires"},"geometry":{"type":"Polygon","coordinates":[[[-59.4086,-34.8427],[-59.6347,-34.9574],[-59.6058,-34.9972],[-59.8228,-35.1764],[-59.7758,-35.1733],[-59.7214,-35.2221],[-59.6992,-35.2105],[-59.6696,-35.2229],[-59.5748,-35.1773],[-59.5432,-35.204],[-59.5531,-35.2545],[-59.2523,-35.0982],[-59.2471,-35.0652],[-59.2214,-35.0849],[-59.0706,-34.9617],[-59.2194,-34.8522],[-59.1699,-34.7989],[-59.1939,-34.8113],[-59.2058,-34.7958],[-59.2793,-34.8345],[-59.2895,-34.8217],[-59.3733,-34.8917],[-59.4086,-34.8427]]]}},{"type":"Feature","properties":{"name":"Capital","province":"Catamarca"},"geometry":{"type":"Polygon","coordinates":[[[-65.7302,-28.4538],[-65.7282,-28.386],[-65.7606,-28.3812],[-65.8143,-28.2623],[-65.8759,-28.3326],[-65.8869,-28.3181],[-65.9512,-28.3356],[-65.936,-28.4375],[-65.9185,-28.4362],[-65.8982,-28.4817],[-65.8117,-28.5484],[-65.7834,-28.5505],[-65.7695,-28.4858],[-65.7302,-28.4538]]]}},{"type":"Feature","properties":{"name":"Esquina","province":"Corrientes"},"geometry":{"type":"Polygon","coordinates":[[[-58.9101,-29.4683],[-58.9602,-29.5327],[-59.0564,-29.5805],[-59.0884,-29.6469],[-59.081,-29.657],[-59.1411,-29.6831],[-59.1351,-29.7072],[-59.1712,-29.7183],[-59.1696,-29.7327],[-59.2617,-29.7833],[-59.3124,-29.785],[-59.3077,-29.8007],[-59.3331,-29.8166],[-59.3531,-29.8],[-59.382,-29.8244],[-59.4091,-29.812],[-59.4872,-29.8673],[-59.5134,-29.9781],[-59.5456,-30.0166],[-59.5695,-30.019],[-59.6121,-30.1025],[-59.6366,-30.2375],[-59.7108,-30.2703],[-59.6935,-30.3131],[-59.6334,-30.3628],[-59.6059,-30.4279],[-59.587,-30.4342],[-59.572,-30.4082],[-59.5574,-30.3331],[-59.4887,-30.3448],[-59.4217,-30.3155],[-59.3477,-30.3247],[-59.3228,-30.3543],[-59.3,-30.3469],[-59.2872,-30.3619],[-59.2392,-30.3655],[-59.1717,-30.3186],[-59.1442,-30.3173],[-59.1357,-30.2862],[-59.1097,-30.2791],[-59.1258,-30.1825],[-59.0678,-30.1641],[-59.0524,-30.1353],[-59.0694,-30.1286],[-59.0735,-30.0996],[-59.0254,-29.8515],[-58.9119,-29.8097],[-58.8623,-29.7602],[-58.8568,-29.7421],[-58.878,-29.7386],[-58.8752,-29.7265],[-58.7184,-29.6456],[-58.7307,-29.5892],[-58.8743,-29.5518],[-58.8597,-29.4789],[-58.9101,-29.4683]]]}},{"type":"Feature","properties":{"name":"Comandante Fernández","province":"Chaco"},"geometry":{"type":"Polygon","coordinates":[[[-60.2288,-26.6264],[-60.5097,-26.5271],[-60.6952,-26.9477],[-60.4137,-27.0471],[-60.2288,-26.6264]]]}},{"type":"Feature","properties":{"name":"Bella Vista","province":"Corrientes"},"geometry":{"type":"Polygon","coordinates":[[[-58.9841,-28.1943],[-58.9923,-28.1729],[-59.0203,-28.1732],[-59.0116,-28.1874],[-59.0303,-28.1908],[-59.0404,-28.222],[-59.0618,-28.193],[-59.1079,-28.2228],[-59.1035,-28.3288],[-59.0762,-28.3653],[-59.086,-28.436],[-59.0489,-28.4933],[-59.1011,-28.5832],[-59.105,-28.6339],[-59.0793,-28.6694],[-59.1426,-28.7744],[-59.0383,-28.7933],[-59.042,-28.8119],[-58.9872,-28.8229],[-58.9573,-28.7633],[-58.9277,-28.7469],[-58.9327,-28.7293],[-58.8565,-28.6391],[-58.736,-28.5877],[-58.6601,-28.5117],[-58.7134,-28.4413],[-58.6972,-28.42],[-58.707,-28.404],[-58.7537,-28.3839],[-58.7588,-28.3361],[-58.8133,-28.2409],[-58.8511,-28.2572],[-58.8593,-28.2803],[-58.952,-28.3039],[-59.0327,-28.2665],[-59.0159,-28.2546],[-59.0204,-28.2122],[-58.9841,-28.1943]]]}},{"type":"Feature","properties":{"name":"Calamuchita","province":"Córdoba"},"geometry":{"type":"Polygon","coordinates":[[[-64.8884,-32.5799],[-64.6632,-32.6321],[-64.5945,-32.6168],[-64.5501,-32.6308],[-64.5268,-32.6177],[-64.4875,-32.4766],[-64.4591,-32.4816],[-64.4485,-32.467],[-64.4261,-32.3799],[-64.3249,-32.3988],[-64.3219,-32.3761],[-64.2558,-32.3883],[-64.2609,-32.3183],[-64.2935,-32.3122],[-64.294,-32.1882],[-64.2637,-32.1586],[-64.2775,-32.1411],[-64.2237,-31.9297],[-64.2544,-31.9313],[-64.2543,-31.9126],[-64.2743,-31.9127],[-64.2748,-31.945],[-64.2883,-31.95],[-64.2872,-31.8422],[-64.3354,-31.8411],[-64.3285,-31.8088],[-64.3702,-31.8175],[-64.3786,-31.8457],[-64.4054,-31.8373],[-64.4265,-31.8572],[-64.4321,-31.84],[-64.4955,-31.8465],[-64.4943,-31.8232],[-64.5153,-31.8161],[-64.5274,-31.8521],[-64.5527,-31.8688],[-64.5473,-31.8809],[-64.5822,-31.8784],[-64.6091,-31.8966],[-64.8345,-31.8653],[-64.8949,-31.9069],[-64.9288,-31.9093],[-64.9614,-32.282],[-64.9528,-32.3086],[-64.9414,-32.2983],[-64.9253,-32.3255],[-64.9293,-32.4185],[-64.9198,-32.4667],[-64.8966,-32.4828],[-64.8884,-32.5799]]]}},{"type":"Feature","properties":{"name":"La Paz","province":"Buenos Aires"},"geometry":{"type":"Polygon","coordinates":[[[-59.625,-31.5049],[-59.2851,-31.3036],[-59.2962,-31.2753],[-59.2584,-31.1474],[-59.3017,-31.1099],[-59.2747,-31.0591],[-59.3399,-31.0098],[-59.3363,-30.9947],[-59.2805,-30.9686],[-59.3092,-30.9369],[-59.271,-30.9025],[-59.2924,-30.8463],[-59.3333,-30.7989],[-59.2608,-30.7633],[-59.2084,-30.7658],[-59.2012,-30.7462],[-59.1157,-30.7178],[-59.097,-30.6912],[-59.0671,-30.6905],[-59.068,-30.6762],[-59.0512,-30.6778],[-59.0118,-30.6359],[-59.0123,-30.6139],[-58.9343,-30.5684],[-58.981,-30.5578],[-58.9803,-30.5218],[-59.0455,-30.5199],[-59.0773,-30.4884],[-59.0687,-30.4145],[-59.1002,-30.386],[-59.1763,-30.3775],[-59.2104,-30.3471],[-59.2392,-30.3655],[-59.2872,-30.3619],[-59.3,-30.3469],[-59.3228,-30.3543],[-59.3477,-30.3247],[-59.4217,-30.3155],[-59.4887,-30.3448],[-59.5574,-30.3331],[-59.5906,-30.435],[-59.6151,-30.4192],[-59.6368,-30.3578],[-59.6717,-30.3387],[-59.6844,-30.356],[-59.7034,-30.4426],[-59.6538,-30.4878],[-59.6459,-30.5663],[-59.6459,-30.597],[-59.6784,-30.6469],[-59.6327,-30.7113],[-59.6994,-30.7691],[-59.7348,-30.8766],[-59.8182,-30.9425],[-59.8779,-31.0562],[-59.9254,-31.1051],[-59.9634,-31.1199],[-59.984,-31.1874],[-59.9527,-31.2048],[-59.9348,-31.2914],[-59.8986,-31.3411],[-59.8788,-31.4205],[-59.8586,-31.4296],[-59.8624,-31.4939],[-59.8247,-31.4997],[-59.7587,-31.4218],[-59.7357,-31.4187],[-59.7367,-31.4296],[-59.6127,-31.4514],[-59.625,-31.5049]]]}},{"type":"Feature","properties":{"name":"Feliciano","province":"Buenos Aires"},"geometry":{"type":"Polygon","coordinates":[[[-58.5773,-30.6902],[-58.5686,-30.6673],[-58.5011,-30.6268],[-58.5224,-30.6088],[-58.4571,-30.5524],[-58.3985,-30.4404],[-58.4095,-30.4252],[-58.3422,-30.3593],[-58.3615,-30.3353],[-58.4063,-30.3465],[-58.4081,-30.3169],[-58.3533,-30.3298],[-58.3384,-30.314],[-58.3079,-30.3309],[-58.2696,-30.2524],[-58.3002,-30.2478],[-58.3437,-30.2712],[-58.4518,-30.2248],[-58.4706,-30.2033],[-58.5533,-30.1856],[-58.5765,-30.16],[-58.6301,-30.1768],[-58.6824,-30.1641],[-58.7484,-30.2141],[-58.8036,-30.211],[-58.8792,-30.2459],[-58.9109,-30.248],[-58.966,-30.2182],[-59.0637,-30.2308],[-59.0756,-30.2574],[-59.1357,-30.2862],[-59.1364,-30.3119],[-59.2101,-30.3433],[-59.1763,-30.3775],[-59.1002,-30.386],[-59.0703,-30.4122],[-59.0813,-30.4805],[-59.0455,-30.5199],[-58.9803,-30.5218],[-58.981,-30.5578],[-58.9314,-30.5614],[-58.9613,-30.5913],[-58.9792,-30.592],[-59.0123,-30.6196],[-58.9634,-30.6016],[-58.9059,-30.6226],[-58.872,-30.662],[-58.823,-30.6547],[-58.7611,-30.6912],[-58.6647,-30.7022],[-58.5984,-30.6749],[-58.5773,-30.6902]]]}},{"type":"Feature","properties":{"name":"Florencio Varela","province":"Buenos Aires"},"geometry":{"type":"Polygon","coordinates":[[[-58.2675,-34.7736],[-58.3328,-34.8057],[-58.2924,-34.8549],[-58.3172,-34.8682],[-58.2758,-34.9162],[-58.3166,-34.9259],[-58.2775,-35.0095],[-58.211,-34.9516],[-58.2467,-34.9243],[-58.1798,-34.866],[-58.1996,-34.8141],[-58.2675,-34.7736]]]}},{"type":"Feature","properties":{"name":"Capital","province":"La Pampa"},"geometry":{"type":"Polygon","coordinates":[[[-64.4996,-36.2602],[-64.5054,-36.6223],[-64.357,-36.6249],[-64.2826,-36.6868],[-64.283,-36.7152],[-64.1705,-36.7164],[-64.1699,-36.8056],[-63.9458,-36.8062],[-63.9429,-36.2656],[-64.4996,-36.2602]]]}},{"type":"Feature","properties":{"name":"Gastre","province":"Chubut"},"geometry":{"type":"Polygon","coordinates":[[[-67.7676,-43.3388],[-67.7739,-42.8826],[-68.3816,-42.8828],[-68.3892,-42.0001],[-69.4281,-42.0001],[-69.5585,-43.332],[-67.7676,-43.3388]]]}},{"type":"Feature","properties":{"name":"Angaco","province":"San Juan"},"geometry":{"type":"Polygon","coordinates":[[[-68.4698,-31.4533],[-68.0193,-31.462],[-68.0044,-31.4332],[-67.9533,-31.4227],[-67.9383,-31.4023],[-67.9671,-31.402],[-67.9699,-31.3752],[-67.9356,-31.3467],[-67.9294,-31.2907],[-67.9036,-31.2707],[-67.9112,-31.1927],[-67.897,-31.1812],[-67.9102,-31.1629],[-67.8942,-31.1507],[-67.8957,-31.1137],[-67.8676,-31.0588],[-67.8137,-31.0122],[-67.8753,-30.9307],[-68.3343,-30.9299],[-68.3343,-31.2942],[-68.4118,-31.3595],[-68.4698,-31.4533]]]}},{"type":"Feature","properties":{"name":"Alberti","province":"Buenos Aires"},"geometry":{"type":"Polygon","coordinates":[[[-60.2398,-34.8265],[-60.3223,-34.7621],[-60.3621,-34.7961],[-60.3725,-34.7879],[-60.46,-34.8622],[-60.4539,-34.931],[-60.476,-34.9408],[-60.4887,-34.9743],[-60.4355,-35.0162],[-60.4393,-35.0357],[-60.3891,-35.0884],[-60.3291,-35.1279],[-60.3652,-35.16],[-60.3386,-35.1806],[-60.3539,-35.1944],[-60.2383,-35.2938],[-60.0215,-35.1078],[-60.0544,-35.09],[-60.1147,-35.0902],[-60.1572,-35.0624],[-60.1228,-35.0327],[-60.3037,-34.8813],[-60.2398,-34.8265]]]}},{"type":"Feature","properties":{"name":"Güer Aike","province":"Santa Cruz"},"geometry":{"type":"MultiPolygon","coordinates":[[[[-70.646,-50.7368],[-72.2983,-50.6821],[-72.3011,-50.7068],[-72.3471,-50.7302],[-72.3495,-50.7543],[-72.2803,-50.8099],[-72.261,-50.8375],[-72.267,-50.8629],[-72.2481,-50.875],[-72.2657,-51.0352],[-72.3742,-51.0232],[-72.3762,-51.08],[-72.4091,-51.1075],[-72.3488,-51.2036],[-72.3036,-51.2017],[-72.2595,-51.254],[-72.2692,-51.2833],[-72.3717,-51.3363],[-72.3261,-51.3457],[-72.309,-51.3664],[-72.3099,-51.4031],[-72.3383,-51.4248],[-72.3241,-51.475],[-72.3509,-51.4845],[-72.3447,-51.5207],[-72.4052,-51.5134],[-72.394,-51.5274],[-72.4263,-51.5469],[-72.4425,-51.5845],[-72.327,-51.5873],[-72.3191,-51.6255],[-72.2833,-51.6385],[-72.2968,-51.6462],[-72.2971,-51.6994],[-72.1675,-51.7223],[-72.1847,-51.7346],[-72.1217,-51.744],[-72.113,-51.7675],[-72.0759,-51.7732],[-72.0107,-51.8202],[-71.951,-51.8716],[-71.9288,-51.9145],[-72.0336,-51.9627],[-72.0043,-51.9795],[-71.9645,-51.9728],[-71.9215,-52.0],[-69.9955,-52.0007],[-69.486,-52.1514],[-69.19,-52.1501],[-68.9869,-52.2036],[-68.838,-52.2777],[-68.586,-52.3067],[-68.5735,-52.3252],[-68.4186,-52.3325],[-68.4184,-52.3864],[-68.4326,-52.3977],[-68.3547,-52.3364],[-68.3525,-52.3226],[-68.7084,-51.9812],[-68.9613,-51.6239],[-69.0141,-51.6064],[-69.1173,-51.6551],[-69.1241,-51.6418],[-69.1034,-51.6343],[-69.3352,-51.5855],[-69.6178,-51.6269],[-69.3441,-51.5516],[-69.1347,-51.6032],[-69.0373,-51.5607],[-69.0013,-51.5599],[-68.977,-51.5822],[-68.9466,-51.5552],[-69.1086,-51.167],[-69.1669,-50.9802],[-69.2055,-50.9753],[-69.4343,-51.1137],[-69.4423,-51.1145],[-69.4428,-51.1114],[-69.4386,-51.1103],[-69.4403,-51.109],[-69.4585,-51.1144],[-69.4648,-51.1133],[-69.4582,-51.1126],[-69.4569,-51.1028],[-69.4413,-51.0898],[-69.3961,-51.0797],[-69.3725,-51.0481],[-69.3824,-51.0368],[-69.3212,-50.9884],[-69.2401,-50.9578],[-69.2252,-50.9749],[-69.214,-50.9447],[-69.132,-50.8996],[-69.1385,-50.7656],[-70.646,-50.7368]]],[[[-69.4158,-51.0896],[-69.4402,-51.0906],[-69.4529,-51.1097],[-69.4395,-51.1073],[-69.4352,-51.1132],[-69.4158,-51.0896]]]]}},{"type":"Feature","properties":{"name":"Quebrachos","province":"Santiago del Estero"},"geometry":{"type":"Polygon","coordinates":[[[-63.2705,-29.7741],[-62.8055,-29.8063],[-62.8058,-29.7819],[-62.849,-29.7488],[-62.8449,-29.6684],[-62.8838,-29.6365],[-62.9351,-29.6219],[-62.9653,-29.5626],[-62.9922,-29.5581],[-63.0124,-29.5195],[-63.0397,-29.5038],[-63.0314,-29.4817],[-63.055,-29.4803],[-63.0977,-29.4151],[-63.128,-29.4053],[-63.1185,-29.3623],[-63.1335,-29.3178],[-63.1578,-29.3124],[-63.1581,-29.2913],[-63.1852,-29.2874],[-63.2142,-29.239],[-63.2793,-29.2269],[-63.3076,-29.1954],[-63.322,-29.1394],[-63.3815,-29.1367],[-63.3955,-29.0846],[-63.449,-29.0592],[-63.4759,-29.027],[-63.5389,-29.0191],[-63.5423,-28.9691],[-63.5509,-28.9835],[-63.5659,-28.968],[-63.5789,-28.9782],[-63.5958,-28.9484],[-63.6262,-28.9495],[-63.6395,-28.9328],[-63.7318,-28.9435],[-63.8355,-28.8942],[-63.9194,-28.9377],[-63.8519,-28.9381],[-63.8194,-28.9625],[-63.8075,-28.953],[-63.796,-28.9621],[-63.8459,-29.0037],[-63.8312,-29.0168],[-63.8357,-29.0365],[-63.7188,-29.0592],[-63.7301,-29.1088],[-63.7741,-29.1011],[-63.7945,-29.2176],[-63.7504,-29.2255],[-63.7383,-29.1702],[-63.6706,-29.1819],[-63.7051,-29.3349],[-63.6473,-29.3063],[-63.6532,-29.3925],[-63.6782,-29.4127],[-63.6422,-29.4396],[-63.5809,-29.453],[-63.5749,-29.5003],[-63.5385,-29.519],[-63.5327,-29.4833],[-63.3294,-29.5375],[-63.3446,-29.6143],[-63.2785,-29.635],[-63.2705,-29.7741]]]}},{"type":"Feature","properties":{"name":"Tupungato","province":"Mendoza"},"geometry":{"type":"Polygon","coordinates":[[[-68.7978,-33.3904],[-68.9218,-33.337],[-68.9051,-33.2917],[-68.9898,-33.2773],[-69.0926,-33.2356],[-69.1434,-33.1992],[-69.2075,-33.1176],[-69.3899,-33.0796],[-69.4444,-33.0094],[-69.5107,-33.0271],[-69.77,-33.3595],[-69.3533,-33.4052],[-69.2338,-33.4775],[-69.1498,-33.492],[-69.0079,-33.545],[-68.9905,-33.4996],[-68.7978,-33.3904]]]}},{"type":"Feature","properties":{"name":"Orán","province":"Salta"},"geometry":{"type":"Polygon","coordinates":[[[-64.3424,-22.9302],[-64.3148,-22.8671],[-64.3364,-22.8737],[-64.3409,-22.8616],[-64.3282,-22.862],[-64.3267,-22.8377],[-64.3443,-22.7394],[-64.4032,-22.7187],[-64.3907,-22.7121],[-64.3947,-22.6857],[-64.4159,-22.6786],[-64.4137,-22.6566],[-64.4414,-22.6388],[-64.424,-22.6344],[-64.4302,-22.5817],[-64.4096,-22.563],[-64.4121,-22.5384],[-64.4483,-22.5216],[-64.4449,-22.5064],[-64.4817,-22.4811],[-64.5035,-22.522],[-64.5033,-22.6068],[-64.547,-22.6617],[-64.5848,-22.6758],[-64.5376,-22.7113],[-64.5156,-22.7632],[-64.5198,-22.8311],[-64.5035,-22.8658],[-64.4863,-22.869],[-64.501,-22.8787],[-64.4978,-22.908],[-64.5738,-22.9073],[-64.5269,-22.9395],[-64.5624,-23.0055],[-64.5634,-23.0702],[-64.6315,-23.0866],[-64.6794,-23.0341],[-64.7304,-23.0642],[-64.8987,-23.0517],[-64.9405,-23.0318],[-64.9909,-23.0483],[-65.0229,-23.0187],[-65.068,-23.0449],[-65.0709,-23.1341],[-65.0444,-23.156],[-65.0775,-23.2318],[-65.0403,-23.2251],[-65.0038,-23.2877],[-64.9436,-23.2715],[-64.8997,-23.3354],[-64.9069,-23.4231],[-64.8685,-23.4471],[-64.8642,-23.485],[-64.7864,-23.4945],[-64.6857,-23.4511],[-64.6567,-23.4828],[-64.5337,-23.5202],[-64.5354,-23.5374],[-64.4956,-23.5673],[-64.445,-23.6401],[-64.3968,-23.6121],[-64.3971,-23.5734],[-64.3571,-23.5179],[-64.1571,-23.518],[-64.1509,-24.1344],[-63.9878,-24.1431],[-63.6506,-24.2144],[-63.6237,-24.107],[-63.5219,-24.1284],[-63.4814,-23.9656],[-63.4939,-23.963],[-63.3803,-23.5577],[-63.4125,-23.5096],[-63.4996,-23.4511],[-63.5895,-23.4306],[-63.6175,-23.388],[-63.6624,-23.3909],[-63.7257,-23.3226],[-63.8443,-23.3234],[-63.91,-23.2997],[-63.9442,-23.328],[-63.9563,-23.3148],[-64.007,-23.3324],[-64.0392,-23.3079],[-64.073,-23.3059],[-64.0934,-23.2545],[-64.1083,-23.2629],[-64.1409,-23.2483],[-64.1624,-23.2731],[-64.1872,-23.2687],[-64.1789,-23.2305],[-64.2119,-23.2269],[-64.2266,-23.2093],[-64.2141,-23.1821],[-64.168,-23.2007],[-64.2037,-23.1821],[-64.1828,-23.1527],[-64.2091,-23.1563],[-64.1907,-23.1291],[-64.2135,-23.1351],[-64.2116,-23.0888],[-64.2388,-23.0963],[-64.2476,-23.0688],[-64.2761,-23.0665],[-64.2816,-23.0289],[-64.3327,-23.0089],[-64.3272,-22.9534],[-64.3424,-22.9302]]]}},{"type":"Feature","properties":{"name":"General Viamonte","province":"Buenos Aires"},"geometry":{"type":"Polygon","coordinates":[[[-60.9846,-35.247],[-60.7547,-35.0408],[-60.8479,-34.9681],[-60.7254,-34.8606],[-60.8496,-34.7625],[-60.9045,-34.8105],[-61.0483,-34.6919],[-61.1831,-34.8017],[-61.1279,-34.8468],[-61.4205,-35.0872],[-61.3003,-35.1853],[-61.278,-35.1661],[-61.1549,-35.2647],[-61.0618,-35.1872],[-60.9846,-35.247]]]}},{"type":"Feature","properties":{"name":"Olavarría","province":"Buenos Aires"},"geometry":{"type":"Polygon","coordinates":[[[-61.4226,-36.8639],[-61.0119,-37.203],[-60.8148,-37.0503],[-60.717,-37.1276],[-60.7314,-37.1389],[-60.627,-37.2304],[-60.4376,-37.3751],[-60.2776,-37.2478],[-60.1263,-37.0951],[-60.1463,-37.0799],[-60.1018,-37.0161],[-60.116,-37.0054],[-60.0956,-36.9883],[-60.1049,-36.9783],[-60.0229,-36.9137],[-60.0326,-36.9066],[-60.0126,-36.8899],[-60.0283,-36.8785],[-60.008,-36.8623],[-60.0216,-36.8513],[-60.002,-36.8338],[-60.2804,-36.6233],[-60.3219,-36.6563],[-60.4783,-36.5294],[-60.4387,-36.498],[-60.5341,-36.4116],[-60.6512,-36.3423],[-60.7305,-36.4036],[-60.7632,-36.378],[-60.8757,-36.468],[-60.8973,-36.4503],[-61.4226,-36.8639]]]}},{"type":"Feature","properties":{"name":"Rosario de la Frontera","province":"Salta"},"geometry":{"type":"Polygon","coordinates":[[[-65.1341,-25.6209],[-65.164,-25.6195],[-65.1966,-25.6903],[-65.2395,-25.712],[-65.259,-25.7761],[-65.2903,-25.7748],[-65.2784,-25.8076],[-65.2984,-25.8598],[-65.2543,-25.8894],[-65.2468,-25.9721],[-65.1946,-26.0252],[-65.1032,-26.0539],[-65.108,-26.0079],[-64.8843,-26.0448],[-64.8944,-26.0909],[-64.8729,-26.1253],[-64.8917,-26.1797],[-64.9173,-26.1995],[-64.946,-26.2889],[-64.9416,-26.3023],[-64.8734,-26.2749],[-64.8453,-26.2386],[-64.7904,-26.2237],[-64.6624,-26.2442],[-64.6223,-26.2241],[-64.4951,-26.2189],[-64.4122,-26.1135],[-64.4036,-26.0312],[-64.2681,-25.7],[-64.1975,-25.7093],[-64.1957,-25.7278],[-64.2105,-25.5406],[-64.3152,-25.5133],[-64.3814,-25.5253],[-64.4495,-25.5115],[-64.4808,-25.6348],[-64.6479,-25.6055],[-64.8358,-25.6515],[-64.9198,-25.6381],[-65.0277,-25.6722],[-65.1232,-25.6458],[-65.1341,-25.6209]]]}},{"type":"Feature","properties":{"name":"Leandro N. Alem","province":"Buenos Aires"},"geometry":{"type":"Polygon","coordinates":[[[-61.7696,-34.5761],[-61.6451,-34.6834],[-61.6122,-34.6564],[-61.5979,-34.6681],[-61.5168,-34.6026],[-61.4373,-34.6706],[-61.2744,-34.5407],[-61.3558,-34.4738],[-61.3295,-34.4527],[-61.4163,-34.3927],[-61.3948,-34.3738],[-61.4732,-34.3066],[-61.5094,-34.3359],[-61.5489,-34.3032],[-61.6105,-34.3526],[-61.6488,-34.3195],[-61.7176,-34.3836],[-61.8157,-34.3836],[-61.9844,-34.5177],[-61.8453,-34.6372],[-61.7696,-34.5761]]]}},{"type":"Feature","properties":{"name":"Rosario Vera Peñaloza","province":"La Rioja"},"geometry":{"type":"Polygon","coordinates":[[[-66.463,-31.096],[-67.0999,-31.0836],[-67.1257,-31.1607],[-67.0753,-31.2274],[-67.1091,-31.3828],[-66.9585,-31.6327],[-66.8752,-31.6327],[-66.8253,-31.7613],[-66.5053,-31.7671],[-66.3112,-31.8269],[-66.2608,-31.6855],[-66.2847,-31.6256],[-66.2931,-31.5366],[-66.3568,-31.4312],[-66.3411,-31.2581],[-66.2653,-31.2032],[-66.3081,-31.1887],[-66.4193,-31.1875],[-66.4276,-31.1361],[-66.463,-31.096]]]}},{"type":"Feature","properties":{"name":"Lanús","province":"Ciudad Autónoma de Buenos Aires"},"geometry":{"type":"Polygon","coordinates":[[[-58.447,-34.6889],[-58.4133,-34.7328],[-58.3667,-34.7455],[-58.3335,-34.727],[-58.4027,-34.6599],[-58.447,-34.6889]]]}},{"type":"Feature","properties":{"name":"Comuna 15","province":"Ciudad Autónoma de Buenos Aires"},"geometry":{"type":"Polygon","coordinates":[[[-58.5034,-34.594],[-58.4233,-34.5978],[-58.468,-34.5729],[-58.5034,-34.594]]]}},{"type":"Feature","properties":{"name":"Coronel Felipe Varela","province":"La Rioja"},"geometry":{"type":"Polygon","coordinates":[[[-67.6125,-29.656],[-67.7542,-29.4036],[-67.7679,-29.3542],[-67.8304,-29.2738],[-67.8564,-29.1706],[-67.8534,-29.0771],[-68.2453,-29.2243],[-68.9482,-28.9711],[-68.9085,-29.0449],[-68.908,-29.0728],[-68.9252,-29.0894],[-68.9112,-29.1247],[-68.935,-29.1664],[-68.9696,-29.1463],[-69.0012,-29.1866],[-68.9791,-29.2305],[-68.9891,-29.274],[-68.9575,-29.2859],[-68.9576,-29.3172],[-68.9849,-29.3252],[-68.9746,-29.3642],[-69.0022,-29.3997],[-68.9792,-29.4236],[-68.9752,-29.4565],[-68.9874,-29.478],[-69.0,-29.4667],[-69.0337,-29.533],[-69.0089,-29.6428],[-68.9374,-29.6509],[-68.9356,-29.6198],[-68.9078,-29.6198],[-68.8834,-29.5919],[-68.8873,-29.6217],[-68.8631,-29.6351],[-68.7355,-29.6254],[-68.6825,-29.6465],[-68.5202,-29.6375],[-68.4413,-29.6505],[-68.2588,-29.7467],[-68.2678,-29.7586],[-68.2538,-29.7807],[-68.199,-29.7811],[-68.1844,-29.8481],[-68.1588,-29.8854],[-68.0543,-29.9003],[-67.992,-29.9792],[-67.817,-29.8013],[-67.6125,-29.656]]]}},{"type":"Feature","properties":{"name":"General Güemes","province":"Chaco"},"geometry":{"type":"Polygon","coordinates":[[[-60.0999,-26.1242],[-60.099,-25.6689],[-60.1383,-25.6424],[-60.1892,-25.6481],[-60.1815,-25.6343],[-60.199,-25.6007],[-60.2199,-25.5998],[-60.2136,-25.5785],[-60.2399,-25.5577],[-60.223,-25.5257],[-60.2384,-25.5],[-60.2283,-25.4801],[-60.2611,-25.4608],[-60.2813,-25.4667],[-60.2826,-25.4332],[-60.3359,-25.3929],[-60.3225,-25.376],[-60.3076,-25.3917],[-60.3163,-25.367],[-60.3451,-25.3773],[-60.3484,-25.3386],[-60.3968,-25.3313],[-60.4074,-25.3085],[-60.4195,-25.3179],[-60.4487,-25.259],[-60.4871,-25.2353],[-60.4835,-25.222],[-60.5296,-25.1718],[-60.5469,-25.1671],[-60.5511,-25.1934],[-60.6117,-25.1604],[-60.6221,-25.1775],[-60.6632,-25.1625],[-60.6579,-25.111],[-60.7214,-25.1252],[-60.7399,-25.0913],[-60.7657,-25.0903],[-60.7545,-25.0676],[-60.8124,-25.0735],[-60.8347,-25.0438],[-60.8267,-25.0333],[-60.8742,-25.035],[-60.875,-25.0197],[-60.932,-25.0131],[-60.9251,-25.0038],[-60.9416,-24.9913],[-60.9209,-24.9805],[-60.9427,-24.9806],[-60.939,-24.9602],[-60.9535,-24.9726],[-60.964,-24.9484],[-60.998,-24.934],[-60.9942,-24.9164],[-61.0222,-24.9208],[-61.0288,-24.8887],[-61.0474,-24.8984],[-61.1007,-24.8248],[-61.1074,-24.8348],[-61.143,-24.809],[-61.1377,-24.7853],[-61.1604,-24.7709],[-61.1478,-24.7552],[-61.1738,-24.7336],[-61.1574,-24.7097],[-61.1836,-24.7211],[-61.2081,-24.698],[-61.2016,-24.6558],[-61.232,-24.6397],[-61.2458,-24.6496],[-61.2622,-24.62],[-61.2741,-24.6389],[-61.2944,-24.6257],[-61.3418,-24.6395],[-61.3642,-24.6195],[-61.3755,-24.6416],[-61.3827,-24.6128],[-61.4611,-24.6109],[-61.524,-24.5393],[-61.525,-24.5132],[-61.5623,-24.5026],[-61.5549,-24.4852],[-61.5763,-24.4952],[-61.5931,-24.4841],[-61.5845,-24.44],[-61.6064,-24.4504],[-61.61,-24.4237],[-61.6471,-24.4338],[-61.6976,-24.4134],[-61.7125,-24.3799],[-61.6925,-24.3677],[-61.7325,-24.3585],[-61.7199,-24.336],[-61.7437,-24.3394],[-61.7717,-24.3119],[-61.7939,-24.3343],[-61.8135,-24.3136],[-61.848,-24.322],[-61.8436,-24.3055],[-61.8793,-24.3073],[-61.8868,-24.2738],[-61.9085,-24.3068],[-61.9203,-24.2839],[-61.904,-24.2778],[-61.9078,-24.2594],[-61.9339,-24.273],[-61.9648,-24.231],[-61.9847,-24.2271],[-61.9853,-24.2468],[-62.0421,-24.2372],[-62.0569,-24.2124],[-62.0876,-24.232],[-62.0764,-24.2013],[-62.1376,-24.2174],[-62.1383,-24.1875],[-62.1822,-24.1936],[-62.1656,-24.1735],[-62.3153,-24.1186],[-62.3158,-24.0924],[-62.3339,-24.0867],[-62.3417,-24.3925],[-62.72,-24.8323],[-62.2193,-24.8322],[-62.2366,-25.467],[-61.3936,-25.4714],[-61.3942,-25.5624],[-61.1972,-25.5651],[-61.2041,-26.111],[-60.0999,-26.1242]]]}},{"type":"Feature","properties":{"name":"Simoca","province":"Tucumán"},"geometry":{"type":"Polygon","coordinates":[[[-65.0271,-27.5871],[-65.0109,-27.5618],[-64.9917,-27.5713],[-64.9674,-27.5541],[-64.9726,-27.4987],[-65.0404,-27.4777],[-65.0631,-27.4423],[-65.0633,-27.4616],[-65.1042,-27.4469],[-65.0886,-27.4386],[-65.0927,-27.421],[-65.1115,-27.4264],[-65.1572,-27.372],[-65.2134,-27.3424],[-65.2176,-27.3151],[-65.3008,-27.2673],[-65.3,-27.2254],[-65.335,-27.2165],[-65.3517,-27.1818],[-65.4001,-27.1746],[-65.4226,-27.2173],[-65.446,-27.2169],[-65.4783,-27.3817],[-65.4617,-27.3939],[-65.4715,-27.4217],[-65.4872,-27.4046],[-65.4982,-27.4327],[-65.5489,-27.4308],[-65.5584,-27.48],[-65.5322,-27.4849],[-65.5451,-27.5416],[-65.4073,-27.5404],[-65.3481,-27.5243],[-65.2598,-27.564],[-65.1687,-27.5656],[-65.1524,-27.5878],[-65.1151,-27.5682],[-65.0271,-27.5871]]]}},{"type":"Feature","properties":{"name":"Paclin","province":"Catamarca"},"geometry":{"type":"Polygon","coordinates":[[[-65.5607,-28.0057],[-65.5766,-28.0137],[-65.6181,-27.9715],[-65.6663,-27.9732],[-65.6989,-27.8896],[-65.7039,-27.8081],[-65.7198,-27.8161],[-65.7532,-27.77],[-65.7993,-27.7872],[-65.807,-27.881],[-65.7654,-28.008],[-65.7908,-28.0474],[-65.7556,-28.1004],[-65.7423,-28.2075],[-65.6995,-28.3165],[-65.6644,-28.335],[-65.6656,-28.4211],[-65.5572,-28.4177],[-65.5518,-28.3324],[-65.5736,-28.287],[-65.5854,-28.1456],[-65.5619,-28.1203],[-65.5758,-28.0769],[-65.5607,-28.0057]]]}},{"type":"Feature","properties":{"name":"General Belgrano","province":"La Rioja"},"geometry":{"type":"Polygon","coordinates":[[[-65.6417,-30.754],[-65.5208,-30.4845],[-65.4906,-30.3717],[-65.9976,-30.3936],[-66.2324,-30.5266],[-66.3718,-30.5097],[-66.4203,-30.6137],[-66.3533,-30.7477],[-65.6417,-30.754]]]}},{"type":"Feature","properties":{"name":"Castellanos","province":"Santa Fe"},"geometry":{"type":"Polygon","coordinates":[[[-62.1324,-31.6204],[-62.0221,-31.64],[-62.0303,-31.6736],[-61.7082,-31.731],[-61.7127,-31.7496],[-61.5414,-31.7676],[-61.4994,-31.5883],[-61.45,-31.5969],[-61.4293,-31.5329],[-61.3916,-31.5393],[-61.2098,-30.7479],[-61.4231,-30.7117],[-61.4381,-30.7761],[-61.6553,-30.7375],[-61.6662,-30.7825],[-61.8434,-30.7508],[-62.1324,-31.6204]]]}},{"type":"Feature","properties":{"name":"Tres de Febrero","province":"Ciudad Autónoma de Buenos Aires"},"geometry":{"type":"Polygon","coordinates":[[[-58.5292,-34.6548],[-58.5228,-34.5972],[-58.5624,-34.5913],[-58.6205,-34.5458],[-58.6463,-34.563],[-58.5292,-34.6548]]]}},{"type":"Feature","properties":{"name":"San Isidro","province":"Ciudad Autónoma de Buenos Aires"},"geometry":{"type":"Polygon","coordinates":[[[-58.4803,-34.4886],[-58.5144,-34.4459],[-58.6003,-34.49],[-58.5538,-34.5302],[-58.4803,-34.4886]]]}},{"type":"Feature","properties":{"name":"Capital","province":"Tucumán"},"geometry":{"type":"Polygon","coordinates":[[[-65.1612,-26.7909],[-65.257,-26.7922],[-65.2748,-26.8504],[-65.2307,-26.8679],[-65.2141,-26.9092],[-65.1617,-26.8197],[-65.1612,-26.7909]]]}},{"type":"Feature","properties":{"name":"Chacabuco","province":"Chaco"},"geometry":{"type":"Polygon","coordinates":[[[-61.7112,-26.7589],[-61.7112,-26.9318],[-60.9972,-27.4197],[-60.9974,-27.4022],[-60.9105,-27.4021],[-60.8215,-27.3721],[-61.7112,-26.7589]]]}},{"type":"Feature","properties":{"name":"Comuna 7","province":"Ciudad Autónoma de Buenos Aires"},"geometry":{"type":"Polygon","coordinates":[[[-58.4778,-34.6224],[-58.4604,-34.6568],[-58.4235,-34.6402],[-58.4594,-34.6139],[-58.4778,-34.6224]]]}},{"type":"Feature","properties":{"name":"Telsen","province":"Chubut"},"geometry":{"type":"Polygon","coordinates":[[[-65.9427,-42.8623],[-65.9736,-42.0003],[-68.3892,-42.0001],[-68.3816,-42.8828],[-65.9427,-42.8623]]]}},{"type":"Feature","properties":{"name":"1ro. de Mayo","province":"Chaco"},"geometry":{"type":"Polygon","coordinates":[[[-59.1701,-26.9024],[-59.0295,-27.0288],[-59.1724,-27.1568],[-59.1007,-27.2208],[-59.1094,-27.2291],[-59.0811,-27.2368],[-59.0594,-27.2962],[-59.0292,-27.2854],[-58.8694,-27.4281],[-58.8803,-27.4643],[-58.9015,-27.4728],[-58.8788,-27.4718],[-58.8749,-27.4886],[-58.7728,-27.3782],[-58.7684,-27.3245],[-58.7345,-27.2869],[-58.7597,-27.2464],[-58.7529,-27.2196],[-58.7784,-27.2189],[-58.7953,-27.1816],[-58.8709,-27.1396],[-58.8714,-27.1191],[-58.9201,-27.1274],[-58.9515,-27.1084],[-58.9537,-26.8706],[-59.1703,-26.8717],[-59.1701,-26.9024]]]}},{"type":"Feature","properties":{"name":"La Candelaria","province":"Salta"},"geometry":{"type":"Polygon","coordinates":[[[-64.9416,-26.3023],[-64.9173,-26.1995],[-64.8917,-26.1797],[-64.8729,-26.1253],[-64.8944,-26.0909],[-64.8843,-26.0448],[-65.108,-26.0079],[-65.1032,-26.0539],[-65.1946,-26.0252],[-65.2468,-25.9721],[-65.25,-25.899],[-65.2859,-25.864],[-65.351,-25.8758],[-65.3844,-25.9443],[-65.4422,-25.9577],[-65.4703,-26.015],[-65.5278,-26.0194],[-65.5305,-26.0452],[-65.5518,-26.0412],[-65.563,-26.0893],[-65.4654,-26.0913],[-65.437,-26.1099],[-65.3773,-26.0651],[-65.3323,-26.0658],[-65.2979,-26.0817],[-65.2736,-26.172],[-65.0402,-26.2297],[-65.0405,-26.274],[-64.9737,-26.2769],[-64.9609,-26.304],[-64.9416,-26.3023]]]}},{"type":"Feature","properties":{"name":"San Blas de los Sauces","province":"La Rioja"},"geometry":{"type":"Polygon","coordinates":[[[-66.9426,-28.2662],[-67.0172,-28.2545],[-67.0747,-28.2702],[-67.1554,-28.3844],[-67.3753,-28.3845],[-67.4464,-28.368],[-67.4374,-28.417],[-67.3001,-28.4981],[-67.2622,-28.5371],[-67.258,-28.7381],[-67.2255,-28.8502],[-67.1748,-28.9055],[-67.0687,-28.7186],[-67.0647,-28.6526],[-67.0138,-28.6209],[-66.9879,-28.4755],[-67.0228,-28.3569],[-66.9426,-28.2662]]]}},{"type":"Feature","properties":{"name":"9 de Julio","province":"Río Negro"},"geometry":{"type":"Polygon","coordinates":[[[-66.8769,-42.0002],[-66.8257,-39.9106],[-67.8722,-39.8109],[-68.2315,-40.0731],[-68.0085,-40.1582],[-68.0857,-42.0001],[-66.8769,-42.0002]]]}},{"type":"Feature","properties":{"name":"San Pedro","province":"Misiones"},"geometry":{"type":"Polygon","coordinates":[[[-54.2679,-26.6406],[-54.1947,-26.6648],[-54.2166,-26.6941],[-54.2453,-26.6992],[-54.2587,-26.7374],[-54.2456,-26.801],[-54.1434,-26.7437],[-54.1315,-26.8027],[-54.1047,-26.8081],[-54.1088,-26.831],[-54.0855,-26.8401],[-54.1014,-26.854],[-54.0812,-26.8604],[-54.0805,-26.8803],[-54.0507,-26.8753],[-54.0529,-26.8942],[-54.0289,-26.8953],[-54.0146,-26.923],[-54.034,-26.9294],[-54.0197,-26.9547],[-54.0333,-26.9742],[-53.9959,-26.9756],[-54.0006,-26.9992],[-54.02,-27.0039],[-54.0031,-27.0173],[-53.9842,-27.0057],[-53.971,-27.0402],[-53.9383,-27.0235],[-53.9473,-27.051],[-53.9233,-27.0315],[-53.9119,-27.0565],[-53.8886,-27.0459],[-53.9047,-27.0695],[-53.8924,-27.079],[-53.9073,-27.086],[-53.8797,-27.0998],[-53.9263,-27.1126],[-53.8993,-27.1238],[-53.9344,-27.1308],[-53.9337,-27.1562],[-53.9038,-27.1756],[-53.8692,-27.1251],[-53.8367,-27.1697],[-53.8279,-27.1457],[-53.7989,-27.1464],[-53.8247,-27.1324],[-53.8044,-27.1227],[-53.8186,-27.1022],[-53.7763,-27.1034],[-53.8054,-27.0786],[-53.7974,-27.0661],[-53.7817,-27.0788],[-53.7717,-27.0736],[-53.8022,-27.0401],[-53.7601,-27.0651],[-53.7856,-27.0263],[-53.764,-27.0454],[-53.7472,-27.0322],[-53.7635,-27.0084],[-53.7403,-27.0146],[-53.7436,-26.992],[-53.7179,-26.9902],[-53.737,-26.9743],[-53.7261,-26.9588],[-53.7032,-26.9602],[-53.709,-26.9341],[-53.6727,-26.9456],[-53.6969,-26.9292],[-53.6709,-26.8947],[-53.6956,-26.8869],[-53.68,-26.8697],[-53.6968,-26.8598],[-53.6602,-26.8584],[-53.6948,-26.847],[-53.7108,-26.8113],[-53.6981,-26.8143],[-53.7002,-26.7979],[-53.717,-26.7821],[-53.6988,-26.7695],[-53.7302,-26.7738],[-53.7435,-26.7639],[-53.7141,-26.7507],[-53.7318,-26.7309],[-53.7501,-26.7407],[-53.7427,-26.7311],[-53.758,-26.7203],[-53.7344,-26.717],[-53.7429,-26.6803],[-53.7288,-26.6922],[-53.7167,-26.6832],[-53.7316,-26.6778],[-53.7187,-26.6671],[-53.722,-26.6484],[-53.7263,-26.6588],[-53.7595,-26.6411],[-53.7398,-26.6441],[-53.7328,-26.5865],[-53.7075,-26.5609],[-53.7372,-26.5641],[-53.7253,-26.5543],[-53.7418,-26.545],[-53.7169,-26.5277],[-53.7289,-26.5008],[-53.7057,-26.509],[-53.6959,-26.4904],[-53.6957,-26.4755],[-53.7153,-26.4711],[-53.699,-26.4631],[-53.7308,-26.4609],[-53.7776,-26.3807],[-53.7522,-26.3257],[-54.1793,-26.3304],[-54.178,-26.4482],[-54.2687,-26.4483],[-54.2679,-26.6406]]]}},{"type":"Feature","properties":{"name":"Maipú","province":"Mendoza"},"geometry":{"type":"Polygon","coordinates":[[[-68.8027,-32.9254],[-68.8323,-32.967],[-68.815,-32.9709],[-68.8317,-33.0073],[-68.8642,-33.0471],[-68.8325,-33.0629],[-68.7861,-33.0538],[-68.6839,-33.1159],[-68.601,-33.0921],[-68.5759,-33.0301],[-68.4692,-32.9196],[-68.4552,-32.8675],[-68.6034,-32.8371],[-68.6502,-32.8566],[-68.6604,-32.9138],[-68.705,-32.9686],[-68.7203,-32.9429],[-68.8027,-32.9254]]]}},{"type":"Feature","properties":{"name":"Chical Có","province":"La Pampa"},"geometry":{"type":"Polygon","coordinates":[[[-67.1325,-35.9995],[-68.2961,-35.9996],[-68.2961,-36.1725],[-68.2502,-36.1725],[-68.2501,-36.8028],[-67.1269,-36.7995],[-67.1325,-35.9995]]]}},{"type":"Feature","properties":{"name":"San Vicente","province":"Buenos Aires"},"geometry":{"type":"Polygon","coordinates":[[[-58.469,-35.2377],[-58.2359,-35.0561],[-58.2886,-35.0169],[-58.2775,-35.0095],[-58.301,-34.972],[-58.2875,-34.9653],[-58.3166,-34.9259],[-58.4683,-35.0106],[-58.4635,-34.9514],[-58.4915,-34.9283],[-58.554,-34.9754],[-58.5538,-35.0092],[-58.5996,-35.0499],[-58.5787,-35.0654],[-58.5774,-35.1477],[-58.559,-35.1736],[-58.469,-35.2377]]]}},{"type":"Feature","properties":{"name":"Fray Mamerto Esquiú","province":"Catamarca"},"geometry":{"type":"Polygon","coordinates":[[[-65.7272,-28.4281],[-65.6724,-28.443],[-65.6644,-28.335],[-65.6995,-28.3165],[-65.7292,-28.2312],[-65.753,-28.2472],[-65.8103,-28.2495],[-65.7606,-28.3812],[-65.7282,-28.386],[-65.7272,-28.4281]]]}},{"type":"Feature","properties":{"name":"Libertador General San Martín","province":"Misiones"},"geometry":{"type":"Polygon","coordinates":[[[-54.7974,-26.6437],[-54.8209,-26.6733],[-54.8739,-26.6553],[-54.9422,-26.6824],[-54.9563,-26.7814],[-55.0575,-26.799],[-55.1298,-26.8536],[-55.1503,-26.8926],[-55.1321,-26.9445],[-55.2011,-26.9699],[-55.2021,-26.9904],[-55.1795,-26.9902],[-55.1701,-27.035],[-55.1436,-27.0548],[-55.0108,-27.0536],[-54.9689,-27.0972],[-54.9496,-27.0753],[-54.8894,-27.0548],[-54.8879,-27.0017],[-54.9,-27.0011],[-54.8812,-26.9781],[-54.8164,-26.9863],[-54.8166,-27.0014],[-54.7874,-27.0087],[-54.7567,-27.0476],[-54.7234,-27.0412],[-54.7499,-26.9437],[-54.7117,-26.934],[-54.6963,-26.9767],[-54.6554,-26.9606],[-54.7974,-26.6437]]]}},{"type":"Feature","properties":{"name":"Adolfo Alsina","province":"Río Negro"},"geometry":{"type":"Polygon","coordinates":[[[-64.6015,-40.4389],[-64.6032,-40.8502],[-64.421,-40.9076],[-64.2062,-41.0098],[-64.112,-41.0229],[-64.0959,-41.0187],[-64.1091,-41.0098],[-64.0989,-41.0018],[-64.0818,-41.0267],[-64.1144,-41.0301],[-63.9585,-41.0731],[-63.8711,-41.1374],[-63.7772,-41.1604],[-63.1165,-41.1555],[-62.8845,-41.0794],[-62.7897,-41.0242],[-62.8015,-40.9821],[-62.9572,-40.8177],[-63.1916,-40.7163],[-63.284,-40.7287],[-63.31,-40.7065],[-63.3589,-40.7208],[-63.3627,-40.703],[-63.3793,-40.7098],[-63.3803,-40.4086],[-63.8309,-40.4105],[-63.848,-40.4058],[-63.8453,-40.3903],[-63.9976,-40.5063],[-64.083,-40.4422],[-64.6015,-40.4389]]]}},{"type":"Feature","properties":{"name":"Río Segundo","province":"Córdoba"},"geometry":{"type":"Polygon","coordinates":[[[-63.264,-31.3335],[-63.3656,-31.3151],[-63.3584,-31.3676],[-63.4496,-31.3754],[-63.4895,-31.4024],[-63.5306,-31.4033],[-63.5722,-31.47],[-63.619,-31.4941],[-63.6808,-31.4929],[-63.6909,-31.5223],[-63.9567,-31.5365],[-63.9341,-31.5582],[-64.0166,-31.6204],[-63.9853,-31.6511],[-64.0146,-31.656],[-64.0459,-31.6871],[-64.0503,-31.7855],[-64.0126,-31.75],[-63.9478,-31.7529],[-63.9469,-31.8744],[-63.9181,-31.8746],[-63.919,-31.987],[-63.6998,-31.9884],[-63.6997,-32.0355],[-63.6779,-32.0351],[-63.6776,-31.9991],[-63.6589,-32.0208],[-63.57,-31.9642],[-63.555,-31.9814],[-63.4244,-31.984],[-63.3481,-31.9638],[-63.3425,-31.9418],[-63.2444,-31.9248],[-63.2116,-32.0096],[-63.1826,-32.0013],[-63.1256,-31.9474],[-63.0835,-31.9522],[-63.097,-32.0055],[-63.0063,-32.0215],[-63.0062,-32.0366],[-62.8512,-32.0605],[-62.8386,-32.0113],[-62.881,-32.0128],[-62.8818,-31.9661],[-62.8999,-31.966],[-62.9494,-31.9197],[-62.9496,-31.8674],[-62.9639,-31.8675],[-62.9686,-31.8361],[-62.9825,-31.8336],[-62.9829,-31.7989],[-63.0097,-31.8],[-63.0147,-31.7234],[-63.0355,-31.7234],[-63.0527,-31.6657],[-63.1117,-31.6653],[-63.1114,-31.6228],[-63.1527,-31.623],[-63.1638,-31.5637],[-63.1868,-31.5637],[-63.1813,-31.5435],[-63.2067,-31.5531],[-63.1769,-31.4612],[-63.2614,-31.473],[-63.264,-31.3335]]]}},{"type":"Feature","properties":{"name":"Bermejo","province":"Formosa"},"geometry":{"type":"Polygon","coordinates":[[[-61.8517,-23.0946],[-61.8348,-24.3194],[-61.8135,-24.3136],[-61.7939,-24.3343],[-61.7821,-24.3144],[-61.7619,-24.3146],[-61.7437,-24.3394],[-61.7149,-24.3405],[-61.7325,-24.3585],[-61.6925,-24.3677],[-61.7125,-24.3799],[-61.6976,-24.4134],[-61.6471,-24.4338],[-61.61,-24.4237],[-61.6064,-24.4504],[-61.5845,-24.44],[-61.5931,-24.4841],[-61.5763,-24.4952],[-61.5549,-24.4852],[-61.5623,-24.5026],[-61.525,-24.5132],[-61.524,-24.5393],[-61.4611,-24.6109],[-61.3827,-24.6128],[-61.3755,-24.6416],[-61.3642,-24.6195],[-61.3418,-24.6395],[-61.2944,-24.6257],[-61.2741,-24.6389],[-61.2622,-24.62],[-61.2458,-24.6496],[-61.232,-24.6397],[-61.2016,-24.6558],[-61.2081,-24.698],[-61.1836,-24.7211],[-61.1574,-24.7097],[-61.1738,-24.7336],[-61.1478,-24.7552],[-61.1604,-24.7709],[-61.1377,-24.7853],[-61.1442,-24.7989],[-60.365,-24.0203],[-60.4778,-23.9509],[-60.5097,-23.9709],[-60.5899,-23.9588],[-60.5874,-23.917],[-60.6128,-23.9038],[-60.6942,-23.9026],[-60.743,-23.8727],[-60.8322,-23.8727],[-60.9324,-23.8004],[-60.9584,-23.8184],[-60.9854,-23.8087],[-61.0981,-23.6626],[-61.0912,-23.6176],[-61.1242,-23.5872],[-61.1345,-23.5988],[-61.1331,-23.5815],[-61.1974,-23.5511],[-61.1917,-23.5425],[-61.2178,-23.5522],[-61.249,-23.5397],[-61.2753,-23.5066],[-61.2929,-23.5095],[-61.2822,-23.4902],[-61.2935,-23.4961],[-61.3537,-23.4501],[-61.3853,-23.4468],[-61.3852,-23.4572],[-61.4521,-23.4171],[-61.4931,-23.422],[-61.5227,-23.3755],[-61.5164,-23.3516],[-61.568,-23.3376],[-61.5755,-23.3041],[-61.6099,-23.2826],[-61.6706,-23.2838],[-61.6648,-23.2745],[-61.7306,-23.2386],[-61.7544,-23.1712],[-61.806,-23.1572],[-61.8517,-23.0946]]]}},{"type":"Feature","properties":{"name":"Ambato","province":"Catamarca"},"geometry":{"type":"Polygon","coordinates":[[[-66.0426,-28.3515],[-65.9842,-28.3496],[-65.8869,-28.3181],[-65.8759,-28.3326],[-65.8103,-28.2495],[-65.753,-28.2472],[-65.7292,-28.2312],[-65.7556,-28.1004],[-65.7908,-28.0474],[-65.7654,-28.008],[-65.807,-27.881],[-65.804,-27.8206],[-65.8207,-27.8204],[-65.8323,-27.8512],[-65.8288,-27.8142],[-65.8655,-27.689],[-65.8754,-27.6725],[-65.9154,-27.6691],[-65.9398,-27.6167],[-65.9736,-27.6374],[-65.9837,-27.7537],[-66.0326,-27.7769],[-66.0435,-27.7553],[-66.0763,-27.768],[-66.0883,-27.8029],[-66.0491,-27.9027],[-66.0958,-27.9741],[-66.0788,-27.9797],[-66.0867,-28.0126],[-66.0416,-28.1001],[-66.0452,-28.1245],[-66.0289,-28.134],[-66.0394,-28.1732],[-66.0221,-28.1979],[-66.0551,-28.3094],[-66.0426,-28.3515]]]}},{"type":"Feature","properties":{"name":"Salavina","province":"Santiago del Estero"},"geometry":{"type":"Polygon","coordinates":[[[-63.6014,-28.6265],[-63.5815,-28.6482],[-63.6225,-28.6732],[-63.584,-28.7242],[-63.5639,-28.7129],[-63.5526,-28.7288],[-63.6586,-28.7937],[-63.5929,-28.8762],[-63.6634,-28.9386],[-63.6499,-28.9297],[-63.6262,-28.9495],[-63.5958,-28.9484],[-63.5789,-28.9782],[-63.5659,-28.968],[-63.5509,-28.9835],[-63.5423,-28.9691],[-63.5389,-29.0191],[-63.4759,-29.027],[-63.449,-29.0592],[-63.4147,-29.0696],[-63.3955,-29.0846],[-63.3815,-29.1367],[-63.322,-29.1394],[-63.2956,-29.2102],[-63.2793,-29.2269],[-63.2142,-29.239],[-63.1852,-29.2874],[-63.1581,-29.2913],[-63.1578,-29.3124],[-62.9942,-29.2186],[-62.9959,-29.202],[-62.9807,-29.202],[-62.9802,-28.9667],[-63.0681,-28.9701],[-63.0678,-28.8116],[-63.1108,-28.8117],[-63.1108,-28.7654],[-63.2424,-28.7406],[-63.227,-28.6372],[-63.3134,-28.637],[-63.3134,-28.6071],[-63.354,-28.607],[-63.3539,-28.5872],[-63.3926,-28.6046],[-63.3837,-28.5556],[-63.467,-28.5425],[-63.4751,-28.5764],[-63.5237,-28.5689],[-63.5308,-28.5951],[-63.6014,-28.6265]]]}},{"type":"Feature","properties":{"name":"San Rafael","province":"Mendoza"},"geometry":{"type":"Polygon","coordinates":[[[-68.4254,-34.2209],[-68.5128,-34.209],[-68.5838,-34.2351],[-68.7537,-34.2582],[-68.8104,-34.3688],[-69.005,-34.3182],[-69.0533,-34.5775],[-69.0904,-34.5807],[-69.1303,-34.6216],[-69.43,-34.6999],[-69.4811,-34.6822],[-69.6419,-34.5214],[-69.7121,-34.4794],[-69.7717,-34.4656],[-69.7938,-34.4042],[-69.9411,-34.3039],[-69.9717,-34.2502],[-70.0323,-34.2913],[-70.0147,-34.3354],[-70.0242,-34.3737],[-70.0123,-34.4119],[-70.0418,-34.4234],[-70.0824,-34.4726],[-70.1298,-34.486],[-70.1444,-34.5329],[-70.217,-34.6107],[-70.214,-34.6791],[-70.2355,-34.6884],[-70.1815,-34.705],[-70.1408,-34.743],[-70.0885,-34.7472],[-70.0146,-34.8068],[-69.6839,-34.965],[-69.6458,-34.9978],[-69.6087,-35.0841],[-69.5695,-35.1076],[-69.5461,-35.1632],[-69.5524,-35.1846],[-69.5132,-35.2272],[-69.3757,-35.2684],[-69.2744,-35.2559],[-68.7451,-35.3676],[-68.486,-35.5793],[-68.2692,-35.9996],[-67.1949,-35.9995],[-67.2844,-35.8323],[-67.3355,-35.8063],[-67.4148,-35.7211],[-67.4115,-35.656],[-67.4779,-35.5895],[-67.4785,-35.5635],[-67.5061,-35.5494],[-67.5295,-35.5021],[-67.5919,-35.4578],[-67.6469,-35.3896],[-67.6585,-35.3377],[-67.6454,-35.3147],[-67.6714,-35.2932],[-67.6785,-35.2527],[-67.7131,-35.2402],[-67.7129,-35.2063],[-67.7313,-35.2034],[-67.7129,-35.1741],[-67.7294,-35.1496],[-67.7128,-35.1278],[-67.7182,-35.0969],[-67.6987,-35.0823],[-67.7109,-35.0543],[-67.6925,-35.0138],[-67.7221,-34.9709],[-67.6642,-34.6205],[-67.6256,-34.5261],[-67.4259,-34.5571],[-67.3862,-34.5388],[-67.337,-34.5482],[-67.283,-34.5359],[-67.2037,-34.5645],[-67.153,-34.5576],[-67.0781,-34.5728],[-67.0575,-34.5534],[-67.0171,-34.5566],[-66.8142,-34.4883],[-66.7765,-34.5051],[-66.7645,-34.5375],[-66.7531,-34.4555],[-66.7583,-34.4344],[-66.796,-34.4115],[-66.7775,-34.4114],[-66.7649,-34.3819],[-66.7877,-34.3778],[-66.8126,-34.3451],[-66.797,-34.3005],[-67.1543,-34.294],[-67.1506,-34.1087],[-67.5636,-34.1],[-67.6468,-34.1993],[-68.1696,-34.2096],[-68.2983,-34.171],[-68.3483,-34.1788],[-68.4254,-34.2209]]]}},{"type":"Feature","properties":{"name":"Escalante","province":"Chubut"},"geometry":{"type":"MultiPolygon","coordinates":[[[[-68.3712,-44.6872],[-68.3631,-45.9998],[-67.5957,-45.9998],[-67.5652,-45.9626],[-67.5312,-45.959],[-67.5557,-45.9451],[-67.5521,-45.9257],[-67.4991,-45.8748],[-67.4773,-45.8641],[-67.4733,-45.8652],[-67.4663,-45.8642],[-67.4637,-45.8627],[-67.4584,-45.8624],[-67.4564,-45.8614],[-67.4758,-45.8538],[-67.4547,-45.8195],[-67.3979,-45.7875],[-67.3686,-45.7873],[-67.3787,-45.7345],[-67.3422,-45.7232],[-67.362,-45.6958],[-67.3503,-45.6293],[-67.2215,-45.5271],[-67.036,-45.3222],[-66.9537,-45.2677],[-66.8536,-45.2321],[-66.662,-45.2114],[-66.5187,-45.2229],[-66.5141,-45.1968],[-66.5365,-45.1752],[-66.5945,-45.1716],[-66.5844,-45.157],[-66.6007,-45.1405],[-66.5474,-45.1367],[-66.5403,-45.1529],[-66.4732,-45.1659],[-66.459,-45.1473],[-66.5314,-45.1443],[-66.5351,-45.1188],[-66.5171,-45.0969],[-66.3985,-45.0531],[-66.3633,-45.0616],[-66.3747,-45.0559],[-66.3665,-45.042],[-67.0799,-45.0463],[-67.0942,-44.6789],[-68.3712,-44.6872]]],[[[-66.3935,-45.1898],[-66.4082,-45.1938],[-66.3935,-45.1915],[-66.3935,-45.1898]]],[[[-66.4928,-45.1784],[-66.502,-45.176],[-66.5043,-45.1766],[-66.4948,-45.1826],[-66.4928,-45.1784]]],[[[-66.5052,-45.1854],[-66.501,-45.1847],[-66.5075,-45.1805],[-66.5052,-45.1854]]],[[[-66.3643,-45.15],[-66.3605,-45.1512],[-66.3622,-45.1494],[-66.3643,-45.15]]],[[[-66.4081,-45.0884],[-66.41,-45.0914],[-66.4029,-45.0887],[-66.4081,-45.0884]]],[[[-66.4899,-45.1822],[-66.4858,-45.1794],[-66.4891,-45.179],[-66.4899,-45.1822]]],[[[-66.7006,-45.2461],[-66.696,-45.2452],[-66.697,-45.244],[-66.7006,-45.2461]]],[[[-66.4072,-45.0853],[-66.4031,-45.0824],[-66.4093,-45.0851],[-66.4072,-45.0853]]],[[[-66.4195,-45.0965],[-66.4151,-45.0943],[-66.42,-45.0943],[-66.4195,-45.0965]]],[[[-66.5152,-45.1822],[-66.5181,-45.1782],[-66.5186,-45.1806],[-66.5152,-45.1822]]],[[[-66.497,-45.1705],[-66.4962,-45.1687],[-66.5008,-45.1673],[-66.497,-45.1705]]],[[[-66.5117,-45.1738],[-66.5087,-45.1732],[-66.5107,-45.1723],[-66.5117,-45.1738]]]]}},{"type":"Feature","properties":{"name":"San Carlos","province":"Mendoza"},"geometry":{"type":"Polygon","coordinates":[[[-68.2903,-33.4614],[-68.5935,-33.4863],[-68.571,-33.7248],[-69.0003,-33.5757],[-68.9995,-33.6027],[-69.0575,-33.6422],[-69.0688,-33.6672],[-69.1806,-33.7282],[-69.2318,-33.7738],[-69.3043,-33.7937],[-69.3604,-33.862],[-69.4346,-33.8491],[-69.5268,-33.8661],[-69.6139,-33.8504],[-69.7966,-33.8578],[-69.8971,-33.8313],[-69.899,-33.8473],[-69.8555,-33.8921],[-69.8901,-33.9195],[-69.9055,-33.9652],[-69.8835,-33.9767],[-69.8542,-33.9637],[-69.8392,-34.0069],[-69.8214,-34.0152],[-69.854,-34.0563],[-69.8321,-34.0721],[-69.8341,-34.0882],[-69.8733,-34.1311],[-69.7967,-34.2105],[-69.8072,-34.2484],[-69.897,-34.2659],[-69.9099,-34.2921],[-69.9717,-34.2502],[-69.9691,-34.2697],[-69.9016,-34.3379],[-69.7938,-34.4042],[-69.7717,-34.4656],[-69.7121,-34.4794],[-69.6419,-34.5214],[-69.4699,-34.6907],[-69.3664,-34.6896],[-69.3141,-34.6624],[-69.1303,-34.6216],[-69.0904,-34.5807],[-69.0533,-34.5775],[-69.005,-34.3182],[-68.8104,-34.3688],[-68.7537,-34.2582],[-68.5838,-34.2351],[-68.5128,-34.209],[-68.4526,-34.2108],[-68.4551,-34.0397],[-68.2922,-34.018],[-68.2903,-33.4614]]]}},{"type":"Feature","properties":{"name":"Belgrano","province":"Santa Fe"},"geometry":{"type":"Polygon","coordinates":[[[-61.4377,-32.3938],[-61.9124,-32.3072],[-61.9038,-32.3275],[-62.0113,-32.3453],[-61.9126,-32.4971],[-61.9121,-32.5276],[-61.9295,-32.5442],[-61.9043,-32.5528],[-61.9012,-32.569],[-61.9213,-32.5929],[-61.8897,-32.5922],[-61.8893,-32.6142],[-61.9454,-32.6513],[-61.9455,-32.6786],[-61.9074,-32.696],[-61.8574,-32.6942],[-61.827,-32.7551],[-61.7954,-32.7739],[-61.777,-32.8313],[-61.7912,-32.8778],[-61.7709,-32.9017],[-61.7945,-33.0192],[-61.7129,-33.0905],[-61.6424,-32.8832],[-61.5183,-32.8491],[-61.5328,-32.8466],[-61.4377,-32.3938]]]}},{"type":"Feature","properties":{"name":"Merlo","province":"Buenos Aires"},"geometry":{"type":"Polygon","coordinates":[[[-58.6362,-34.7149],[-58.7291,-34.6348],[-58.7565,-34.6597],[-58.8646,-34.6929],[-58.7502,-34.7772],[-58.7285,-34.7592],[-58.7039,-34.7785],[-58.6736,-34.7663],[-58.6578,-34.7534],[-58.6754,-34.7393],[-58.6362,-34.7149]]]}},{"type":"Feature","properties":{"name":"San Cosme","province":"Corrientes"},"geometry":{"type":"MultiPolygon","coordinates":[[[[-58.3374,-27.4134],[-58.3249,-27.36],[-58.3037,-27.3623],[-58.3626,-27.2843],[-58.4168,-27.2901],[-58.4935,-27.2706],[-58.7079,-27.3662],[-58.6634,-27.4227],[-58.6788,-27.471],[-58.6364,-27.4744],[-58.6262,-27.5133],[-58.6029,-27.5197],[-58.5704,-27.5123],[-58.5482,-27.4873],[-58.4895,-27.4748],[-58.4909,-27.4296],[-58.4559,-27.417],[-58.4493,-27.3993],[-58.4138,-27.4089],[-58.3555,-27.3979],[-58.3374,-27.4134]]],[[[-58.4204,-27.2796],[-58.4311,-27.2682],[-58.422,-27.2806],[-58.4204,-27.2796]]],[[[-58.6131,-27.3133],[-58.609,-27.3161],[-58.6071,-27.3129],[-58.6131,-27.3133]]],[[[-58.4206,-27.281],[-58.4182,-27.2832],[-58.4131,-27.2816],[-58.4206,-27.281]]],[[[-58.4377,-27.2677],[-58.4414,-27.266],[-58.4365,-27.2707],[-58.4377,-27.2677]]],[[[-58.4574,-27.273],[-58.4579,-27.2717],[-58.4633,-27.2708],[-58.4574,-27.273]]]]}},{"type":"Feature","properties":{"name":"Aguirre","province":"Santiago del Estero"},"geometry":{"type":"Polygon","coordinates":[[[-62.6426,-28.8643],[-62.8946,-28.863],[-62.8945,-28.8917],[-63.0681,-28.8918],[-63.0681,-28.9701],[-62.9802,-28.9667],[-62.9807,-29.202],[-62.8915,-29.2021],[-62.8915,-29.2836],[-62.8022,-29.2843],[-62.8022,-29.3064],[-62.7527,-29.307],[-62.7526,-29.3634],[-62.6165,-29.3641],[-62.6171,-29.4425],[-62.4978,-29.4428],[-62.4978,-29.4822],[-62.558,-29.4824],[-62.5584,-29.5209],[-62.545,-29.5212],[-62.5336,-29.5969],[-62.4378,-29.5968],[-62.4375,-29.6666],[-61.9928,-29.6651],[-61.9507,-29.4156],[-61.9919,-29.4254],[-62.0438,-29.3728],[-62.1103,-29.3546],[-62.1574,-29.3849],[-62.2,-29.3726],[-62.1992,-29.3582],[-62.2488,-29.3711],[-62.3101,-29.3258],[-62.2855,-29.287],[-62.3032,-29.2927],[-62.3219,-29.2626],[-62.3705,-29.2474],[-62.3586,-29.2438],[-62.3678,-29.2254],[-62.4184,-29.2034],[-62.4138,-29.1845],[-62.4277,-29.1841],[-62.416,-29.1789],[-62.4371,-29.1534],[-62.4797,-29.1573],[-62.4746,-29.1424],[-62.4894,-29.1353],[-62.5354,-29.1371],[-62.5703,-29.1048],[-62.62,-29.0956],[-62.6409,-29.0659],[-62.6285,-29.0371],[-62.6516,-29.029],[-62.6748,-28.9861],[-62.6731,-28.9578],[-62.6537,-28.9489],[-62.6736,-28.9349],[-62.6414,-28.9082],[-62.6426,-28.8643]]]}},{"type":"Feature","properties":{"name":"Lules","province":"Tucumán"},"geometry":{"type":"Polygon","coordinates":[[[-65.6338,-26.8113],[-65.605,-26.8437],[-65.4662,-26.8827],[-65.442,-26.9292],[-65.3768,-26.9664],[-65.3648,-27.001],[-65.3242,-27.0331],[-65.2838,-26.9864],[-65.314,-26.9865],[-65.2947,-26.9209],[-65.251,-26.9735],[-65.2651,-26.9869],[-65.2572,-27.0074],[-65.2692,-27.021],[-65.2589,-27.0232],[-65.2076,-26.9281],[-65.2307,-26.8679],[-65.2707,-26.8573],[-65.2704,-26.8361],[-65.4326,-26.8152],[-65.4621,-26.7739],[-65.5158,-26.7481],[-65.5452,-26.7641],[-65.6068,-26.7287],[-65.6514,-26.7568],[-65.7108,-26.7388],[-65.68,-26.8129],[-65.6338,-26.8113]]]}},{"type":"Feature","properties":{"name":"Picún Leufú","province":"Neuquén"},"geometry":{"type":"Polygon","coordinates":[[[-70.0281,-39.4154],[-69.5282,-39.8143],[-69.5061,-39.8145],[-69.3482,-39.7113],[-69.343,-39.6804],[-69.2723,-39.629],[-69.2771,-39.5964],[-69.1771,-39.5606],[-69.1128,-39.5147],[-69.0475,-39.5267],[-68.9999,-39.5152],[-68.9307,-39.461],[-68.9125,-39.4179],[-68.8198,-39.3689],[-69.286,-38.9999],[-69.6208,-39.253],[-69.7133,-39.1788],[-70.0281,-39.4154]]]}},{"type":"Feature","properties":{"name":"Andalgalá","province":"Catamarca"},"geometry":{"type":"Polygon","coordinates":[[[-66.5876,-27.0948],[-66.5374,-27.2517],[-66.5552,-27.2456],[-66.6241,-27.279],[-66.6297,-27.2978],[-66.6136,-27.3123],[-66.6297,-27.333],[-66.6151,-27.3549],[-66.6304,-27.3845],[-66.6043,-27.406],[-66.6328,-27.4344],[-66.6503,-27.4925],[-66.7358,-27.5482],[-66.7023,-27.578],[-66.7437,-27.6386],[-66.7151,-27.6705],[-66.7239,-27.6837],[-66.7113,-27.7016],[-66.7714,-27.7584],[-66.7395,-27.7878],[-66.74,-27.866],[-66.2654,-27.8673],[-66.254,-27.8223],[-66.1837,-27.8274],[-66.1063,-27.8024],[-66.0435,-27.7553],[-66.0326,-27.7769],[-65.9837,-27.7537],[-65.9736,-27.6374],[-65.9398,-27.6167],[-65.9757,-27.4935],[-65.9731,-27.3316],[-66.1394,-27.2619],[-66.1944,-27.314],[-66.2956,-27.2152],[-66.3172,-27.2397],[-66.4515,-27.1307],[-66.5876,-27.0948]]]}},{"type":"Feature","properties":{"name":"Antofagasta de la Sierra","province":"Catamarca"},"geometry":{"type":"Polygon","coordinates":[[[-66.5593,-25.2986],[-66.8793,-25.2417],[-67.8646,-25.2384],[-68.5072,-25.1683],[-68.5052,-25.2225],[-68.5485,-25.2622],[-68.5292,-25.2905],[-68.5459,-25.3122],[-68.5182,-25.3417],[-68.5239,-25.3789],[-68.5716,-25.4178],[-68.5899,-25.4144],[-68.5892,-25.4488],[-68.5726,-25.4944],[-68.5385,-25.5091],[-68.543,-25.549],[-68.5148,-25.5741],[-68.5408,-25.5961],[-68.5447,-25.6338],[-68.4773,-25.7016],[-68.3814,-26.1778],[-68.5584,-26.2874],[-68.5881,-26.4924],[-68.3483,-26.8139],[-68.3179,-26.8219],[-68.2586,-26.7921],[-68.2192,-26.807],[-68.196,-26.844],[-68.1748,-26.8193],[-68.1447,-26.8164],[-68.1293,-26.7777],[-68.0454,-26.7543],[-67.8706,-26.8014],[-67.8531,-26.7929],[-67.8583,-26.766],[-67.8204,-26.7567],[-67.7727,-26.8056],[-67.7228,-26.7715],[-67.6731,-26.8001],[-67.6162,-26.7829],[-67.5971,-26.814],[-67.547,-26.8313],[-67.5343,-26.9246],[-67.4877,-26.8599],[-67.4902,-26.8157],[-67.4653,-26.7801],[-67.402,-26.743],[-67.2873,-26.7115],[-67.2803,-26.6921],[-67.1809,-26.665],[-67.1515,-26.6166],[-67.1373,-26.6254],[-67.1158,-26.6044],[-67.0877,-26.6096],[-67.0462,-26.5054],[-67.0435,-26.4158],[-67.059,-26.3918],[-67.0316,-26.3912],[-67.035,-26.3285],[-67.0098,-26.3057],[-67.0012,-26.2285],[-66.9643,-26.1342],[-66.922,-26.0981],[-66.9068,-26.1154],[-66.8378,-26.1086],[-66.8215,-26.0748],[-66.8729,-26.0012],[-66.906,-25.9911],[-66.921,-25.943],[-66.8488,-25.9081],[-66.8476,-25.7963],[-66.8707,-25.7599],[-66.8426,-25.7125],[-66.8129,-25.7001],[-66.6486,-25.712],[-66.6067,-25.6295],[-66.5639,-25.6209],[-66.5716,-25.5856],[-66.5366,-25.5377],[-66.5358,-25.4642],[-66.5193,-25.4366],[-66.5371,-25.3725],[-66.5998,-25.3623],[-66.5593,-25.2986]]]}},{"type":"Feature","properties":{"name":"Susques","province":"Jujuy"},"geometry":{"type":"Polygon","coordinates":[[[-66.1861,-23.4418],[-66.1983,-23.3917],[-66.1059,-23.2233],[-66.1061,-23.1732],[-66.2818,-22.9993],[-66.9912,-22.9993],[-67.213,-23.6949],[-66.9976,-23.885],[-66.9489,-23.9676],[-66.8823,-23.9728],[-66.8374,-24.0707],[-66.7974,-24.0964],[-66.7457,-24.0892],[-66.7265,-24.1223],[-66.6463,-24.1725],[-66.4834,-24.213],[-66.469,-24.1984],[-66.4788,-24.1835],[-66.4199,-24.1609],[-66.416,-24.1161],[-66.3855,-24.1245],[-66.3631,-24.0882],[-66.3682,-24.0463],[-66.3408,-23.9837],[-66.3675,-23.9711],[-66.3555,-23.8846],[-66.3789,-23.8295],[-66.355,-23.8259],[-66.3769,-23.7502],[-66.3701,-23.6953],[-66.3302,-23.6602],[-66.3176,-23.5757],[-66.2659,-23.5635],[-66.2443,-23.5004],[-66.1861,-23.4418]]]}},{"type":"Feature","properties":{"name":"San Andrés de Giles","province":"Buenos Aires"},"geometry":{"type":"Polygon","coordinates":[[[-59.6741,-34.3997],[-59.7663,-34.4528],[-59.7354,-34.4777],[-59.7687,-34.5073],[-59.6324,-34.6155],[-59.5686,-34.5605],[-59.5233,-34.597],[-59.2177,-34.4467],[-59.2391,-34.4139],[-59.1927,-34.3706],[-59.3103,-34.289],[-59.2983,-34.2641],[-59.3746,-34.2389],[-59.4154,-34.2702],[-59.4231,-34.3028],[-59.4904,-34.319],[-59.6064,-34.4065],[-59.6186,-34.3971],[-59.6447,-34.4177],[-59.6741,-34.3997]]]}},{"type":"Feature","properties":{"name":"Deseado","province":"Santa Cruz"},"geometry":{"type":"MultiPolygon","coordinates":[[[[-69.6562,-45.9998],[-69.7344,-48.3221],[-69.3553,-48.4383],[-68.3354,-48.3796],[-68.1856,-48.4446],[-67.6161,-48.0917],[-67.5874,-48.1124],[-67.5531,-48.113],[-67.1719,-48.4839],[-66.8701,-48.5827],[-66.8311,-48.523],[-66.7364,-48.4651],[-66.6419,-48.431],[-66.4944,-48.4175],[-66.4671,-48.4001],[-66.4748,-48.3661],[-66.448,-48.3523],[-66.3499,-48.3551],[-66.343,-48.3688],[-66.3339,-48.3547],[-66.3602,-48.3147],[-66.3376,-48.2772],[-66.2626,-48.2379],[-66.2283,-48.2013],[-66.1599,-48.1905],[-66.1643,-48.1727],[-66.118,-48.122],[-65.9755,-48.1],[-65.9528,-48.1029],[-65.9504,-48.1232],[-65.9409,-48.1247],[-65.9401,-48.1125],[-65.9081,-48.1056],[-65.9176,-48.0967],[-65.8964,-48.103],[-65.9044,-48.0804],[-65.9804,-48.0507],[-65.9409,-48.0309],[-65.9532,-48.0145],[-65.9319,-48.0172],[-65.9429,-48.0039],[-65.9241,-47.9902],[-65.9515,-47.9764],[-65.9242,-47.9397],[-65.8468,-47.9391],[-65.831,-47.9654],[-65.7651,-47.9501],[-65.7904,-47.938],[-65.7635,-47.9194],[-65.7682,-47.9074],[-65.821,-47.9046],[-65.8582,-47.8728],[-65.8758,-47.8092],[-65.865,-47.8011],[-65.8983,-47.7671],[-65.8734,-47.7653],[-65.8809,-47.7627],[-65.9403,-47.7669],[-65.9781,-47.7627],[-66.0882,-47.813],[-66.1902,-47.8295],[-66.282,-47.8714],[-66.195,-47.82],[-66.1504,-47.807],[-66.1234,-47.808],[-66.1053,-47.799],[-66.0344,-47.7441],[-66.0023,-47.7437],[-66.0053,-47.7308],[-66.0014,-47.7453],[-65.8996,-47.7587],[-65.8386,-47.7468],[-65.8449,-47.7346],[-65.7398,-47.5102],[-65.7178,-47.3322],[-65.7577,-47.2221],[-65.7356,-47.202],[-65.8416,-47.1394],[-65.8467,-47.1091],[-65.8674,-47.0921],[-65.903,-47.0955],[-65.9407,-47.0722],[-66.1977,-47.0874],[-66.4978,-47.0383],[-66.6305,-47.0458],[-66.7919,-46.9991],[-66.8994,-46.912],[-66.9509,-46.847],[-66.9735,-46.8491],[-67.0756,-46.774],[-67.0955,-46.735],[-67.1252,-46.7232],[-67.1216,-46.7074],[-67.2305,-46.674],[-67.2545,-46.6462],[-67.3553,-46.6188],[-67.4403,-46.5485],[-67.5674,-46.3491],[-67.6137,-46.2314],[-67.6272,-46.0836],[-67.6149,-46.0657],[-67.624,-46.0487],[-67.586,-46.0223],[-67.5957,-45.9998],[-69.6562,-45.9998]]],[[[-65.9902,-47.7617],[-66.0389,-47.7676],[-66.0548,-47.7864],[-66.0031,-47.7721],[-65.9902,-47.7617]]],[[[-65.7111,-47.9146],[-65.7168,-47.9053],[-65.7261,-47.9115],[-65.7111,-47.9146]]],[[[-66.1602,-47.813],[-66.1512,-47.8146],[-66.1444,-47.8102],[-66.1602,-47.813]]],[[[-65.9385,-47.7659],[-65.9409,-47.7581],[-65.9477,-47.76],[-65.9385,-47.7659]]],[[[-66.0733,-47.7837],[-66.0659,-47.7762],[-66.0801,-47.7829],[-66.0733,-47.7837]]],[[[-66.1695,-47.8189],[-66.1621,-47.8166],[-66.177,-47.8185],[-66.1695,-47.8189]]],[[[-66.0568,-47.7742],[-66.0525,-47.7685],[-66.06,-47.7731],[-66.0568,-47.7742]]],[[[-65.8983,-48.0792],[-65.898,-48.0737],[-65.9023,-48.0778],[-65.8983,-48.0792]]],[[[-65.7417,-47.9217],[-65.7359,-47.9158],[-65.7375,-47.9146],[-65.7417,-47.9217]]],[[[-65.9676,-47.7525],[-65.9697,-47.7552],[-65.9637,-47.753],[-65.9676,-47.7525]]],[[[-65.8893,-48.0863],[-65.8907,-48.0824],[-65.8966,-48.0834],[-65.8893,-48.0863]]],[[[-65.8645,-47.9606],[-65.8627,-47.9564],[-65.8665,-47.9593],[-65.8645,-47.9606]]],[[[-65.9038,-48.0066],[-65.8984,-48.0034],[-65.9035,-48.0042],[-65.9038,-48.0066]]],[[[-65.9842,-48.1107],[-65.9854,-48.1075],[-65.9881,-48.1101],[-65.9842,-48.1107]]],[[[-65.8967,-48.115],[-65.8938,-48.1128],[-65.8972,-48.1119],[-65.8967,-48.115]]],[[[-65.995,-48.1135],[-65.991,-48.1124],[-65.9943,-48.1114],[-65.995,-48.1135]]],[[[-65.756,-47.9132],[-65.7608,-47.9137],[-65.7556,-47.9142],[-65.756,-47.9132]]],[[[-66.2212,-48.2469],[-66.2194,-48.2447],[-66.2225,-48.2458],[-66.2212,-48.2469]]],[[[-65.7608,-47.9539],[-65.7626,-47.9511],[-65.7641,-47.9525],[-65.7608,-47.9539]]],[[[-66.106,-48.1255],[-66.1079,-48.1255],[-66.1034,-48.1262],[-66.106,-48.1255]]],[[[-65.8907,-48.0882],[-65.8898,-48.0869],[-65.892,-48.0861],[-65.8907,-48.0882]]],[[[-65.8707,-47.9501],[-65.8704,-47.9487],[-65.8724,-47.9487],[-65.8707,-47.9501]]],[[[-65.8877,-48.0012],[-65.889,-48.0001],[-65.8902,-48.0014],[-65.8877,-48.0012]]],[[[-65.8701,-47.9561],[-65.8682,-47.9548],[-65.871,-47.9547],[-65.8701,-47.9561]]],[[[-65.8701,-47.9597],[-65.87,-47.9582],[-65.872,-47.9594],[-65.8701,-47.9597]]]]}},{"type":"Feature","properties":{"name":"Malvinas Argentinas","province":"Buenos Aires"},"geometry":{"type":"Polygon","coordinates":[[[-58.7847,-34.4761],[-58.7013,-34.5328],[-58.6459,-34.5019],[-58.7056,-34.4393],[-58.7847,-34.4761]]]}},{"type":"Feature","properties":{"name":"General San Martín","province":"Ciudad Autónoma de Buenos Aires"},"geometry":{"type":"Polygon","coordinates":[[[-58.5298,-34.5373],[-58.6003,-34.49],[-58.6185,-34.547],[-58.5624,-34.5913],[-58.5228,-34.5972],[-58.5099,-34.5692],[-58.5298,-34.5373]]]}},{"type":"Feature","properties":{"name":"Dr. Manuel Belgrano","province":"Jujuy"},"geometry":{"type":"Polygon","coordinates":[[[-65.7526,-24.0573],[-65.7236,-24.1047],[-65.7255,-24.1868],[-65.6805,-24.2453],[-65.5755,-24.2944],[-65.4881,-24.2957],[-65.4501,-24.2698],[-65.3796,-24.2777],[-65.3458,-24.255],[-65.235,-24.2767],[-65.2281,-24.2546],[-65.2571,-24.2298],[-65.2349,-24.2171],[-65.2043,-24.2302],[-65.2184,-24.2081],[-65.2134,-24.1389],[-65.2408,-24.1294],[-65.2091,-24.1082],[-65.2008,-24.0824],[-65.1584,-24.0954],[-65.1312,-24.0866],[-65.1099,-24.0325],[-65.1366,-23.9743],[-65.223,-23.9983],[-65.2191,-23.9725],[-65.1821,-23.9511],[-65.1848,-23.9202],[-65.2816,-23.8635],[-65.3055,-23.8643],[-65.3177,-23.8459],[-65.3532,-23.8567],[-65.3392,-23.8686],[-65.3451,-23.9272],[-65.3614,-23.9191],[-65.4193,-23.9432],[-65.4197,-23.9783],[-65.4435,-23.9904],[-65.4331,-24.0268],[-65.5076,-24.0128],[-65.5467,-24.0213],[-65.6004,-23.9893],[-65.5946,-23.8864],[-65.6476,-23.8299],[-65.6882,-23.8638],[-65.705,-23.9839],[-65.7526,-24.0573]]]}},{"type":"Feature","properties":{"name":"Quemú Quemú","province":"La Pampa"},"geometry":{"type":"Polygon","coordinates":[[[-63.9404,-35.9044],[-63.9433,-36.3556],[-63.3841,-36.3563],[-63.3842,-35.9055],[-63.9404,-35.9044]]]}},{"type":"Feature","properties":{"name":"Castelli","province":"Buenos Aires"},"geometry":{"type":"Polygon","coordinates":[[[-57.4709,-35.7808],[-57.4911,-35.8266],[-57.5671,-35.857],[-57.5877,-35.8309],[-57.6484,-35.8369],[-57.657,-35.8503],[-57.7077,-35.8325],[-57.7306,-35.9225],[-57.9045,-35.974],[-57.9128,-35.9914],[-57.9397,-35.9927],[-57.9583,-36.0287],[-57.9866,-36.0196],[-58.005,-36.0419],[-57.9669,-36.0648],[-58.0935,-36.1546],[-57.9604,-36.2527],[-57.965,-36.2701],[-57.8838,-36.3022],[-57.8723,-36.2673],[-57.8159,-36.2789],[-57.7847,-36.1775],[-57.6717,-36.203],[-57.6452,-36.1075],[-57.2068,-36.1984],[-57.2792,-36.1376],[-57.3825,-35.9667],[-57.3688,-35.9511],[-57.3897,-35.8532],[-57.363,-35.7438],[-57.4096,-35.7428],[-57.4025,-35.7577],[-57.4254,-35.7848],[-57.4709,-35.7808]]]}},{"type":"Feature","properties":{"name":"Futaleufú","province":"Chubut"},"geometry":{"type":"Polygon","coordinates":[[[-70.5856,-42.8651],[-70.9364,-42.8636],[-71.0466,-42.9468],[-71.1671,-42.8619],[-71.2916,-42.8582],[-71.3562,-42.794],[-71.3484,-42.7829],[-71.438,-42.7085],[-71.4426,-42.6878],[-71.4875,-42.661],[-71.4802,-42.6132],[-71.5986,-42.6052],[-71.6272,-42.4853],[-72.0207,-42.4787],[-72.0126,-42.4949],[-72.0537,-42.5455],[-72.0514,-42.5651],[-72.0752,-42.5663],[-72.1185,-42.603],[-72.1176,-42.6292],[-72.096,-42.642],[-72.1359,-42.6801],[-72.1722,-42.6716],[-72.1797,-42.6972],[-72.1382,-42.7112],[-72.1284,-42.7311],[-72.1472,-42.7416],[-72.1313,-42.7771],[-72.165,-42.7983],[-72.1479,-42.85],[-72.1183,-42.8817],[-72.1425,-42.8999],[-72.1162,-42.9363],[-72.0732,-42.9496],[-72.0362,-43.0134],[-72.0026,-43.0374],[-71.9363,-43.0528],[-71.9329,-43.1021],[-71.8927,-43.107],[-71.8864,-43.127],[-71.8528,-43.1273],[-71.8573,-43.1426],[-71.8151,-43.1457],[-71.738,-43.1832],[-71.7294,-43.2022],[-71.7573,-43.2283],[-71.7308,-43.2822],[-71.7346,-43.3143],[-71.7864,-43.297],[-71.8401,-43.3352],[-71.9025,-43.3211],[-71.8937,-43.3801],[-71.9333,-43.3868],[-71.9141,-43.4167],[-71.9307,-43.4573],[-71.8814,-43.4513],[-71.8486,-43.4829],[-71.8785,-43.5275],[-71.8775,-43.5511],[-71.7765,-43.5387],[-71.7574,-43.5842],[-71.7314,-43.5499],[-71.683,-43.5438],[-71.6679,-43.5219],[-71.5704,-43.5201],[-71.4844,-43.5401],[-71.4481,-43.5694],[-71.3187,-43.5523],[-71.1854,-43.5893],[-71.1081,-43.6337],[-71.0235,-43.6085],[-70.9711,-43.5639],[-70.9169,-43.5439],[-70.845,-43.4515],[-70.8619,-43.4212],[-70.8667,-43.3376],[-70.886,-43.3085],[-70.8248,-43.2226],[-70.8273,-43.1675],[-70.7924,-43.0983],[-70.7909,-43.0241],[-70.7196,-42.999],[-70.6982,-42.9703],[-70.6306,-42.9675],[-70.5806,-42.9465],[-70.5641,-42.9222],[-70.5809,-42.9062],[-70.5732,-42.883],[-70.5856,-42.8651]]]}},{"type":"Feature","properties":{"name":"Valle Fértil","province":"San Juan"},"geometry":{"type":"Polygon","coordinates":[[[-67.8983,-30.0743],[-68.0543,-29.9003],[-68.1588,-29.8854],[-68.1844,-29.8481],[-68.1926,-29.7866],[-68.2538,-29.7807],[-68.2678,-29.7586],[-68.2588,-29.7467],[-68.3589,-29.8008],[-68.2983,-29.8626],[-68.2655,-29.9266],[-68.2506,-29.9277],[-68.2273,-29.9971],[-68.1359,-29.9083],[-68.0298,-30.087],[-68.0074,-30.1995],[-67.9814,-30.2255],[-67.9516,-30.2262],[-67.9423,-30.2462],[-67.9137,-30.2465],[-67.9051,-30.2776],[-67.8674,-30.2949],[-67.8108,-30.3785],[-67.8078,-30.429],[-67.7692,-30.4999],[-67.7823,-30.5103],[-67.7638,-30.5372],[-67.7767,-30.5723],[-67.7406,-30.6656],[-67.7414,-30.7023],[-67.4975,-30.9555],[-67.5,-31.0263],[-67.4516,-31.0624],[-67.47,-31.0803],[-67.445,-31.0975],[-67.4339,-31.1336],[-67.4393,-31.2094],[-67.3542,-31.4093],[-67.2806,-31.4484],[-67.0783,-31.434],[-67.1091,-31.3828],[-67.0753,-31.2274],[-67.1257,-31.1607],[-67.0922,-31.0608],[-67.1124,-31.0106],[-67.0853,-30.9142],[-67.1288,-30.8956],[-67.2828,-30.6953],[-67.4101,-30.6275],[-67.4948,-30.5363],[-67.5786,-30.403],[-67.5909,-30.2981],[-67.8774,-30.0751],[-67.8983,-30.0743]]]}},{"type":"Feature","properties":{"name":"Pilcomayo","province":"Formosa"},"geometry":{"type":"Polygon","coordinates":[[[-58.605,-25.5831],[-58.2212,-25.588],[-58.2206,-25.5604],[-58.1901,-25.5777],[-58.1527,-25.5629],[-58.0372,-25.6083],[-58.0206,-25.6873],[-57.9793,-25.7128],[-57.7861,-25.7624],[-57.7271,-25.715],[-57.7664,-25.7011],[-57.7405,-25.6499],[-57.6747,-25.659],[-57.6731,-25.5953],[-57.6327,-25.6164],[-57.6108,-25.6106],[-57.6046,-25.5688],[-57.5804,-25.5694],[-57.5706,-25.5493],[-57.5797,-25.5125],[-57.5594,-25.4618],[-57.5965,-25.4011],[-57.6424,-25.3834],[-57.7029,-25.3222],[-57.6944,-25.286],[-57.7224,-25.2775],[-57.7227,-25.2531],[-57.741,-25.2533],[-57.7357,-25.2346],[-57.7591,-25.2203],[-57.7535,-25.1765],[-57.837,-25.1314],[-57.8611,-25.0816],[-57.9418,-25.0717],[-57.9907,-25.0818],[-58.0057,-25.0351],[-58.0687,-25.0457],[-58.0906,-25.0087],[-58.1372,-25.0117],[-58.1498,-24.9752],[-58.1935,-24.968],[-58.2309,-24.926],[-58.2891,-24.9573],[-58.3296,-25.0009],[-58.3808,-24.9562],[-58.3784,-25.393],[-58.6052,-25.3943],[-58.605,-25.5831]]]}},{"type":"Feature","properties":{"name":"Tilcara","province":"Jujuy"},"geometry":{"type":"Polygon","coordinates":[[[-65.3752,-23.7843],[-65.2713,-23.8282],[-65.2327,-23.7905],[-65.2071,-23.7863],[-65.0967,-23.8566],[-65.1024,-23.7862],[-65.0879,-23.738],[-65.0179,-23.7],[-65.0848,-23.6018],[-65.1266,-23.5772],[-65.1313,-23.5307],[-65.1624,-23.4871],[-65.1602,-23.449],[-65.1374,-23.4173],[-65.1428,-23.39],[-65.1665,-23.3714],[-65.1789,-23.3197],[-65.3387,-23.3911],[-65.436,-23.3321],[-65.5262,-23.3117],[-65.6899,-23.3758],[-65.6349,-23.3831],[-65.5796,-23.4343],[-65.5599,-23.5201],[-65.505,-23.5927],[-65.5115,-23.6476],[-65.4881,-23.6843],[-65.4056,-23.721],[-65.3808,-23.7052],[-65.3519,-23.712],[-65.3752,-23.7843]]]}},{"type":"Feature","properties":{"name":"Ituzaingó","province":"Ciudad Autónoma de Buenos Aires"},"geometry":{"type":"Polygon","coordinates":[[[-58.7291,-34.6348],[-58.6674,-34.6859],[-58.6536,-34.6317],[-58.6821,-34.6031],[-58.7101,-34.6015],[-58.7291,-34.6348]]]}},{"type":"Feature","properties":{"name":"Exaltación de la Cruz","province":"Buenos Aires"},"geometry":{"type":"Polygon","coordinates":[[[-59.3746,-34.2389],[-59.2983,-34.2641],[-59.3103,-34.289],[-59.1297,-34.4208],[-59.0974,-34.4644],[-58.9931,-34.3791],[-58.9802,-34.3506],[-58.9188,-34.4139],[-58.9199,-34.3807],[-59.0579,-34.241],[-59.0915,-34.2284],[-59.1028,-34.2002],[-59.3121,-34.1611],[-59.3667,-34.1982],[-59.3746,-34.2389]]]}},{"type":"Feature","properties":{"name":"Brandsen","province":"Buenos Aires"},"geometry":{"type":"Polygon","coordinates":[[[-58.0362,-35.3436],[-57.8902,-35.2221],[-57.9701,-35.1598],[-58.0537,-35.2356],[-58.0771,-35.2189],[-58.0185,-35.1675],[-58.1779,-35.0563],[-58.1203,-35.0043],[-58.1619,-34.972],[-58.301,-35.1146],[-58.3383,-35.146],[-58.3522,-35.1354],[-58.447,-35.2122],[-58.2478,-35.3648],[-58.2614,-35.3773],[-58.2184,-35.409],[-58.1876,-35.3822],[-58.1399,-35.4194],[-58.0458,-35.3343],[-58.0362,-35.3436]]]}},{"type":"Feature","properties":{"name":"Realicó","province":"La Pampa"},"geometry":{"type":"Polygon","coordinates":[[[-64.4877,-35.4499],[-63.9385,-35.4522],[-63.9349,-35.0001],[-64.4808,-35.0001],[-64.4877,-35.4499]]]}},{"type":"Feature","properties":{"name":"General Angel V. Peñaloza","province":"La Rioja"},"geometry":{"type":"Polygon","coordinates":[[[-66.9171,-30.5313],[-66.7813,-30.5347],[-66.7787,-30.5735],[-66.7484,-30.6315],[-66.6158,-30.6746],[-66.5824,-30.7395],[-66.3847,-30.6767],[-66.4203,-30.6137],[-66.3718,-30.5097],[-66.501,-30.2682],[-66.4822,-30.1864],[-66.5256,-30.1472],[-66.6322,-30.1102],[-66.6092,-29.8491],[-66.8472,-29.8297],[-66.8611,-30.0025],[-66.878,-30.0372],[-66.8566,-30.1151],[-66.861,-30.4036],[-66.9002,-30.4669],[-66.9171,-30.5313]]]}},{"type":"Feature","properties":{"name":"Las Heras","province":"Mendoza"},"geometry":{"type":"Polygon","coordinates":[[[-68.6879,-32.8293],[-68.6952,-32.7982],[-68.6693,-32.7398],[-68.6945,-32.7461],[-68.6598,-32.6748],[-68.6722,-32.5976],[-68.6173,-32.4332],[-68.5752,-32.3825],[-68.5216,-32.3707],[-68.5022,-32.3374],[-68.5136,-32.2626],[-68.6657,-32.3371],[-68.9176,-32.338],[-68.9176,-32.1146],[-69.0116,-32.1165],[-69.1284,-31.9994],[-69.2445,-32.0161],[-69.2768,-32.07],[-69.3142,-32.0911],[-69.3786,-32.0642],[-69.3904,-32.0768],[-69.4157,-32.0665],[-69.4548,-32.0747],[-69.4771,-32.1104],[-69.5056,-32.1138],[-69.5311,-32.141],[-69.5608,-32.1294],[-69.5917,-32.1392],[-69.6031,-32.2108],[-69.631,-32.26],[-69.7289,-32.3308],[-69.7332,-32.3906],[-69.6892,-32.4302],[-69.705,-32.4964],[-69.7561,-32.5094],[-69.7909,-32.5468],[-69.8216,-32.544],[-69.8473,-32.5706],[-70.0042,-32.5283],[-70.0635,-32.6242],[-70.09,-32.6223],[-70.0913,-32.6022],[-70.1262,-32.5742],[-70.1507,-32.5815],[-70.1723,-32.6221],[-70.1516,-32.6368],[-70.1476,-32.7284],[-70.1115,-32.7743],[-70.1104,-32.8029],[-70.023,-32.8234],[-69.8945,-32.8248],[-69.7673,-32.8673],[-69.7305,-32.8337],[-69.6061,-32.7811],[-69.5327,-32.7156],[-69.4892,-32.6375],[-69.4149,-32.6224],[-69.3454,-32.6915],[-69.2996,-32.8236],[-69.2653,-32.8487],[-69.2591,-32.919],[-69.1834,-32.9492],[-69.0857,-33.0506],[-68.9803,-33.0359],[-68.8641,-32.9588],[-68.9572,-32.9584],[-68.9573,-32.8616],[-68.8316,-32.8604],[-68.8195,-32.8721],[-68.6879,-32.8293]]]}},{"type":"Feature","properties":{"name":"Chimbas","province":"San Juan"},"geometry":{"type":"Polygon","coordinates":[[[-68.4307,-31.5082],[-68.4608,-31.4631],[-68.5004,-31.4566],[-68.6421,-31.5025],[-68.4307,-31.5082]]]}},{"type":"Feature","properties":{"name":"Lago Argentino","province":"Santa Cruz"},"geometry":{"type":"Polygon","coordinates":[[[-72.5654,-48.4833],[-72.5895,-48.4944],[-72.5677,-48.5249],[-72.5354,-48.6655],[-72.5334,-48.7995],[-72.6369,-48.8673],[-72.6911,-48.8676],[-72.6944,-48.8954],[-72.7481,-48.9103],[-72.7946,-48.9681],[-72.8506,-48.9661],[-72.8649,-48.9466],[-72.9197,-48.9357],[-72.9464,-48.9456],[-72.9588,-48.98],[-72.9929,-48.9972],[-72.9814,-49.0292],[-73.0138,-49.0362],[-73.0049,-49.0635],[-73.0449,-49.0809],[-73.0622,-49.1275],[-73.1454,-49.1902],[-73.1332,-49.2672],[-73.0894,-49.2531],[-73.0456,-49.2737],[-73.1437,-49.271],[-73.4707,-49.2011],[-73.495,-49.242],[-73.4937,-49.2727],[-73.4106,-49.3194],[-73.4291,-49.344],[-73.4262,-49.3919],[-73.4904,-49.4287],[-73.4638,-49.4825],[-73.4878,-49.5005],[-73.5396,-49.4982],[-73.5497,-49.5381],[-73.4637,-49.6189],[-73.4641,-49.6424],[-73.5046,-49.6629],[-73.5091,-49.7052],[-73.4388,-49.7578],[-73.4662,-49.7737],[-73.4453,-49.7939],[-73.4997,-49.818],[-73.4905,-49.8526],[-73.5526,-49.9239],[-73.5439,-49.9494],[-73.5052,-49.9665],[-73.5666,-50.0204],[-73.4829,-50.0541],[-73.4895,-50.0816],[-73.5415,-50.119],[-73.5208,-50.1531],[-73.5552,-50.1844],[-73.55,-50.2282],[-73.5654,-50.2707],[-73.5168,-50.289],[-73.4807,-50.3257],[-73.4699,-50.3445],[-73.4864,-50.3821],[-73.4554,-50.3926],[-73.4037,-50.4508],[-73.4326,-50.4831],[-73.3645,-50.4879],[-73.3656,-50.5075],[-73.3864,-50.5164],[-73.3319,-50.5684],[-73.2887,-50.586],[-73.2708,-50.6488],[-73.1727,-50.6767],[-73.1859,-50.7004],[-73.286,-50.7395],[-73.256,-50.7501],[-73.2849,-50.7879],[-73.2675,-50.824],[-73.2035,-50.821],[-73.0969,-50.7734],[-73.0697,-50.7889],[-73.042,-50.7613],[-72.9547,-50.741],[-72.952,-50.7184],[-72.9055,-50.6972],[-72.8914,-50.6702],[-72.7297,-50.615],[-72.6681,-50.6593],[-72.6276,-50.6564],[-72.6134,-50.6745],[-72.5746,-50.679],[-72.5797,-50.6556],[-72.5484,-50.6205],[-72.4926,-50.6008],[-72.418,-50.6191],[-72.4078,-50.6364],[-72.349,-50.6199],[-72.338,-50.6505],[-72.2862,-50.6596],[-72.2983,-50.6821],[-70.646,-50.7368],[-70.5808,-49.2039],[-71.4002,-49.1933],[-72.5654,-48.4833]]]}},{"type":"Feature","properties":{"name":"Formosa","province":"Formosa"},"geometry":{"type":"Polygon","coordinates":[[[-58.2159,-26.3841],[-58.1597,-26.3488],[-58.1638,-26.2644],[-58.1047,-26.2327],[-58.1579,-26.1799],[-58.1197,-26.1865],[-58.1186,-26.1544],[-58.0909,-26.1163],[-58.0154,-26.1017],[-57.9464,-26.066],[-57.9195,-26.0323],[-57.8522,-26.0052],[-57.854,-25.9874],[-57.8953,-25.9607],[-57.879,-25.9323],[-57.8368,-25.9156],[-57.863,-25.8822],[-57.8585,-25.858],[-57.8163,-25.8474],[-57.7966,-25.8249],[-57.8328,-25.7525],[-57.9261,-25.7326],[-58.0206,-25.6873],[-58.0372,-25.6083],[-58.1527,-25.5629],[-58.1901,-25.5777],[-58.2206,-25.5604],[-58.2212,-25.588],[-58.605,-25.5831],[-58.6047,-25.7772],[-58.9259,-25.7786],[-58.926,-26.1853],[-58.7577,-26.1836],[-58.7567,-26.1573],[-58.5687,-26.1592],[-58.569,-26.1735],[-58.5054,-26.1736],[-58.5041,-26.3434],[-58.2674,-26.3442],[-58.2159,-26.3841]]]}},{"type":"Feature","properties":{"name":"Patiño","province":"Formosa"},"geometry":{"type":"Polygon","coordinates":[[[-59.6351,-25.6075],[-58.8912,-25.052],[-58.8917,-24.715],[-58.973,-24.6621],[-59.0239,-24.6601],[-59.0798,-24.6213],[-59.1278,-24.618],[-59.1855,-24.5636],[-59.2413,-24.5461],[-59.2576,-24.5197],[-59.3419,-24.4892],[-59.3741,-24.4219],[-59.4213,-24.4089],[-59.4759,-24.3311],[-60.039,-24.0117],[-60.1923,-24.0449],[-60.2803,-24.0436],[-60.365,-24.0203],[-61.1442,-24.7989],[-61.1074,-24.8348],[-61.098,-24.8276],[-61.0474,-24.8984],[-61.0288,-24.8887],[-61.0222,-24.9208],[-60.9942,-24.9164],[-60.998,-24.934],[-60.964,-24.9484],[-60.9535,-24.9726],[-60.939,-24.9602],[-60.9427,-24.9806],[-60.9209,-24.9805],[-60.9416,-24.9913],[-60.9251,-25.0038],[-60.932,-25.0131],[-60.875,-25.0197],[-60.8742,-25.035],[-60.8267,-25.0333],[-60.8347,-25.0438],[-60.8124,-25.0735],[-60.7545,-25.0676],[-60.7657,-25.0903],[-60.7399,-25.0913],[-60.7214,-25.1252],[-60.6579,-25.111],[-60.6632,-25.1625],[-60.6221,-25.1775],[-60.6117,-25.1604],[-60.5511,-25.1934],[-60.5469,-25.1671],[-60.5296,-25.1718],[-60.4835,-25.222],[-60.4871,-25.2353],[-60.4487,-25.259],[-60.4195,-25.3179],[-60.4074,-25.3085],[-60.3968,-25.3313],[-60.3484,-25.3386],[-60.3451,-25.3773],[-60.3163,-25.367],[-60.3076,-25.3917],[-60.3225,-25.376],[-60.3359,-25.3929],[-60.2826,-25.4332],[-60.2813,-25.4667],[-60.2611,-25.4608],[-60.2283,-25.4801],[-60.2384,-25.5],[-60.223,-25.5257],[-60.2399,-25.5577],[-60.2136,-25.5785],[-60.2199,-25.5998],[-60.199,-25.6007],[-60.1815,-25.6343],[-60.1892,-25.6481],[-60.1383,-25.6424],[-60.0402,-25.6838],[-60.043,-25.6976],[-60.0208,-25.7027],[-60.0338,-25.7175],[-60.0189,-25.7137],[-60.0127,-25.7355],[-59.9805,-25.7219],[-59.9947,-25.7348],[-59.9762,-25.7595],[-59.965,-25.7507],[-59.9676,-25.7719],[-59.9306,-25.766],[-59.9255,-25.7908],[-59.8767,-25.8012],[-59.8772,-25.8451],[-59.8592,-25.838],[-59.8713,-25.8458],[-59.8272,-25.8696],[-59.8157,-25.8844],[-59.8268,-25.8899],[-59.7812,-25.8967],[-59.7883,-25.9097],[-59.7535,-25.9207],[-59.7545,-25.9556],[-59.7436,-25.9495],[-59.7408,-25.9755],[-59.7279,-25.9701],[-59.7251,-25.9998],[-59.6716,-26.0029],[-59.6853,-26.0087],[-59.6682,-26.0249],[-59.6786,-26.0541],[-59.664,-26.0638],[-59.6825,-26.0895],[-59.6783,-26.115],[-59.6493,-26.1195],[-59.6586,-26.1436],[-59.6262,-26.1343],[-59.6468,-26.1236],[-59.6366,-26.1199],[-59.6351,-25.6075]]]}},{"type":"Feature","properties":{"name":"Hucal","province":"La Pampa"},"geometry":{"type":"Polygon","coordinates":[[[-63.3837,-38.2529],[-63.3838,-37.7099],[-64.5202,-37.7053],[-64.5282,-38.2464],[-63.3837,-38.2529]]]}},{"type":"Feature","properties":{"name":"Santa Rosa","province":"Catamarca"},"geometry":{"type":"Polygon","coordinates":[[[-65.1047,-28.3226],[-65.1708,-27.9465],[-65.3721,-27.8466],[-65.5073,-27.9291],[-65.5586,-27.9958],[-65.5758,-28.0769],[-65.5619,-28.1203],[-65.5854,-28.1456],[-65.5729,-28.2315],[-65.5067,-28.2395],[-65.4701,-28.1867],[-65.4256,-28.19],[-65.3911,-28.1684],[-65.4014,-28.2061],[-65.3627,-28.2158],[-65.3357,-28.1985],[-65.3297,-28.221],[-65.3088,-28.2059],[-65.2474,-28.2862],[-65.1952,-28.2814],[-65.2028,-28.2969],[-65.1778,-28.3087],[-65.1769,-28.3325],[-65.1047,-28.3226]]]}},{"type":"Feature","properties":{"name":"Totoral","province":"Córdoba"},"geometry":{"type":"Polygon","coordinates":[[[-64.4388,-30.9138],[-64.3771,-30.909],[-64.3442,-30.9382],[-64.3068,-30.9335],[-64.2821,-30.9579],[-64.2388,-30.9548],[-64.1793,-30.9763],[-64.0386,-30.96],[-63.9906,-30.9437],[-63.9912,-30.9182],[-63.888,-30.953],[-63.8957,-31.0187],[-63.8202,-31.018],[-63.8201,-30.9716],[-63.7643,-30.9713],[-63.7644,-30.9278],[-63.7282,-30.9344],[-63.6624,-30.667],[-63.5985,-30.6722],[-63.565,-30.534],[-63.6043,-30.5261],[-63.6155,-30.5719],[-63.7957,-30.5692],[-63.8024,-30.5103],[-63.8455,-30.5108],[-63.8471,-30.4166],[-63.9636,-30.4149],[-64.0056,-30.4832],[-64.0833,-30.4657],[-64.2983,-30.4637],[-64.229,-30.5461],[-64.1015,-30.7999],[-64.1425,-30.7834],[-64.2174,-30.7902],[-64.262,-30.8128],[-64.4281,-30.7729],[-64.446,-30.8246],[-64.4388,-30.9138]]]}},{"type":"Feature","properties":{"name":"San Martín","province":"San Juan"},"geometry":{"type":"Polygon","coordinates":[[[-68.4129,-31.5314],[-68.3648,-31.5712],[-67.9839,-31.6305],[-68.0407,-31.5301],[-68.0193,-31.462],[-68.4603,-31.459],[-68.4129,-31.5314]]]}},{"type":"Feature","properties":{"name":"Rivadavia","province":"San Juan"},"geometry":{"type":"Polygon","coordinates":[[[-68.6015,-31.5709],[-68.6085,-31.5436],[-68.5477,-31.562],[-68.5687,-31.5346],[-68.5589,-31.5109],[-68.6281,-31.512],[-68.6517,-31.4724],[-68.7078,-31.5638],[-68.6865,-31.5645],[-68.6949,-31.6212],[-68.6321,-31.6212],[-68.6015,-31.5709]]]}},{"type":"Feature","properties":{"name":"Cochinoca","province":"Jujuy"},"geometry":{"type":"Polygon","coordinates":[[[-65.7427,-23.4126],[-65.7309,-23.3546],[-65.744,-23.3143],[-65.7211,-23.2736],[-65.7363,-23.229],[-65.6925,-23.0868],[-65.7031,-23.065],[-65.6934,-22.9936],[-65.6727,-22.9552],[-65.6061,-22.9188],[-65.5775,-22.8612],[-65.5224,-22.825],[-65.5076,-22.7653],[-65.443,-22.7631],[-65.4105,-22.7447],[-65.3504,-22.6266],[-65.3486,-22.5512],[-65.4464,-22.555],[-65.5077,-22.5259],[-65.5473,-22.4795],[-65.8285,-22.4387],[-65.8386,-22.5376],[-65.8689,-22.5667],[-65.8858,-22.5567],[-65.9213,-22.6207],[-65.9995,-22.5896],[-66.0395,-22.6481],[-66.0779,-22.6678],[-66.1366,-22.6823],[-66.1815,-22.6717],[-66.2232,-22.7103],[-66.2584,-22.6908],[-66.3123,-22.695],[-66.3567,-22.7675],[-66.4316,-22.7286],[-66.4538,-22.8044],[-66.4902,-22.8004],[-66.5201,-22.8328],[-66.5679,-22.8325],[-66.5915,-22.8521],[-66.5849,-22.9993],[-66.2818,-22.9993],[-66.1095,-23.1637],[-66.1059,-23.2233],[-66.1983,-23.3917],[-66.1844,-23.4169],[-66.1198,-23.4303],[-66.0151,-23.506],[-65.9872,-23.5097],[-66.0019,-23.6819],[-65.9595,-23.6786],[-65.8581,-23.5482],[-65.8436,-23.4816],[-65.867,-23.4543],[-65.8334,-23.3835],[-65.82,-23.3729],[-65.7602,-23.4157],[-65.7427,-23.4126]]]}},{"type":"Feature","properties":{"name":"Valcheta","province":"Río Negro"},"geometry":{"type":"Polygon","coordinates":[[[-65.7281,-42.0003],[-65.7578,-41.2443],[-65.7901,-41.1824],[-65.7742,-39.9187],[-66.8257,-39.9106],[-66.8769,-42.0002],[-65.7281,-42.0003]]]}},{"type":"Feature","properties":{"name":"Silípica","province":"Santiago del Estero"},"geometry":{"type":"Polygon","coordinates":[[[-64.4907,-28.3713],[-64.2631,-28.3408],[-64.1886,-28.3063],[-64.1781,-28.2826],[-64.069,-28.2388],[-64.0601,-28.0943],[-64.1126,-27.9831],[-64.1036,-27.9653],[-64.2218,-27.9908],[-64.2453,-28.0935],[-64.4144,-28.0625],[-64.4019,-28.1218],[-64.4349,-28.1161],[-64.4515,-28.196],[-64.4841,-28.1898],[-64.5124,-28.3166],[-64.5494,-28.3103],[-64.4816,-28.3312],[-64.4907,-28.3713]]]}},{"type":"Feature","properties":{"name":"Ullum","province":"San Juan"},"geometry":{"type":"Polygon","coordinates":[[[-69.0886,-30.7289],[-69.1216,-30.8312],[-69.1167,-30.866],[-69.1479,-30.92],[-69.141,-30.9457],[-69.1593,-31.0092],[-69.2159,-31.0958],[-69.2505,-31.1898],[-69.2461,-31.2146],[-69.2119,-31.2557],[-69.1108,-31.2623],[-69.1084,-31.2813],[-69.0322,-31.3166],[-69.0056,-31.365],[-68.9954,-31.52],[-68.8055,-31.5203],[-68.6778,-31.4959],[-68.6517,-31.4724],[-68.6421,-31.5025],[-68.6052,-31.4507],[-68.5877,-31.3597],[-68.5479,-31.286],[-68.5001,-31.0044],[-68.7558,-31.0041],[-68.768,-30.8568],[-68.8004,-30.8293],[-68.8294,-30.691],[-68.806,-30.6703],[-68.8013,-30.624],[-68.7811,-30.5979],[-69.0617,-30.5803],[-69.0552,-30.618],[-69.1161,-30.6273],[-69.1206,-30.6503],[-69.0886,-30.7289]]]}},{"type":"Feature","properties":{"name":"General San Martín","province":"Córdoba"},"geometry":{"type":"Polygon","coordinates":[[[-63.3003,-33.0814],[-63.1802,-33.1025],[-63.1318,-32.9191],[-63.1098,-32.9232],[-63.0906,-32.8502],[-63.0559,-32.857],[-63.0548,-32.8197],[-63.1033,-32.811],[-63.0588,-32.6328],[-63.1181,-32.6161],[-63.1011,-32.548],[-63.081,-32.5259],[-63.1466,-32.5061],[-63.1634,-32.4723],[-63.1265,-32.4223],[-63.0977,-32.4383],[-63.0924,-32.4179],[-63.0659,-32.4267],[-63.0578,-32.3942],[-63.0683,-32.3938],[-63.0532,-32.3764],[-63.0204,-32.382],[-63.0174,-32.3703],[-62.9274,-32.3915],[-62.8615,-32.1606],[-62.8781,-32.1572],[-62.8512,-32.0605],[-63.0062,-32.0366],[-63.0063,-32.0215],[-63.1159,-32.0009],[-63.1859,-32.096],[-63.2013,-32.0483],[-63.3587,-32.0879],[-63.4073,-32.0844],[-63.4477,-32.1037],[-63.3712,-32.191],[-63.4593,-32.2474],[-63.5162,-32.2224],[-63.5258,-32.2582],[-63.5428,-32.2619],[-63.5724,-32.3788],[-63.4989,-32.3929],[-63.5814,-32.7031],[-63.5603,-32.7071],[-63.5768,-32.7694],[-63.5502,-32.8227],[-63.5131,-32.8293],[-63.5245,-32.8721],[-63.4208,-32.9098],[-63.4048,-32.8501],[-63.3454,-32.8613],[-63.393,-33.0458],[-63.4587,-33.0332],[-63.4813,-33.1189],[-63.3395,-33.1454],[-63.3166,-33.1433],[-63.3003,-33.0814]]]}},{"type":"Feature","properties":{"name":"25 de Mayo","province":"Buenos Aires"},"geometry":{"type":"Polygon","coordinates":[[[-59.7753,-35.4783],[-59.7688,-35.4503],[-59.8255,-35.4066],[-59.7559,-35.3462],[-59.7134,-35.3778],[-59.6424,-35.3162],[-59.5853,-35.3597],[-59.5051,-35.2887],[-59.5497,-35.2679],[-59.5432,-35.204],[-59.5822,-35.1772],[-59.6696,-35.2229],[-59.6992,-35.2105],[-59.7214,-35.2221],[-59.7758,-35.1733],[-59.7955,-35.1832],[-59.8641,-35.1565],[-59.8998,-35.1167],[-59.9741,-35.1323],[-60.0215,-35.1078],[-60.2383,-35.2938],[-60.3225,-35.2296],[-60.5279,-35.4102],[-60.4444,-35.4746],[-60.8682,-35.8395],[-60.6963,-35.9681],[-60.6384,-35.9207],[-60.5319,-36.0005],[-60.5168,-35.9852],[-60.4951,-35.9948],[-60.4621,-35.9722],[-60.4616,-35.9495],[-60.3577,-35.8828],[-60.1177,-35.6641],[-60.0636,-35.7056],[-60.0317,-35.6963],[-60.0375,-35.6781],[-60.0122,-35.6574],[-60.0329,-35.6571],[-60.04,-35.6234],[-60.0109,-35.5964],[-60.0284,-35.5546],[-60.0051,-35.5276],[-59.908,-35.4814],[-59.8296,-35.4972],[-59.7753,-35.4783]]]}},{"type":"Feature","properties":{"name":"Avellaneda","province":"Río Negro"},"geometry":{"type":"Polygon","coordinates":[[[-66.6391,-39.1016],[-66.5655,-39.092],[-66.5716,-39.2829],[-67.3628,-39.4669],[-67.8722,-39.8109],[-66.8257,-39.9106],[-65.2834,-39.9253],[-65.2137,-39.8709],[-65.2457,-39.8659],[-65.2219,-38.8338],[-65.2805,-38.8214],[-65.3745,-38.8557],[-65.3908,-38.8305],[-65.5025,-38.7981],[-65.5232,-38.7792],[-65.5825,-38.7743],[-65.623,-38.7863],[-65.6087,-38.7984],[-65.6321,-38.8025],[-65.6318,-38.8181],[-65.6433,-38.8084],[-65.6535,-38.8269],[-65.6941,-38.8332],[-65.7018,-38.8165],[-65.7796,-38.8102],[-65.7876,-38.7954],[-65.806,-38.8061],[-65.8172,-38.7888],[-65.8639,-38.7995],[-65.882,-38.7893],[-65.8749,-38.7777],[-65.9462,-38.7675],[-65.951,-38.7473],[-66.0339,-38.7509],[-66.0312,-38.7394],[-66.0613,-38.7517],[-66.0848,-38.7256],[-66.1203,-38.7435],[-66.1552,-38.7292],[-66.1772,-38.7454],[-66.1804,-38.7314],[-66.2468,-38.7356],[-66.2885,-38.7559],[-66.3091,-38.7431],[-66.315,-38.7616],[-66.3218,-38.7486],[-66.3418,-38.7577],[-66.4044,-38.7441],[-66.4091,-38.731],[-66.442,-38.7457],[-66.4988,-38.718],[-66.5386,-38.7209],[-66.5534,-38.6984],[-66.5759,-38.7016],[-66.6071,-38.6791],[-66.578,-38.6214],[-66.6099,-38.558],[-66.6338,-38.5568],[-66.6448,-38.5379],[-66.6391,-39.1016]]]}},{"type":"Feature","properties":{"name":"Laprida","province":"Buenos Aires"},"geometry":{"type":"Polygon","coordinates":[[[-60.8464,-37.9346],[-60.5555,-37.7209],[-60.582,-37.7009],[-60.4525,-37.6012],[-60.4666,-37.5894],[-60.3495,-37.4961],[-60.5019,-37.373],[-60.4707,-37.3488],[-60.627,-37.2304],[-60.7314,-37.1389],[-60.717,-37.1276],[-60.8148,-37.0503],[-61.0119,-37.203],[-60.8915,-37.3023],[-60.9772,-37.3691],[-60.8782,-37.451],[-61.1785,-37.6797],[-60.8464,-37.9346]]]}},{"type":"Feature","properties":{"name":"Caucete","province":"San Juan"},"geometry":{"type":"Polygon","coordinates":[[[-67.2387,-31.8795],[-67.1367,-31.8338],[-67.0059,-31.8554],[-66.8857,-31.8977],[-66.6618,-31.9205],[-66.8043,-31.8088],[-66.8752,-31.6327],[-66.9585,-31.6327],[-67.0783,-31.434],[-67.2806,-31.4484],[-67.3542,-31.4093],[-67.4393,-31.2094],[-67.4339,-31.1336],[-67.445,-31.0975],[-67.47,-31.0803],[-67.4516,-31.0624],[-67.4944,-31.0386],[-67.5077,-30.9885],[-67.4975,-30.9555],[-67.5238,-30.9308],[-67.8753,-30.9307],[-67.8137,-31.0122],[-67.8676,-31.0588],[-67.8957,-31.1137],[-67.8942,-31.1507],[-67.9102,-31.1629],[-67.897,-31.1812],[-67.9112,-31.1927],[-67.9036,-31.2707],[-67.9294,-31.2907],[-67.9356,-31.3467],[-67.9699,-31.3752],[-67.9671,-31.402],[-67.9385,-31.4063],[-68.0216,-31.4468],[-68.0421,-31.521],[-68.0305,-31.567],[-67.9839,-31.6305],[-68.3648,-31.5712],[-68.3367,-31.66],[-68.3469,-31.6947],[-67.2387,-31.8795]]]}},{"type":"Feature","properties":{"name":"Benito Juárez","province":"Buenos Aires"},"geometry":{"type":"Polygon","coordinates":[[[-59.2262,-37.6504],[-59.7804,-37.2378],[-59.8123,-37.2564],[-59.827,-37.3115],[-59.8805,-37.3554],[-59.8607,-37.3708],[-59.9533,-37.4471],[-60.0373,-37.3799],[-59.9876,-37.3395],[-60.2008,-37.1766],[-60.4376,-37.3751],[-60.4707,-37.3488],[-60.5019,-37.373],[-60.3495,-37.4961],[-60.4666,-37.5894],[-60.378,-37.6619],[-60.4238,-37.6972],[-60.3232,-37.7771],[-60.2614,-37.7275],[-60.0872,-37.8515],[-60.059,-37.8285],[-60.0196,-37.8599],[-59.9364,-37.7947],[-59.7543,-37.9132],[-59.7175,-37.9561],[-59.673,-37.9794],[-59.6762,-37.9998],[-59.3403,-37.7338],[-59.2742,-37.701],[-59.2262,-37.6504]]]}},{"type":"Feature","properties":{"name":"Loncopué","province":"Neuquén"},"geometry":{"type":"Polygon","coordinates":[[[-71.1118,-37.919],[-71.1139,-37.9521],[-71.0643,-37.9688],[-71.0676,-37.9895],[-71.0513,-37.9921],[-71.0548,-38.0437],[-70.988,-38.0878],[-70.9886,-38.1103],[-71.0173,-38.1132],[-70.9275,-38.2609],[-70.8444,-38.2959],[-70.8178,-38.3235],[-70.7681,-38.3294],[-70.6474,-38.269],[-70.6136,-38.2671],[-70.5893,-38.3121],[-69.9018,-38.3218],[-69.8838,-38.3062],[-69.7572,-38.3287],[-69.7057,-38.3704],[-69.6993,-38.3583],[-69.7104,-38.3452],[-69.6948,-38.327],[-69.7177,-38.3298],[-69.7397,-38.3001],[-69.7207,-38.2958],[-69.7323,-38.2751],[-69.7175,-38.2423],[-69.7413,-38.2313],[-69.7385,-38.2081],[-69.7573,-38.1931],[-69.7335,-38.1802],[-69.7411,-38.1645],[-69.7604,-38.167],[-69.7645,-38.1229],[-69.7857,-38.1219],[-69.7767,-38.1052],[-69.8144,-38.088],[-69.8004,-38.0648],[-69.8398,-38.0352],[-69.8243,-38.023],[-69.8023,-38.0342],[-69.806,-37.9991],[-69.8213,-37.9925],[-69.7942,-37.9716],[-69.8165,-37.9436],[-69.8395,-37.9479],[-69.8282,-37.9289],[-69.8522,-37.9144],[-69.8517,-37.8723],[-69.8875,-37.8439],[-69.8728,-37.8259],[-69.8436,-37.8302],[-69.8616,-37.817],[-69.8509,-37.8004],[-69.8705,-37.7689],[-69.8622,-37.7545],[-69.8753,-37.7539],[-69.8655,-37.7225],[-69.8855,-37.7146],[-69.8857,-37.6914],[-69.9089,-37.6673],[-70.0309,-37.6544],[-70.0318,-37.634],[-70.6026,-38.0045],[-70.6841,-37.9603],[-70.8974,-37.9437],[-71.0239,-37.9583],[-71.1118,-37.919]]]}},{"type":"Feature","properties":{"name":"Cruz Alta","province":"Tucumán"},"geometry":{"type":"Polygon","coordinates":[[[-64.7197,-26.8848],[-64.8084,-26.8398],[-64.8052,-26.8225],[-64.846,-26.815],[-64.8521,-26.8409],[-64.894,-26.833],[-64.8797,-26.7739],[-64.9369,-26.7635],[-64.9479,-26.8067],[-65.1047,-26.7769],[-65.0999,-26.7557],[-65.1301,-26.744],[-65.1642,-26.7647],[-65.1617,-26.8197],[-65.2141,-26.9092],[-65.214,-26.9511],[-65.249,-26.997],[-65.1213,-27.0259],[-65.0497,-27.0294],[-65.0465,-27.0151],[-64.7812,-27.0766],[-64.767,-27.0143],[-64.7426,-27.0044],[-64.7197,-26.8848]]]}},{"type":"Feature","properties":{"name":"General Pedernera","province":"San Luis"},"geometry":{"type":"Polygon","coordinates":[[[-65.1175,-34.6522],[-65.1175,-33.9507],[-65.1427,-33.1945],[-65.0701,-33.1371],[-65.0481,-33.0688],[-64.9997,-33.0027],[-65.0215,-32.9771],[-65.0122,-32.9618],[-65.071,-32.9681],[-65.0644,-32.9421],[-65.1267,-32.949],[-65.1701,-32.926],[-65.3581,-32.9083],[-65.3798,-32.9436],[-65.4359,-32.9696],[-65.479,-32.9598],[-65.56,-33.0064],[-65.5511,-33.0194],[-65.5708,-33.0568],[-65.6081,-33.0545],[-65.6166,-33.0756],[-65.5995,-33.1901],[-65.6265,-33.2329],[-65.6078,-33.2856],[-65.6128,-33.3364],[-65.5637,-33.4118],[-65.557,-33.4698],[-65.7355,-33.47],[-65.7344,-33.4567],[-65.7566,-33.4613],[-65.768,-33.4388],[-65.7866,-33.4385],[-65.7929,-33.5075],[-66.0482,-33.3757],[-66.1357,-33.3899],[-66.1567,-33.4464],[-66.1563,-33.5651],[-66.19,-33.6558],[-66.1656,-33.6548],[-66.2202,-33.8371],[-66.1398,-33.84],[-66.1195,-33.8606],[-66.1473,-33.9508],[-66.1424,-34.0072],[-66.038,-34.0069],[-66.0374,-34.0444],[-66.0053,-34.044],[-65.9956,-34.3464],[-65.9961,-34.401],[-66.013,-34.4214],[-66.0097,-34.7123],[-65.6698,-34.7123],[-65.6698,-34.6927],[-65.5682,-34.6948],[-65.568,-34.6689],[-65.2525,-34.6678],[-65.252,-34.653],[-65.1175,-34.6522]]]}},{"type":"Feature","properties":{"name":"Atamisqui","province":"Santiago del Estero"},"geometry":{"type":"Polygon","coordinates":[[[-63.8807,-28.9104],[-63.8355,-28.8942],[-63.7336,-28.943],[-63.6674,-28.9421],[-63.5929,-28.8762],[-63.6586,-28.7937],[-63.5526,-28.7288],[-63.5639,-28.7129],[-63.584,-28.7242],[-63.6225,-28.6732],[-63.5815,-28.6482],[-63.5877,-28.6304],[-63.667,-28.5822],[-63.6996,-28.5458],[-63.6898,-28.5189],[-63.7148,-28.5298],[-63.7769,-28.4794],[-63.767,-28.4461],[-63.7818,-28.4506],[-63.8064,-28.4268],[-63.817,-28.3956],[-63.8389,-28.4051],[-63.8513,-28.3911],[-64.0197,-28.4881],[-64.0435,-28.5938],[-64.1553,-28.5775],[-64.1608,-28.6034],[-64.2063,-28.5962],[-64.2344,-28.6824],[-64.194,-28.7596],[-64.1387,-28.7944],[-64.1075,-28.8348],[-64.0057,-28.8775],[-63.9563,-28.8713],[-63.8807,-28.9104]]]}},{"type":"Feature","properties":{"name":"San Fernando","province":"Chaco"},"geometry":{"type":"Polygon","coordinates":[[[-59.4014,-27.9994],[-58.8839,-27.9994],[-58.8924,-28.0457],[-58.8808,-28.0668],[-58.8597,-28.0503],[-58.8577,-28.0116],[-58.8293,-27.9619],[-58.8455,-27.8916],[-58.8097,-27.7834],[-58.8188,-27.6812],[-58.8355,-27.6466],[-58.8827,-27.6085],[-58.8749,-27.4886],[-58.8788,-27.4718],[-58.9015,-27.4728],[-58.8803,-27.4643],[-58.8694,-27.4281],[-58.9716,-27.3361],[-59.1166,-27.463],[-59.173,-27.4127],[-59.2177,-27.4504],[-59.4053,-27.4521],[-59.4014,-27.9994]]]}},{"type":"Feature","properties":{"name":"Ayacucho","province":"San Luis"},"geometry":{"type":"Polygon","coordinates":[[[-67.2662,-32.3394],[-67.1587,-32.3717],[-67.0396,-32.3717],[-67.0106,-32.3892],[-66.9245,-32.3627],[-66.6466,-32.3652],[-66.4359,-32.3359],[-66.1974,-32.3444],[-66.2195,-32.4326],[-66.2082,-32.5051],[-66.2559,-32.5713],[-66.2285,-32.5574],[-66.1876,-32.5883],[-66.1855,-32.6511],[-66.1538,-32.6495],[-66.144,-32.6761],[-66.1676,-32.7381],[-66.1327,-32.7604],[-66.1006,-32.6321],[-66.0693,-32.6098],[-66.021,-32.6375],[-65.9968,-32.6127],[-66.0041,-32.5827],[-65.957,-32.4305],[-65.9319,-32.4021],[-65.8366,-32.3823],[-65.827,-32.3223],[-65.7884,-32.3099],[-65.7577,-32.2659],[-65.7577,-32.2436],[-65.7803,-32.2399],[-65.7173,-32.2119],[-65.6839,-32.0626],[-65.8112,-32.0593],[-65.8251,-31.8971],[-65.9142,-31.91],[-65.979,-31.8892],[-66.0692,-31.9365],[-66.0795,-31.9713],[-66.1443,-31.937],[-66.1611,-31.9385],[-66.1602,-31.9635],[-66.2996,-31.9311],[-66.3381,-31.9437],[-66.3498,-31.9977],[-66.5666,-31.9504],[-66.6045,-31.9234],[-66.8857,-31.8977],[-67.0059,-31.8554],[-67.1367,-31.8338],[-67.2415,-31.8808],[-67.3792,-31.8681],[-67.3652,-31.9759],[-67.3838,-32.1252],[-67.376,-32.2374],[-67.278,-32.2923],[-67.2662,-32.3394]]]}},{"type":"Feature","properties":{"name":"Utracán","province":"La Pampa"},"geometry":{"type":"Polygon","coordinates":[[[-65.9777,-37.6832],[-65.6549,-37.676],[-65.6547,-37.6901],[-64.1802,-37.7078],[-64.1721,-36.9868],[-65.6348,-36.9658],[-65.6344,-36.9516],[-65.9997,-36.9614],[-65.9777,-37.6832]]]}},{"type":"Feature","properties":{"name":"Morón","province":"Ciudad Autónoma de Buenos Aires"},"geometry":{"type":"Polygon","coordinates":[[[-58.5561,-34.6347],[-58.6165,-34.588],[-58.6195,-34.6317],[-58.6536,-34.6317],[-58.6674,-34.6859],[-58.641,-34.7045],[-58.5561,-34.6347]]]}},{"type":"Feature","properties":{"name":"Sauce","province":"Corrientes"},"geometry":{"type":"Polygon","coordinates":[[[-58.6968,-29.6292],[-58.8752,-29.7265],[-58.878,-29.7386],[-58.8568,-29.7421],[-58.8623,-29.7602],[-58.9119,-29.8097],[-59.0254,-29.8515],[-59.0735,-30.0996],[-59.0694,-30.1286],[-59.0524,-30.1353],[-59.0678,-30.1641],[-59.1258,-30.1825],[-59.108,-30.2736],[-59.0756,-30.2574],[-59.0637,-30.2308],[-59.0077,-30.2191],[-58.966,-30.2182],[-58.902,-30.2484],[-58.8036,-30.211],[-58.7484,-30.2141],[-58.6824,-30.1641],[-58.6246,-30.176],[-58.5386,-30.1516],[-58.5086,-30.1173],[-58.4726,-30.1229],[-58.4451,-30.0974],[-58.4688,-29.9897],[-58.5069,-29.964],[-58.5309,-29.9299],[-58.5375,-29.8811],[-58.5805,-29.8384],[-58.6941,-29.8347],[-58.753,-29.8578],[-58.683,-29.7725],[-58.7165,-29.7276],[-58.6968,-29.6292]]]}},{"type":"Feature","properties":{"name":"2 de Abril","province":"Chaco"},"geometry":{"type":"Polygon","coordinates":[[[-61.0193,-27.6367],[-61.0226,-27.4805],[-61.5708,-27.482],[-61.5696,-27.7968],[-61.2413,-27.7957],[-61.2413,-27.7072],[-61.1304,-27.7068],[-61.1301,-27.6368],[-61.0193,-27.6367]]]}},{"type":"Feature","properties":{"name":"Monteros","province":"Tucumán"},"geometry":{"type":"Polygon","coordinates":[[[-65.973,-27.0541],[-65.9229,-27.0957],[-65.8231,-27.1369],[-65.7976,-27.1641],[-65.7959,-27.1951],[-65.6969,-27.2016],[-65.6836,-27.2265],[-65.5821,-27.2773],[-65.5329,-27.2758],[-65.482,-27.3013],[-65.4655,-27.2943],[-65.446,-27.2169],[-65.4226,-27.2173],[-65.4001,-27.1746],[-65.3799,-27.1831],[-65.3622,-27.1757],[-65.485,-27.0958],[-65.4767,-27.0606],[-65.4904,-27.0196],[-65.6066,-26.9286],[-65.6562,-26.9278],[-65.6519,-26.9449],[-65.7124,-26.9722],[-65.7424,-27.0352],[-65.7801,-27.0472],[-65.7705,-27.0924],[-65.7825,-27.1001],[-65.8542,-27.0164],[-65.8561,-26.9897],[-65.8898,-26.9698],[-65.9138,-26.9826],[-65.9171,-27.0149],[-65.9643,-27.0331],[-65.973,-27.0541]]]}},{"type":"Feature","properties":{"name":"Junín","province":"Buenos Aires"},"geometry":{"type":"Polygon","coordinates":[[[-61.0415,-34.2833],[-61.0703,-34.3074],[-61.0981,-34.2841],[-61.1305,-34.3113],[-61.1211,-34.3193],[-61.1945,-34.3662],[-61.1983,-34.4248],[-61.2281,-34.436],[-61.2361,-34.4032],[-61.2614,-34.3997],[-61.3558,-34.4738],[-61.2744,-34.5407],[-61.339,-34.5911],[-61.2056,-34.7017],[-61.2233,-34.7168],[-61.1523,-34.7768],[-61.0483,-34.6919],[-60.9045,-34.8105],[-60.8496,-34.7625],[-60.816,-34.7889],[-60.7648,-34.7407],[-60.7959,-34.7167],[-60.7146,-34.6466],[-60.7419,-34.6485],[-60.7592,-34.6304],[-60.6474,-34.5321],[-60.9021,-34.3263],[-60.9666,-34.3456],[-61.0415,-34.2833]]]}},{"type":"Feature","properties":{"name":"Villaguay","province":"Buenos Aires"},"geometry":{"type":"Polygon","coordinates":[[[-59.6116,-31.8693],[-59.5344,-31.9249],[-59.572,-31.9557],[-59.5485,-31.9592],[-59.4862,-31.9499],[-59.4395,-31.9706],[-59.4017,-31.9341],[-59.2548,-31.9203],[-59.1512,-31.9856],[-59.0803,-31.9912],[-59.0657,-32.0683],[-59.0032,-32.0836],[-58.9679,-32.052],[-58.9177,-32.0657],[-58.8709,-32.0467],[-58.8608,-32.0267],[-58.7731,-32.0146],[-58.7237,-31.9697],[-58.7427,-31.9211],[-58.7227,-31.8239],[-58.657,-31.8337],[-58.6036,-31.77],[-58.5851,-31.6247],[-58.5591,-31.6198],[-58.5181,-31.5553],[-58.5268,-31.5023],[-58.5123,-31.4705],[-58.5659,-31.4443],[-58.5858,-31.3922],[-58.6277,-31.3676],[-58.638,-31.3813],[-58.6844,-31.3013],[-58.8959,-31.212],[-58.9753,-31.2569],[-58.9713,-31.2717],[-59.0182,-31.3251],[-59.0095,-31.3272],[-59.0106,-31.3391],[-59.0349,-31.3492],[-59.0459,-31.3672],[-59.0345,-31.3761],[-59.0522,-31.379],[-59.0446,-31.3936],[-59.0743,-31.4035],[-59.0734,-31.433],[-59.0947,-31.4553],[-59.1481,-31.4138],[-59.1727,-31.35],[-59.2348,-31.2677],[-59.5731,-31.4731],[-59.5823,-31.6031],[-59.5651,-31.6228],[-59.5202,-31.6131],[-59.5022,-31.6312],[-59.5205,-31.692],[-59.572,-31.7203],[-59.5939,-31.7532],[-59.5804,-31.785],[-59.6035,-31.8067],[-59.6116,-31.8693]]]}},{"type":"Feature","properties":{"name":"Federación","province":"Buenos Aires"},"geometry":{"type":"Polygon","coordinates":[[[-57.9244,-31.2372],[-57.9131,-31.2122],[-57.9191,-31.1299],[-57.8616,-31.042],[-57.9149,-30.9206],[-57.8944,-30.9072],[-57.8451,-30.9199],[-57.8218,-30.9078],[-57.7993,-30.8532],[-57.8092,-30.7296],[-57.8437,-30.7217],[-57.8843,-30.675],[-57.9756,-30.6468],[-57.9799,-30.6295],[-58.0324,-30.5984],[-58.0368,-30.5682],[-58.0687,-30.5448],[-58.0576,-30.497],[-58.0794,-30.4559],[-58.0719,-30.4254],[-58.1412,-30.4057],[-58.2079,-30.2881],[-58.2696,-30.2524],[-58.3079,-30.3309],[-58.3384,-30.314],[-58.3533,-30.3298],[-58.4081,-30.3169],[-58.4063,-30.3465],[-58.3615,-30.3353],[-58.3422,-30.3593],[-58.4095,-30.4252],[-58.3985,-30.4404],[-58.4571,-30.5524],[-58.5224,-30.6088],[-58.5011,-30.6268],[-58.5686,-30.6673],[-58.5773,-30.6902],[-58.4917,-30.7324],[-58.4715,-30.7991],[-58.4097,-30.8382],[-58.3897,-30.8256],[-58.2503,-30.854],[-58.2763,-30.8833],[-58.2745,-30.9185],[-58.2509,-30.9273],[-58.249,-30.9923],[-58.2307,-31.013],[-58.2735,-31.0371],[-58.1054,-31.0846],[-58.0278,-31.1234],[-57.9619,-31.2129],[-57.9244,-31.2372]]]}},{"type":"Feature","properties":{"name":"Capayán","province":"Catamarca"},"geometry":{"type":"Polygon","coordinates":[[[-65.5898,-29.7204],[-65.5201,-29.6055],[-65.5606,-29.5181],[-65.5476,-29.4099],[-65.6034,-29.2934],[-65.6125,-29.2116],[-65.5877,-29.099],[-65.6078,-29.0685],[-65.6057,-29.0203],[-65.6512,-28.9274],[-65.6425,-28.9011],[-65.6842,-28.8342],[-65.6887,-28.7876],[-65.719,-28.7614],[-65.8518,-28.745],[-65.7943,-28.6691],[-65.8092,-28.6335],[-65.7853,-28.56],[-65.8982,-28.4817],[-65.9185,-28.4362],[-65.936,-28.4375],[-65.9512,-28.3356],[-66.0454,-28.351],[-66.0578,-28.3698],[-66.0492,-28.45],[-66.0835,-28.4517],[-66.0826,-28.4819],[-66.1296,-28.499],[-66.1476,-28.5448],[-66.1837,-28.564],[-66.1779,-28.5796],[-66.2103,-28.6305],[-66.2642,-28.629],[-66.274,-28.6658],[-66.2972,-28.6792],[-66.3013,-28.7221],[-66.3235,-28.7323],[-66.3371,-28.8009],[-66.3654,-28.7951],[-66.3914,-28.8245],[-66.4114,-28.8142],[-66.4031,-28.857],[-66.0995,-28.9441],[-65.8147,-29.1809],[-65.8144,-29.2698],[-65.7482,-29.2697],[-65.7173,-29.3286],[-65.7195,-29.41],[-65.5898,-29.7204]]]}},{"type":"Feature","properties":{"name":"Marcos Juárez","province":"Córdoba"},"geometry":{"type":"Polygon","coordinates":[[[-62.2825,-32.0465],[-62.3065,-32.1421],[-62.3394,-32.1368],[-62.3759,-32.2875],[-62.2947,-32.3013],[-62.2991,-32.3196],[-62.2451,-32.3286],[-62.2637,-32.4187],[-62.3453,-32.4066],[-62.3545,-32.4446],[-62.3905,-32.4381],[-62.4563,-32.6847],[-62.4863,-32.6791],[-62.4905,-32.697],[-62.4625,-32.694],[-62.4802,-32.7798],[-62.4511,-32.8483],[-62.5159,-32.837],[-62.5429,-32.9467],[-62.5078,-32.9528],[-62.5306,-33.0434],[-62.6252,-33.108],[-62.5208,-33.1275],[-62.5749,-33.2115],[-62.6884,-33.2857],[-62.6033,-33.3014],[-62.6457,-33.3585],[-62.7534,-33.7835],[-62.7767,-33.7793],[-62.8052,-33.896],[-62.5432,-33.9434],[-61.9203,-33.1202],[-61.7864,-33.0044],[-61.7901,-32.9584],[-61.7709,-32.9017],[-61.7919,-32.873],[-61.777,-32.8313],[-61.7849,-32.7953],[-61.827,-32.7551],[-61.8574,-32.6942],[-61.9074,-32.696],[-61.9455,-32.6786],[-61.9454,-32.6513],[-61.8893,-32.6142],[-61.8897,-32.5922],[-61.9246,-32.5823],[-61.9012,-32.569],[-61.9043,-32.5528],[-61.9295,-32.5442],[-61.9121,-32.5276],[-61.9274,-32.4643],[-62.0113,-32.3453],[-62.0384,-32.2606],[-62.1278,-32.2085],[-62.1795,-32.1567],[-62.196,-32.1138],[-62.1819,-32.0637],[-62.2825,-32.0465]]]}},{"type":"Feature","properties":{"name":"Tafí Viejo","province":"Tucumán"},"geometry":{"type":"Polygon","coordinates":[[[-65.1914,-26.5808],[-65.1834,-26.5333],[-65.2179,-26.5219],[-65.2263,-26.6012],[-65.3842,-26.6227],[-65.4589,-26.5849],[-65.4734,-26.6033],[-65.4958,-26.5663],[-65.4659,-26.5192],[-65.4971,-26.5243],[-65.5026,-26.5481],[-65.5599,-26.5348],[-65.6218,-26.5552],[-65.651,-26.5245],[-65.7223,-26.5214],[-65.7443,-26.505],[-65.7215,-26.5424],[-65.7304,-26.6027],[-65.7556,-26.6011],[-65.7757,-26.6399],[-65.7585,-26.6679],[-65.7048,-26.6974],[-65.695,-26.7178],[-65.706,-26.7411],[-65.6514,-26.7568],[-65.6068,-26.7287],[-65.5481,-26.7635],[-65.5158,-26.7481],[-65.4892,-26.7569],[-65.4453,-26.8006],[-65.4272,-26.7676],[-65.4295,-26.7055],[-65.3963,-26.7867],[-65.3555,-26.7635],[-65.3578,-26.7338],[-65.2594,-26.7509],[-65.2672,-26.7793],[-65.1634,-26.7933],[-65.1548,-26.7263],[-65.1769,-26.6851],[-65.1731,-26.6564],[-65.1918,-26.641],[-65.1654,-26.5994],[-65.1719,-26.5784],[-65.1914,-26.5808]]]}},{"type":"Feature","properties":{"name":"General Roca","province":"Córdoba"},"geometry":{"type":"Polygon","coordinates":[[[-65.1175,-35.0],[-63.3843,-35.0001],[-63.3836,-34.5297],[-63.5024,-34.5211],[-63.5015,-34.5448],[-63.8298,-34.5454],[-63.8349,-34.3642],[-64.1622,-34.3705],[-64.1655,-34.2573],[-64.2779,-34.231],[-64.2943,-34.2139],[-64.3176,-34.2263],[-64.3984,-34.2067],[-64.4105,-34.2223],[-64.4252,-34.2056],[-64.4668,-34.2106],[-64.5208,-34.1821],[-64.5477,-34.1914],[-64.5783,-34.1708],[-64.6218,-34.1703],[-64.6872,-34.1157],[-64.7059,-34.128],[-64.7598,-34.0839],[-64.7872,-34.0941],[-64.8058,-34.084],[-64.8144,-34.0607],[-64.8513,-34.0559],[-64.859,-34.0674],[-64.9126,-34.0423],[-64.9973,-34.0374],[-65.0236,-34.0083],[-65.0614,-34.0062],[-65.0626,-33.9802],[-65.0762,-33.989],[-65.1175,-33.9507],[-65.1175,-35.0]]]}},{"type":"Feature","properties":{"name":"Minas","province":"Córdoba"},"geometry":{"type":"Polygon","coordinates":[[[-65.7715,-31.2614],[-64.9109,-31.2776],[-64.8825,-31.267],[-64.9402,-31.167],[-65.0684,-31.0702],[-65.103,-31.0775],[-65.1195,-31.0212],[-65.1094,-31.0021],[-65.1523,-30.9468],[-65.1581,-30.8743],[-65.335,-30.8825],[-65.3482,-30.8463],[-65.347,-30.7378],[-65.3735,-30.6932],[-65.5981,-30.6569],[-65.772,-31.0445],[-65.7715,-31.2614]]]}},{"type":"Feature","properties":{"name":"Sarmiento","province":"Santiago del Estero"},"geometry":{"type":"Polygon","coordinates":[[[-63.1097,-28.3272],[-63.0954,-28.2701],[-63.1336,-28.2434],[-63.1449,-28.2069],[-63.2003,-28.1659],[-63.2702,-28.1597],[-63.2938,-28.0867],[-63.3176,-28.0807],[-63.328,-28.0543],[-63.398,-28.0285],[-63.4097,-27.9728],[-63.445,-27.9534],[-63.4425,-27.9228],[-63.467,-27.9072],[-63.4577,-27.8825],[-63.4784,-27.8371],[-63.5809,-27.867],[-63.5926,-27.8296],[-63.6605,-27.8176],[-63.6892,-27.9839],[-63.7291,-27.9773],[-63.737,-28.0145],[-63.6507,-28.0748],[-63.6539,-28.1475],[-63.6064,-28.1497],[-63.6168,-28.199],[-63.5809,-28.205],[-63.5786,-28.2421],[-63.4673,-28.2552],[-63.4597,-28.2124],[-63.3616,-28.317],[-63.2309,-28.3493],[-63.2283,-28.3273],[-63.1097,-28.3272]]]}},{"type":"Feature","properties":{"name":"San Nicolás","province":"Buenos Aires"},"geometry":{"type":"Polygon","coordinates":[[[-60.3267,-33.6835],[-60.2809,-33.6204],[-60.2427,-33.6136],[-60.1601,-33.4734],[-60.1946,-33.4445],[-60.1656,-33.3508],[-60.2007,-33.2922],[-60.2658,-33.2585],[-60.2825,-33.3136],[-60.3237,-33.3491],[-60.335,-33.4125],[-60.4096,-33.4678],[-60.4181,-33.5585],[-60.4582,-33.5886],[-60.3267,-33.6835]]]}},{"type":"Feature","properties":{"name":"La Caldera","province":"Salta"},"geometry":{"type":"Polygon","coordinates":[[[-65.3573,-24.4624],[-65.4256,-24.4515],[-65.4347,-24.4628],[-65.4643,-24.4306],[-65.4876,-24.4275],[-65.5074,-24.4575],[-65.5408,-24.4515],[-65.569,-24.4236],[-65.6002,-24.417],[-65.6205,-24.3844],[-65.6563,-24.3774],[-65.6541,-24.5012],[-65.6677,-24.5452],[-65.5823,-24.5737],[-65.5814,-24.6445],[-65.4604,-24.7096],[-65.2201,-24.716],[-65.2747,-24.6774],[-65.2767,-24.6287],[-65.2614,-24.5983],[-65.1997,-24.5854],[-65.2102,-24.5436],[-65.1554,-24.4887],[-65.2062,-24.4582],[-65.2291,-24.469],[-65.2283,-24.4867],[-65.3254,-24.5004],[-65.3539,-24.4917],[-65.3573,-24.4624]]]}},{"type":"Feature","properties":{"name":"Santa Victoria","province":"Salta"},"geometry":{"type":"Polygon","coordinates":[[[-64.4817,-22.4811],[-64.491,-22.437],[-64.5239,-22.4424],[-64.5128,-22.4125],[-64.5662,-22.371],[-64.5642,-22.3235],[-64.5469,-22.3161],[-64.5376,-22.2843],[-64.593,-22.2466],[-64.618,-22.2046],[-64.6816,-22.1864],[-64.7368,-22.1939],[-64.8617,-22.122],[-64.9236,-22.1211],[-64.9934,-22.0824],[-65.1866,-22.0853],[-65.1933,-22.1437],[-65.2154,-22.1504],[-65.2397,-22.2796],[-65.2275,-22.3206],[-65.2639,-22.3392],[-65.3075,-22.4691],[-65.3469,-22.5243],[-65.1507,-22.6043],[-65.0903,-22.6028],[-65.0576,-22.5443],[-65.0005,-22.5846],[-64.891,-22.582],[-64.8752,-22.5993],[-64.8438,-22.5994],[-64.8064,-22.5758],[-64.8485,-22.5157],[-64.8422,-22.468],[-64.7946,-22.5123],[-64.7656,-22.5821],[-64.7533,-22.7332],[-64.7909,-22.7775],[-64.7957,-22.8012],[-64.7781,-22.8079],[-64.6757,-22.7569],[-64.61,-22.6684],[-64.5791,-22.6748],[-64.5338,-22.6472],[-64.5033,-22.6068],[-64.5035,-22.522],[-64.4817,-22.4811]]]}},{"type":"Feature","properties":{"name":"Chos Malal","province":"Neuquén"},"geometry":{"type":"Polygon","coordinates":[[[-70.5118,-37.365],[-70.4591,-37.3652],[-70.4486,-37.344],[-70.4113,-37.3858],[-70.3669,-37.3635],[-70.3167,-37.3672],[-70.2229,-37.41],[-70.1725,-37.476],[-70.0955,-37.5012],[-70.0838,-37.4751],[-70.105,-37.4346],[-70.0998,-37.406],[-70.0204,-37.2852],[-70.0578,-37.258],[-70.0426,-36.659],[-70.1821,-36.4911],[-70.2043,-36.4452],[-70.1954,-36.4232],[-70.2221,-36.3293],[-70.3463,-36.3343],[-70.3731,-36.2759],[-70.3732,-36.2229],[-70.3958,-36.1931],[-70.3991,-36.119],[-70.4154,-36.1103],[-70.4214,-36.1564],[-70.4753,-36.1736],[-70.5118,-37.365]]]}},{"type":"Feature","properties":{"name":"Confluencia","province":"Neuquén"},"geometry":{"type":"Polygon","coordinates":[[[-68.1477,-38.7459],[-68.2825,-38.6695],[-68.2853,-38.6474],[-68.3132,-38.6481],[-68.334,-38.6192],[-68.3908,-38.5971],[-68.4131,-38.5675],[-68.5059,-38.5357],[-68.5443,-38.4888],[-68.6082,-38.4673],[-68.6218,-38.4347],[-68.6862,-38.4032],[-68.7249,-38.405],[-68.7585,-38.3716],[-68.8345,-38.3689],[-68.8605,-38.3738],[-68.9372,-38.439],[-68.9592,-38.4838],[-68.9946,-38.4916],[-69.0307,-38.5373],[-69.0472,-38.5382],[-69.0512,-38.5697],[-69.1089,-38.5808],[-69.1133,-38.6027],[-69.1766,-38.6047],[-69.2283,-38.6291],[-69.2454,-38.6187],[-69.2376,-38.6066],[-69.2662,-38.599],[-69.3173,-38.6143],[-69.5475,-38.7932],[-68.8198,-39.3689],[-68.8081,-39.3474],[-68.8185,-39.3126],[-68.8024,-39.2849],[-68.6655,-39.2173],[-68.6533,-39.1992],[-68.6608,-39.1723],[-68.5426,-39.0787],[-68.3707,-39.0184],[-68.3055,-38.9897],[-68.3017,-38.9753],[-68.2311,-38.9915],[-68.1777,-38.9672],[-68.0807,-38.9949],[-68.0495,-38.9839],[-68.037,-38.9997],[-68.002,-38.994],[-68.007,-38.9595],[-68.0395,-38.9417],[-68.0684,-38.9037],[-68.0716,-38.8714],[-68.0941,-38.8586],[-68.0815,-38.8477],[-68.1178,-38.7936],[-68.1204,-38.7477],[-68.1477,-38.7459]]]}},{"type":"Feature","properties":{"name":"Guatraché","province":"La Pampa"},"geometry":{"type":"Polygon","coordinates":[[[-64.1742,-37.2569],[-64.1802,-37.7078],[-63.3838,-37.7099],[-63.3839,-37.2589],[-64.1742,-37.2569]]]}},{"type":"Feature","properties":{"name":"Catriló","province":"La Pampa"},"geometry":{"type":"Polygon","coordinates":[[[-63.384,-36.8078],[-63.3841,-36.3563],[-63.9433,-36.3556],[-63.9458,-36.8062],[-63.384,-36.8078]]]}},{"type":"Feature","properties":{"name":"Yaví","province":"Jujuy"},"geometry":{"type":"Polygon","coordinates":[[[-65.3486,-22.5512],[-65.3454,-22.5187],[-65.283,-22.4143],[-65.2639,-22.3392],[-65.2275,-22.3206],[-65.2397,-22.2796],[-65.2154,-22.1504],[-65.1933,-22.1437],[-65.1866,-22.0853],[-65.4848,-22.0955],[-65.5739,-22.0761],[-65.5864,-22.0979],[-65.6751,-22.1114],[-65.7149,-22.0974],[-65.7479,-22.1093],[-65.809,-22.0703],[-65.8253,-22.1877],[-65.8587,-22.207],[-65.9244,-22.2035],[-65.9488,-22.1841],[-65.9591,-22.194],[-65.9471,-22.2459],[-65.9701,-22.2961],[-65.9861,-22.4033],[-65.5473,-22.4795],[-65.5077,-22.5259],[-65.4464,-22.555],[-65.3486,-22.5512]]]}},{"type":"Feature","properties":{"name":"Capital","province":"Corrientes"},"geometry":{"type":"Polygon","coordinates":[[[-58.6281,-27.5107],[-58.6364,-27.4744],[-58.6788,-27.471],[-58.6634,-27.4227],[-58.7079,-27.3662],[-58.7683,-27.3763],[-58.8819,-27.4997],[-58.8711,-27.5627],[-58.8827,-27.6085],[-58.8117,-27.6754],[-58.8042,-27.6549],[-58.7777,-27.6601],[-58.7276,-27.6279],[-58.6873,-27.6239],[-58.6473,-27.5188],[-58.6281,-27.5107]]]}},{"type":"Feature","properties":{"name":"Puelén","province":"La Pampa"},"geometry":{"type":"Polygon","coordinates":[[[-67.1027,-38.3787],[-67.1269,-36.7995],[-68.2501,-36.8028],[-68.25,-37.5767],[-67.9442,-37.6032],[-67.9173,-37.6184],[-67.8707,-37.6126],[-67.7934,-37.6463],[-67.7686,-37.6736],[-67.7419,-37.7849],[-67.7223,-37.7999],[-67.7275,-37.8456],[-67.7805,-37.894],[-67.867,-37.9314],[-67.904,-37.9836],[-67.8628,-38.0536],[-67.81,-38.0719],[-67.7843,-38.0534],[-67.7661,-38.0688],[-67.7487,-38.0581],[-67.7512,-38.0743],[-67.7299,-38.0788],[-67.7301,-38.1148],[-67.687,-38.1358],[-67.6565,-38.2018],[-67.5479,-38.2563],[-67.3442,-38.2518],[-67.2611,-38.2171],[-67.1876,-38.2145],[-67.1966,-38.2538],[-67.1705,-38.2609],[-67.1724,-38.2792],[-67.1528,-38.2926],[-67.1554,-38.3543],[-67.1186,-38.3568],[-67.1027,-38.3787]]]}},{"type":"Feature","properties":{"name":"San Lorenzo","province":"Santa Fe"},"geometry":{"type":"Polygon","coordinates":[[[-60.7691,-32.4968],[-60.795,-32.4975],[-60.8017,-32.4421],[-60.8557,-32.4745],[-60.8424,-32.5907],[-60.8126,-32.6378],[-60.8744,-32.6803],[-60.8886,-32.6689],[-60.9951,-32.6942],[-61.0547,-32.77],[-61.0625,-32.8025],[-61.1602,-32.845],[-61.2035,-32.8845],[-61.2072,-32.9027],[-61.062,-33.09],[-61.1068,-33.1561],[-61.1548,-33.1647],[-61.1326,-33.2314],[-61.1686,-33.2438],[-61.0991,-33.3327],[-61.1296,-33.3493],[-61.0668,-33.4293],[-60.9897,-33.3946],[-60.9241,-33.3397],[-61.0016,-33.2474],[-60.9821,-33.245],[-60.9958,-33.2324],[-60.9817,-33.1922],[-60.9444,-33.1982],[-60.9457,-33.1611],[-60.9246,-33.1457],[-60.8611,-32.8855],[-60.8054,-32.8547],[-60.8199,-32.8355],[-60.8091,-32.8294],[-60.6589,-32.8339],[-60.716,-32.7736],[-60.7214,-32.6807],[-60.7521,-32.6222],[-60.7451,-32.5647],[-60.7747,-32.5144],[-60.7691,-32.4968]]]}},{"type":"Feature","properties":{"name":"Luján de Cuyo","province":"Mendoza"},"geometry":{"type":"Polygon","coordinates":[[[-68.6846,-33.2473],[-68.6188,-33.0964],[-68.7001,-33.1142],[-68.7861,-33.0538],[-68.8325,-33.0629],[-68.8642,-33.0471],[-68.815,-32.9709],[-68.8287,-32.9584],[-68.8606,-32.9569],[-68.9803,-33.0359],[-69.0889,-33.0497],[-69.1834,-32.9492],[-69.2591,-32.919],[-69.2653,-32.8487],[-69.2996,-32.8236],[-69.3454,-32.6915],[-69.4149,-32.6224],[-69.4892,-32.6375],[-69.5327,-32.7156],[-69.6061,-32.7811],[-69.7305,-32.8337],[-69.7673,-32.8673],[-69.8945,-32.8248],[-70.0842,-32.8114],[-70.0543,-32.8331],[-70.0447,-32.8699],[-69.9894,-32.899],[-70.0072,-32.9312],[-69.9998,-32.9448],[-70.0274,-32.9699],[-70.021,-33.0085],[-70.0809,-33.0283],[-70.0937,-33.051],[-70.0671,-33.0882],[-70.0758,-33.1206],[-70.0517,-33.1345],[-70.0644,-33.2051],[-70.0545,-33.2263],[-70.0281,-33.2319],[-70.0383,-33.2704],[-70.006,-33.2856],[-70.0028,-33.3228],[-69.9159,-33.2668],[-69.9166,-33.2443],[-69.9043,-33.2729],[-69.7999,-33.2879],[-69.7692,-33.3428],[-69.5107,-33.0271],[-69.4444,-33.0094],[-69.3899,-33.0796],[-69.2075,-33.1176],[-69.1434,-33.1992],[-69.0926,-33.2356],[-68.9898,-33.2773],[-68.9051,-33.2917],[-68.9218,-33.337],[-68.7978,-33.3904],[-68.7274,-33.3412],[-68.7222,-33.2934],[-68.6846,-33.2473]]]}},{"type":"Feature","properties":{"name":"Trancas","province":"Tucumán"},"geometry":{"type":"Polygon","coordinates":[[[-65.0447,-26.3203],[-65.0402,-26.2297],[-65.2736,-26.172],[-65.2979,-26.0817],[-65.3471,-26.0604],[-65.3773,-26.0651],[-65.4246,-26.109],[-65.4654,-26.0913],[-65.5481,-26.0875],[-65.6136,-26.1235],[-65.6401,-26.111],[-65.6885,-26.1173],[-65.7104,-26.2091],[-65.7028,-26.24],[-65.7242,-26.2789],[-65.7073,-26.2959],[-65.723,-26.3127],[-65.7109,-26.3565],[-65.7253,-26.385],[-65.6996,-26.4832],[-65.7086,-26.5176],[-65.651,-26.5245],[-65.6218,-26.5552],[-65.5599,-26.5348],[-65.5026,-26.5481],[-65.4971,-26.5243],[-65.4659,-26.5192],[-65.4958,-26.5663],[-65.4734,-26.6033],[-65.4589,-26.5849],[-65.3842,-26.6227],[-65.2263,-26.6012],[-65.2179,-26.5219],[-65.1834,-26.5333],[-65.1975,-26.5563],[-65.1673,-26.5536],[-65.1478,-26.5128],[-65.1144,-26.5087],[-65.1028,-26.4009],[-65.0447,-26.3203]]]}},{"type":"Feature","properties":{"name":"Vera","province":"Santa Fe"},"geometry":{"type":"Polygon","coordinates":[[[-59.8111,-27.9994],[-60.91,-27.9994],[-60.6444,-28.0007],[-60.6446,-28.1002],[-60.7477,-28.0993],[-60.7486,-28.2216],[-60.8299,-28.2736],[-60.8984,-28.5821],[-61.0828,-29.635],[-61.0754,-29.6512],[-61.0384,-29.653],[-61.0405,-29.6646],[-60.9111,-29.6733],[-60.8774,-29.701],[-60.8438,-29.7017],[-60.8179,-29.7658],[-60.8031,-29.7464],[-60.7648,-29.7544],[-60.7664,-29.7904],[-60.7191,-29.8674],[-60.6993,-29.8753],[-60.7205,-29.9101],[-60.2796,-29.9789],[-60.2897,-30.0299],[-60.2121,-30.0677],[-60.1983,-30.122],[-60.1566,-30.1241],[-60.1851,-30.1465],[-60.1747,-30.1658],[-60.1327,-30.1374],[-60.1573,-30.1176],[-60.1166,-30.1215],[-60.1286,-30.0871],[-60.0978,-30.0701],[-60.0994,-30.0419],[-60.0453,-30.0273],[-60.0324,-30.0094],[-60.0207,-29.9518],[-59.9889,-29.9288],[-59.9606,-29.9361],[-59.9414,-29.9093],[-59.9265,-29.9151],[-59.8895,-29.8342],[-59.8746,-29.8331],[-59.8768,-29.813],[-59.9108,-29.8001],[-59.9706,-29.8127],[-59.9986,-29.773],[-60.0001,-29.6547],[-60.0615,-29.6567],[-60.085,-29.6346],[-60.0828,-29.5347],[-60.1053,-29.483],[-60.101,-29.4342],[-60.0783,-29.4055],[-60.0809,-29.3794],[-60.0108,-29.3026],[-60.0265,-29.2877],[-60.0173,-29.2426],[-60.0362,-29.2285],[-60.0359,-29.1916],[-60.0757,-29.1391],[-60.0615,-29.1413],[-60.0661,-29.116],[-60.1164,-29.0474],[-60.0052,-29.0726],[-59.988,-29.0325],[-60.042,-29.0117],[-60.0197,-28.8861],[-59.978,-28.8917],[-59.9618,-28.8075],[-59.7623,-28.8383],[-59.749,-28.8134],[-59.7735,-28.7686],[-59.8046,-28.7577],[-59.7786,-28.7173],[-59.7928,-28.6979],[-59.7728,-28.6794],[-59.8172,-28.6245],[-59.8012,-28.6165],[-59.8182,-28.5632],[-59.8109,-28.5279],[-59.7651,-28.4558],[-59.7985,-28.4338],[-59.7984,-28.3791],[-59.8583,-28.3786],[-59.8787,-28.3318],[-59.8763,-28.2515],[-59.7904,-28.2508],[-59.7902,-28.1045],[-59.811,-28.1046],[-59.8111,-27.9994]]]}},{"type":"Feature","properties":{"name":"Humahuaca","province":"Jujuy"},"geometry":{"type":"Polygon","coordinates":[[[-65.6899,-23.3758],[-65.5262,-23.3117],[-65.436,-23.3321],[-65.3387,-23.3911],[-65.1675,-23.3152],[-65.0486,-23.1687],[-65.0459,-23.1527],[-65.0709,-23.1341],[-65.0602,-23.0677],[-65.0705,-23.0416],[-65.1766,-22.981],[-65.2747,-22.8917],[-65.2742,-22.7901],[-65.3018,-22.7646],[-65.3051,-22.7255],[-65.2717,-22.6482],[-65.3265,-22.6129],[-65.3447,-22.6064],[-65.4105,-22.7447],[-65.443,-22.7631],[-65.5076,-22.7653],[-65.5224,-22.825],[-65.5775,-22.8612],[-65.6061,-22.9188],[-65.6727,-22.9552],[-65.6934,-22.9936],[-65.7031,-23.065],[-65.6925,-23.0868],[-65.7363,-23.229],[-65.7211,-23.2736],[-65.744,-23.3143],[-65.7309,-23.3546],[-65.7427,-23.4126],[-65.6899,-23.3758]]]}},{"type":"Feature","properties":{"name":"Famallá","province":"Tucumán"},"geometry":{"type":"Polygon","coordinates":[[[-65.6562,-26.9278],[-65.5924,-26.9335],[-65.5434,-26.9683],[-65.5276,-27.0018],[-65.4904,-27.0196],[-65.4767,-27.0606],[-65.487,-27.0894],[-65.4627,-27.1156],[-65.4277,-27.1312],[-65.39,-27.0887],[-65.3441,-27.1045],[-65.3514,-27.0874],[-65.3222,-27.0488],[-65.3311,-27.0205],[-65.3648,-27.001],[-65.3768,-26.9664],[-65.442,-26.9292],[-65.4662,-26.8827],[-65.605,-26.8437],[-65.624,-26.8253],[-65.6287,-26.8763],[-65.6632,-26.9102],[-65.6562,-26.9278]]]}},{"type":"Feature","properties":{"name":"Coronel de Marina L. Rosales","province":"Buenos Aires"},"geometry":{"type":"Polygon","coordinates":[[[-62.1829,-38.8149],[-62.1263,-38.8417],[-62.1058,-38.8971],[-62.0755,-38.9055],[-62.0734,-38.9251],[-61.813,-38.9924],[-61.7067,-38.9655],[-61.6129,-39.0036],[-61.4562,-38.9954],[-61.4561,-38.9419],[-61.4747,-38.9458],[-61.6504,-38.8666],[-61.6936,-38.8265],[-61.6992,-38.7815],[-61.7226,-38.7508],[-61.7277,-38.645],[-61.7432,-38.6271],[-61.8195,-38.6877],[-61.8484,-38.6653],[-61.9265,-38.7305],[-62.0144,-38.7062],[-62.0625,-38.7121],[-62.1829,-38.8149]]]}},{"type":"Feature","properties":{"name":"Matacos","province":"Formosa"},"geometry":{"type":"Polygon","coordinates":[[[-62.342,-23.4954],[-62.3419,-24.1079],[-62.3215,-24.0875],[-62.3153,-24.1186],[-62.1656,-24.1735],[-62.1822,-24.1936],[-62.1383,-24.1875],[-62.1376,-24.2174],[-62.0764,-24.2013],[-62.0876,-24.232],[-62.0569,-24.2124],[-62.0421,-24.2372],[-61.9853,-24.2468],[-61.9847,-24.2271],[-61.9648,-24.231],[-61.9339,-24.273],[-61.9078,-24.2594],[-61.904,-24.2778],[-61.9203,-24.2839],[-61.9085,-24.3068],[-61.8868,-24.2738],[-61.8793,-24.3073],[-61.8436,-24.3055],[-61.848,-24.322],[-61.8348,-24.3194],[-61.8439,-23.4929],[-62.342,-23.4954]]]}},{"type":"Feature","properties":{"name":"San Antonio","province":"Río Negro"},"geometry":{"type":"MultiPolygon","coordinates":[[[[-65.2834,-39.9253],[-65.7742,-39.9187],[-65.7901,-41.1824],[-65.7578,-41.2443],[-65.7281,-42.0003],[-65.0693,-42.0003],[-65.0661,-41.9056],[-65.0371,-41.873],[-65.0492,-41.8429],[-65.0159,-41.8322],[-65.0127,-41.7797],[-64.9977,-41.7666],[-65.021,-41.7332],[-65.0227,-41.6184],[-65.0371,-41.5982],[-65.0165,-41.6103],[-64.9864,-41.5768],[-65.0067,-41.5573],[-64.9878,-41.5188],[-65.0003,-41.4861],[-65.0439,-41.4625],[-65.0736,-41.4152],[-65.1543,-41.1628],[-65.1667,-40.974],[-65.1497,-40.909],[-65.1252,-40.8813],[-65.1289,-40.8568],[-65.018,-40.7644],[-64.8999,-40.7608],[-64.9592,-40.7481],[-64.9167,-40.7273],[-64.9699,-40.7272],[-64.9884,-40.7229],[-64.9961,-40.7177],[-64.9691,-40.7253],[-64.9545,-40.7096],[-64.8063,-40.7255],[-64.7735,-40.7428],[-64.8006,-40.7483],[-64.7975,-40.7805],[-64.7586,-40.7679],[-64.7336,-40.7869],[-64.7538,-40.7944],[-64.7342,-40.8026],[-64.742,-40.8107],[-64.838,-40.7862],[-64.8453,-40.8149],[-64.8566,-40.8037],[-64.8441,-40.7826],[-64.9049,-40.8055],[-64.8753,-40.8289],[-64.7571,-40.8176],[-64.6032,-40.8502],[-64.6015,-40.4389],[-65.194,-40.4365],[-65.1932,-39.9798],[-65.2834,-39.9253]]],[[[-64.7661,-40.7801],[-64.7541,-40.7775],[-64.7558,-40.7741],[-64.7661,-40.7801]]],[[[-64.8397,-40.7561],[-64.8368,-40.7514],[-64.8432,-40.7565],[-64.8397,-40.7561]]],[[[-64.9051,-40.7424],[-64.9066,-40.7391],[-64.9069,-40.7414],[-64.9051,-40.7424]]]]}},{"type":"Feature","properties":{"name":"Rawson","province":"Chubut"},"geometry":{"type":"Polygon","coordinates":[[[-65.4042,-43.7601],[-65.3535,-43.758],[-65.3416,-43.6761],[-65.3147,-43.6321],[-65.2541,-43.5707],[-65.194,-43.5399],[-65.1452,-43.4733],[-65.0526,-43.4026],[-65.0503,-43.3283],[-64.9763,-43.255],[-64.7576,-43.1506],[-64.4731,-43.0694],[-64.3306,-43.0027],[-64.3077,-42.9792],[-64.3303,-42.9359],[-64.3968,-42.9596],[-64.4889,-42.9494],[-64.5284,-42.923],[-64.6673,-42.9085],[-64.8175,-42.839],[-65.4546,-42.8519],[-65.4042,-43.7601]]]}},{"type":"Feature","properties":{"name":"Ensenada","province":"Buenos Aires"},"geometry":{"type":"Polygon","coordinates":[[[-58.0838,-34.835],[-57.9908,-34.8798],[-57.9744,-34.8723],[-57.932,-34.9035],[-57.8757,-34.8272],[-57.9473,-34.8335],[-58.0167,-34.7802],[-58.0838,-34.835]]]}},{"type":"Feature","properties":{"name":"Lincoln","province":"Buenos Aires"},"geometry":{"type":"Polygon","coordinates":[[[-61.9843,-34.8852],[-62.1861,-35.0499],[-62.1662,-35.0664],[-62.2704,-35.1518],[-62.211,-35.2008],[-62.2259,-35.2129],[-62.1492,-35.2837],[-61.7835,-35.5857],[-61.3003,-35.1853],[-61.4205,-35.0872],[-61.1279,-34.8468],[-61.1831,-34.8017],[-61.1523,-34.7768],[-61.2233,-34.7168],[-61.2056,-34.7017],[-61.339,-34.5911],[-61.4373,-34.6706],[-61.5168,-34.6026],[-61.5979,-34.6681],[-61.6122,-34.6564],[-61.6451,-34.6834],[-61.7105,-34.6268],[-61.7724,-34.6762],[-61.6737,-34.7607],[-61.9033,-34.9521],[-61.9843,-34.8852]]]}},{"type":"Feature","properties":{"name":"Loreto","province":"Santiago del Estero"},"geometry":{"type":"Polygon","coordinates":[[[-64.5136,-29.0344],[-64.2661,-29.0373],[-64.194,-28.7596],[-64.2344,-28.6824],[-64.217,-28.6051],[-64.1608,-28.6034],[-64.1553,-28.5775],[-64.0435,-28.5938],[-64.0197,-28.4881],[-63.8518,-28.388],[-63.8759,-28.3765],[-63.9022,-28.3929],[-63.9271,-28.3675],[-63.9482,-28.3814],[-63.969,-28.3434],[-64.0306,-28.3355],[-64.0171,-28.3077],[-64.0494,-28.3301],[-64.082,-28.2782],[-64.0826,-28.2489],[-64.1781,-28.2826],[-64.1886,-28.3063],[-64.2631,-28.3408],[-64.4907,-28.3713],[-64.4486,-28.3835],[-64.4535,-28.4043],[-64.5576,-28.3858],[-64.5749,-28.4223],[-64.5896,-28.4198],[-64.6005,-28.4676],[-64.5459,-28.4776],[-64.5542,-28.5162],[-64.5125,-28.5243],[-64.5235,-28.5719],[-64.5493,-28.5673],[-64.5668,-28.6728],[-64.5347,-28.6785],[-64.5426,-28.7119],[-64.5133,-28.7171],[-64.5235,-28.7641],[-64.4938,-28.7693],[-64.4979,-28.7876],[-64.523,-28.7832],[-64.559,-29.0158],[-64.5118,-29.0241],[-64.5136,-29.0344]]]}},{"type":"Feature","properties":{"name":"Berisso","province":"Buenos Aires"},"geometry":{"type":"Polygon","coordinates":[[[-57.7081,-34.9304],[-57.7718,-34.9026],[-57.8737,-34.8262],[-57.932,-34.9035],[-57.8961,-34.9304],[-57.7527,-34.9707],[-57.7081,-34.9304]]]}},{"type":"Feature","properties":{"name":"Pilar","province":"Buenos Aires"},"geometry":{"type":"Polygon","coordinates":[[[-58.7847,-34.4761],[-58.7374,-34.4565],[-58.7782,-34.404],[-58.817,-34.4154],[-58.9034,-34.3086],[-58.917,-34.3258],[-58.9188,-34.4139],[-58.9802,-34.3506],[-58.9931,-34.3791],[-59.0565,-34.427],[-58.9619,-34.5337],[-58.9285,-34.5162],[-58.8851,-34.577],[-58.8466,-34.5478],[-58.8111,-34.486],[-58.8218,-34.4519],[-58.7847,-34.4761]]]}},{"type":"Feature","properties":{"name":"Chapaleufú","province":"La Pampa"},"geometry":{"type":"Polygon","coordinates":[[[-63.3843,-35.4555],[-63.3843,-35.0001],[-63.9349,-35.0001],[-63.9385,-35.4522],[-63.3843,-35.4555]]]}},{"type":"Feature","properties":{"name":"Unión","province":"Córdoba"},"geometry":{"type":"Polygon","coordinates":[[[-62.8386,-32.0113],[-62.8781,-32.1572],[-62.8615,-32.1606],[-62.9274,-32.3915],[-63.0174,-32.3703],[-63.0204,-32.382],[-63.0532,-32.3764],[-63.0683,-32.3938],[-63.0578,-32.3942],[-63.0659,-32.4267],[-63.0924,-32.4179],[-63.0977,-32.4383],[-63.1265,-32.4223],[-63.1634,-32.4723],[-63.1466,-32.5061],[-63.081,-32.5259],[-63.1011,-32.548],[-63.1181,-32.6161],[-63.0588,-32.6328],[-63.1033,-32.811],[-63.0548,-32.8197],[-63.0559,-32.857],[-63.0906,-32.8502],[-63.1098,-32.9232],[-63.1318,-32.9191],[-63.2153,-33.192],[-63.2043,-33.1943],[-63.2184,-33.247],[-63.0817,-33.2728],[-63.2247,-33.8153],[-62.8052,-33.896],[-62.7767,-33.7793],[-62.7534,-33.7835],[-62.6457,-33.3585],[-62.6033,-33.3014],[-62.6884,-33.2857],[-62.5749,-33.2115],[-62.5208,-33.1275],[-62.6252,-33.108],[-62.5306,-33.0434],[-62.5078,-32.9528],[-62.5429,-32.9467],[-62.5159,-32.837],[-62.4511,-32.8483],[-62.4802,-32.7798],[-62.4625,-32.694],[-62.4905,-32.697],[-62.4863,-32.6791],[-62.4563,-32.6847],[-62.3905,-32.4381],[-62.3545,-32.4446],[-62.3453,-32.4066],[-62.2637,-32.4187],[-62.2451,-32.3286],[-62.2991,-32.3196],[-62.2947,-32.3013],[-62.3759,-32.2875],[-62.3394,-32.1368],[-62.3065,-32.1421],[-62.2825,-32.0465],[-62.3246,-32.039],[-62.3163,-32.0044],[-62.5208,-31.9672],[-62.529,-31.9989],[-62.6194,-31.9833],[-62.6356,-32.0472],[-62.8386,-32.0113]]]}},{"type":"Feature","properties":{"name":"Campana","province":"Buenos Aires"},"geometry":{"type":"Polygon","coordinates":[[[-58.7637,-33.9453],[-58.9662,-33.9606],[-59.0096,-34.0989],[-58.9732,-34.1286],[-59.1022,-34.1976],[-59.1056,-34.2139],[-59.0579,-34.241],[-58.9199,-34.3807],[-58.9078,-34.3599],[-58.917,-34.3258],[-58.8808,-34.2979],[-58.878,-34.2748],[-58.8583,-34.2621],[-58.7759,-34.2853],[-58.7986,-34.2313],[-58.7114,-34.2484],[-58.6938,-34.1944],[-58.6916,-34.1724],[-58.7463,-34.1657],[-58.8049,-34.0827],[-58.6751,-34.0256],[-58.7637,-33.9453]]]}},{"type":"Feature","properties":{"name":"General Villegas","province":"Buenos Aires"},"geometry":{"type":"Polygon","coordinates":[[[-62.2682,-34.3836],[-63.3833,-34.3833],[-63.3843,-35.369],[-63.3293,-35.3231],[-63.3468,-35.3],[-63.3097,-35.2678],[-63.2852,-35.2884],[-63.2111,-35.2288],[-63.2358,-35.2083],[-63.1385,-35.1283],[-63.0898,-35.1686],[-63.1152,-35.1889],[-62.9648,-35.3119],[-62.7077,-35.1014],[-62.6769,-35.1266],[-62.6572,-35.1109],[-62.6883,-35.0853],[-62.6101,-35.0224],[-62.6415,-34.997],[-62.6058,-34.9965],[-62.6212,-34.6322],[-62.5938,-34.6501],[-62.5838,-34.6107],[-62.3476,-34.6538],[-62.2682,-34.3836]]]}},{"type":"Feature","properties":{"name":"Trenel","province":"La Pampa"},"geometry":{"type":"Polygon","coordinates":[[[-64.4932,-35.8107],[-63.9398,-35.814],[-63.9374,-35.4522],[-64.4877,-35.4499],[-64.4932,-35.8107]]]}},{"type":"Feature","properties":{"name":"General Belgrano","province":"Buenos Aires"},"geometry":{"type":"Polygon","coordinates":[[[-58.4364,-35.7325],[-58.4425,-35.7017],[-58.4661,-35.685],[-58.5018,-35.7534],[-58.5258,-35.7224],[-58.5409,-35.7462],[-58.6281,-35.7513],[-58.6605,-35.7422],[-58.6612,-35.7251],[-58.7163,-35.7219],[-58.7601,-35.7568],[-58.7889,-35.6997],[-58.8434,-35.6812],[-58.8395,-35.6562],[-58.8763,-35.6407],[-58.8818,-35.5931],[-58.8983,-35.5909],[-58.9284,-35.6217],[-58.9578,-35.6169],[-58.9772,-35.5883],[-59.0194,-35.6017],[-59.0303,-35.5913],[-59.0375,-35.6129],[-59.0807,-35.6072],[-59.1495,-35.6353],[-59.142,-35.6625],[-59.0955,-35.6963],[-59.1037,-35.7031],[-58.9886,-35.8055],[-58.9745,-35.8168],[-58.9576,-35.803],[-58.9009,-35.8478],[-58.8919,-35.8404],[-58.7303,-35.9675],[-58.7503,-35.9844],[-58.5722,-36.1207],[-58.2833,-35.86],[-58.337,-35.8626],[-58.3429,-35.8436],[-58.4134,-35.8158],[-58.4166,-35.7913],[-58.4541,-35.7686],[-58.4523,-35.7409],[-58.4364,-35.7325]]]}},{"type":"Feature","properties":{"name":"25 de Mayo","province":"Río Negro"},"geometry":{"type":"Polygon","coordinates":[[[-69.3895,-42.0001],[-68.0857,-42.0001],[-68.0085,-40.1582],[-68.2315,-40.0731],[-68.5948,-40.1326],[-68.7863,-40.4284],[-69.3867,-40.4688],[-69.8079,-40.6651],[-69.8885,-40.848],[-70.1795,-41.0263],[-69.9533,-41.1351],[-70.2697,-41.4153],[-69.7553,-41.5052],[-69.3895,-42.0001]]]}},{"type":"Feature","properties":{"name":"El Alto","province":"Catamarca"},"geometry":{"type":"Polygon","coordinates":[[[-65.1047,-28.3226],[-65.1769,-28.3325],[-65.1778,-28.3087],[-65.2028,-28.2969],[-65.1952,-28.2814],[-65.2474,-28.2862],[-65.3088,-28.2059],[-65.3297,-28.221],[-65.3357,-28.1985],[-65.3627,-28.2158],[-65.4014,-28.2061],[-65.3911,-28.1684],[-65.4256,-28.19],[-65.4701,-28.1867],[-65.5067,-28.2395],[-65.5729,-28.2315],[-65.5504,-28.3703],[-65.5572,-28.4177],[-65.619,-28.5454],[-65.61,-28.596],[-65.4551,-28.6352],[-65.4549,-28.6583],[-65.4265,-28.6666],[-65.3897,-28.6303],[-65.3578,-28.6256],[-65.3442,-28.5921],[-65.3186,-28.5872],[-65.2909,-28.5883],[-65.2859,-28.6021],[-65.2122,-28.5969],[-65.1994,-28.6187],[-65.1846,-28.6006],[-65.1256,-28.6115],[-65.0969,-28.471],[-65.1047,-28.3226]]]}},{"type":"Feature","properties":{"name":"Itatí","province":"Corrientes"},"geometry":{"type":"MultiPolygon","coordinates":[[[[-57.7934,-27.3415],[-57.8272,-27.3275],[-57.8589,-27.281],[-57.897,-27.267],[-57.9323,-27.2641],[-57.971,-27.275],[-58.0341,-27.2593],[-58.1913,-27.2808],[-58.2467,-27.2615],[-58.3607,-27.2834],[-58.3037,-27.3623],[-58.3249,-27.36],[-58.3374,-27.4134],[-58.3555,-27.3979],[-58.4549,-27.402],[-58.4559,-27.417],[-58.4909,-27.4296],[-58.4895,-27.4748],[-58.5482,-27.4873],[-58.5823,-27.5169],[-58.6463,-27.5176],[-58.6739,-27.6118],[-58.6454,-27.6035],[-58.6058,-27.6302],[-58.601,-27.7185],[-58.5441,-27.7045],[-58.5471,-27.7211],[-58.4975,-27.7282],[-58.5,-27.7586],[-58.4675,-27.7565],[-58.4665,-27.7806],[-58.3859,-27.7849],[-58.3967,-27.8584],[-58.3283,-27.8529],[-58.3166,-27.8662],[-58.3256,-27.9003],[-58.2931,-27.954],[-58.1947,-27.9012],[-58.1636,-27.9015],[-58.1479,-27.8571],[-58.1685,-27.8296],[-58.2428,-27.8376],[-58.3041,-27.7953],[-58.1455,-27.6971],[-57.9941,-27.6484],[-57.9434,-27.6162],[-57.9288,-27.5794],[-57.8925,-27.5634],[-57.8343,-27.4985],[-57.8311,-27.4856],[-57.876,-27.4396],[-57.8691,-27.4283],[-57.8191,-27.3998],[-57.7533,-27.4082],[-57.7424,-27.3556],[-57.7881,-27.3626],[-57.7934,-27.3415]],[[-57.9033,-27.2738],[-57.8806,-27.2809],[-57.8624,-27.2944],[-57.8982,-27.2775],[-57.9129,-27.2766],[-57.9033,-27.2738]],[[-57.8959,-27.2881],[-57.9184,-27.2825],[-57.8956,-27.2795],[-57.8959,-27.2881]],[[-57.9449,-27.2862],[-57.9462,-27.2728],[-57.9239,-27.2752],[-57.9449,-27.2862]],[[-57.9423,-27.2689],[-57.9301,-27.2653],[-57.9215,-27.267],[-57.9267,-27.2688],[-57.9423,-27.2689]],[[-57.9177,-27.2762],[-57.9179,-27.2743],[-57.9135,-27.2739],[-57.9177,-27.2762]]],[[[-57.8259,-27.3026],[-57.8195,-27.3187],[-57.7689,-27.3211],[-57.7752,-27.315],[-57.8259,-27.3026]]],[[[-57.7415,-27.3233],[-57.7871,-27.3256],[-57.7914,-27.324],[-57.7941,-27.3257],[-57.7981,-27.325],[-57.7828,-27.3278],[-57.7521,-27.3279],[-57.7415,-27.3233]]],[[[-58.2153,-27.2586],[-58.2113,-27.2632],[-58.1705,-27.2692],[-58.1831,-27.2614],[-58.1837,-27.2629],[-58.1848,-27.2633],[-58.1879,-27.2631],[-58.1908,-27.2625],[-58.1967,-27.2591],[-58.2153,-27.2586]]],[[[-58.3036,-27.2625],[-58.3216,-27.2626],[-58.3356,-27.2734],[-58.3178,-27.2725],[-58.3036,-27.2625]]],[[[-58.1386,-27.2655],[-58.1564,-27.2559],[-58.178,-27.2593],[-58.1386,-27.2655]]],[[[-58.2247,-27.2549],[-58.2147,-27.2584],[-58.1968,-27.2589],[-58.1838,-27.2618],[-58.1894,-27.2577],[-58.2247,-27.2549]]],[[[-57.8215,-27.3183],[-57.827,-27.3091],[-57.8388,-27.2978],[-57.8373,-27.3073],[-57.8215,-27.3183]]],[[[-58.3013,-27.2716],[-58.3004,-27.2658],[-58.3121,-27.2717],[-58.3013,-27.2716]]],[[[-57.7841,-27.3225],[-57.8185,-27.3201],[-57.7946,-27.3253],[-57.7922,-27.3241],[-57.7903,-27.3237],[-57.787,-27.3253],[-57.7841,-27.3225]]],[[[-58.3377,-27.2738],[-58.3414,-27.2694],[-58.3456,-27.2748],[-58.3377,-27.2738]]],[[[-58.224,-27.2621],[-58.2441,-27.254],[-58.2395,-27.261],[-58.224,-27.2621]]],[[[-58.0937,-27.2663],[-58.0905,-27.2599],[-58.1,-27.2663],[-58.0937,-27.2663]]],[[[-57.8063,-27.3255],[-57.8205,-27.3246],[-57.8026,-27.3279],[-57.8063,-27.3255]]],[[[-57.784,-27.3304],[-57.7868,-27.3286],[-57.7691,-27.3302],[-57.784,-27.3304]]],[[[-58.1877,-27.2699],[-58.2007,-27.2689],[-58.1845,-27.2725],[-58.1877,-27.2699]]],[[[-58.3297,-27.2637],[-58.3241,-27.2614],[-58.3352,-27.264],[-58.3297,-27.2637]]],[[[-58.2934,-27.2563],[-58.2995,-27.2556],[-58.2864,-27.2566],[-58.2934,-27.2563]]],[[[-58.1687,-27.274],[-58.165,-27.2714],[-58.1698,-27.2698],[-58.1687,-27.274]]],[[[-58.3613,-27.2747],[-58.3511,-27.274],[-58.3491,-27.2718],[-58.3613,-27.2747]]],[[[-58.1941,-27.2794],[-58.1978,-27.276],[-58.1998,-27.2771],[-58.1941,-27.2794]]],[[[-58.2629,-27.2597],[-58.2677,-27.2613],[-58.2638,-27.2612],[-58.2629,-27.2597]]]]}},{"type":"Feature","properties":{"name":"Pehuajó","province":"Buenos Aires"},"geometry":{"type":"Polygon","coordinates":[[[-61.7233,-35.5373],[-61.7835,-35.5857],[-61.9063,-35.4857],[-61.9872,-35.5519],[-62.0496,-35.5014],[-62.1297,-35.5649],[-62.0979,-35.5913],[-62.4312,-35.8587],[-62.081,-36.1516],[-62.2051,-36.2491],[-62.1783,-36.2719],[-62.1447,-36.2455],[-62.0479,-36.3263],[-62.0149,-36.3006],[-61.9744,-36.3336],[-61.9215,-36.2886],[-61.9453,-36.269],[-61.772,-36.1385],[-61.742,-36.1623],[-61.6162,-36.0917],[-61.5966,-36.1072],[-61.4913,-36.0193],[-61.4501,-36.0517],[-61.4351,-36.039],[-61.5594,-35.9403],[-61.5431,-35.9289],[-61.6351,-35.8526],[-61.5014,-35.7454],[-61.6002,-35.6645],[-61.5734,-35.6428],[-61.7233,-35.5373]]]}},{"type":"Feature","properties":{"name":"Capital","province":"Santiago del Estero"},"geometry":{"type":"Polygon","coordinates":[[[-64.621,-28.1659],[-64.4515,-28.196],[-64.4349,-28.1161],[-64.4019,-28.1218],[-64.4144,-28.0625],[-64.2453,-28.0935],[-64.2218,-27.9908],[-64.1036,-27.9653],[-64.1138,-27.9432],[-64.1537,-27.9319],[-64.1421,-27.9185],[-64.1948,-27.8205],[-64.3073,-27.736],[-64.3201,-27.6876],[-64.3487,-27.6733],[-64.3682,-27.6374],[-64.3955,-27.632],[-64.4062,-27.6076],[-64.4382,-27.6043],[-64.5229,-27.7059],[-64.5333,-27.6662],[-64.7034,-27.6521],[-64.7094,-27.8258],[-64.6525,-27.836],[-64.6598,-27.8879],[-64.5579,-27.8924],[-64.5664,-27.9324],[-64.5459,-27.9361],[-64.5824,-28.0923],[-64.6043,-28.0886],[-64.621,-28.1659]]]}},{"type":"Feature","properties":{"name":"Picunches","province":"Neuquén"},"geometry":{"type":"Polygon","coordinates":[[[-70.6128,-39.1218],[-70.1401,-38.7828],[-70.0605,-38.7758],[-70.0006,-38.71],[-69.9452,-38.6853],[-69.9023,-38.6407],[-69.7781,-38.6046],[-69.7489,-38.5244],[-69.6614,-38.5091],[-69.6175,-38.4781],[-69.5584,-38.4691],[-69.5435,-38.4808],[-69.5436,-38.4682],[-69.5742,-38.4372],[-69.6424,-38.4211],[-69.6713,-38.3944],[-69.6696,-38.3781],[-69.7045,-38.372],[-69.7349,-38.3378],[-69.8838,-38.3062],[-69.9018,-38.3218],[-70.5893,-38.3121],[-70.6136,-38.2671],[-70.6474,-38.269],[-70.7681,-38.3294],[-70.8178,-38.3235],[-70.8444,-38.2959],[-70.9275,-38.2609],[-71.0173,-38.1132],[-71.0342,-38.117],[-71.0429,-38.1232],[-70.9967,-38.171],[-70.997,-38.2023],[-71.0208,-38.2134],[-71.0179,-38.2387],[-71.0317,-38.2497],[-71.009,-38.2617],[-70.9976,-38.292],[-70.984,-38.4307],[-70.9107,-38.5038],[-70.8667,-38.5136],[-70.8346,-38.5536],[-70.8339,-38.6088],[-70.9045,-38.6669],[-70.8846,-38.698],[-70.8905,-38.7207],[-70.8178,-38.7434],[-70.7819,-38.7324],[-70.7673,-38.7729],[-70.7407,-38.7899],[-70.698,-38.7887],[-70.7,-38.8086],[-70.6502,-38.8496],[-70.6603,-38.9231],[-70.6028,-38.9916],[-70.6274,-39.0089],[-70.6103,-39.0377],[-70.6263,-39.068],[-70.6128,-39.1218]]]}},{"type":"Feature","properties":{"name":"General Manuel Belgrano","province":"Misiones"},"geometry":{"type":"Polygon","coordinates":[[[-54.1793,-26.3304],[-53.7522,-26.3257],[-53.7776,-26.3807],[-53.7308,-26.4609],[-53.699,-26.4631],[-53.7042,-26.4419],[-53.6873,-26.4308],[-53.71,-26.3876],[-53.6424,-26.2842],[-53.6374,-26.2497],[-53.6535,-26.2351],[-53.6411,-26.2155],[-53.6503,-26.1947],[-53.7104,-26.1305],[-53.7443,-26.1162],[-53.7328,-26.0472],[-53.7716,-26.0315],[-53.8029,-25.9846],[-53.8179,-25.99],[-53.8368,-25.9701],[-53.8429,-25.9337],[-53.8338,-25.9206],[-53.8206,-25.9276],[-53.8188,-25.9126],[-53.8352,-25.9118],[-53.8196,-25.8984],[-53.8499,-25.8838],[-53.8234,-25.8721],[-53.8501,-25.8396],[-53.8384,-25.8159],[-53.8196,-25.8162],[-53.8221,-25.7933],[-53.8433,-25.7907],[-53.831,-25.7807],[-53.8571,-25.7661],[-53.8341,-25.7513],[-53.8663,-25.7442],[-53.859,-25.7233],[-53.8793,-25.7078],[-53.8656,-25.7054],[-53.8723,-25.6934],[-53.8515,-25.7062],[-53.8425,-25.6873],[-53.8624,-25.6587],[-53.89,-25.6613],[-53.8764,-25.6451],[-53.895,-25.6432],[-53.8926,-25.6223],[-53.9122,-25.6363],[-53.9166,-25.6162],[-53.9478,-25.6115],[-53.9477,-25.6402],[-53.9623,-25.6435],[-53.9701,-25.601],[-54.0164,-25.5637],[-54.0491,-25.5854],[-54.0811,-25.5582],[-54.102,-25.6171],[-54.1237,-25.567],[-54.094,-25.5148],[-54.1043,-25.4944],[-54.1722,-25.5419],[-54.1764,-25.8454],[-54.2005,-26.0973],[-54.1487,-26.1161],[-54.1484,-26.1383],[-54.1687,-26.2618],[-54.1801,-26.2618],[-54.1793,-26.3304]]]}},{"type":"Feature","properties":{"name":"Ayacucho","province":"Buenos Aires"},"geometry":{"type":"Polygon","coordinates":[[[-58.2126,-36.6153],[-58.4376,-36.452],[-58.7208,-36.7002],[-58.6665,-36.7426],[-58.7199,-36.7527],[-58.7903,-36.7894],[-58.8358,-36.8364],[-58.8655,-36.8381],[-58.8722,-36.8607],[-58.91,-36.8755],[-58.9366,-36.9362],[-59.0219,-36.9612],[-59.0403,-37.025],[-59.0898,-37.0626],[-58.6114,-37.4105],[-58.5775,-37.3835],[-58.4268,-37.5007],[-58.3546,-37.4394],[-58.2824,-37.4921],[-58.1636,-37.3882],[-58.0956,-37.437],[-57.7696,-37.1361],[-57.9443,-37.0076],[-58.0203,-37.0768],[-58.2863,-36.8809],[-58.1144,-36.728],[-58.2262,-36.6279],[-58.2126,-36.6153]]]}},{"type":"Feature","properties":{"name":"25 de Mayo","province":"Misiones"},"geometry":{"type":"Polygon","coordinates":[[[-54.3568,-27.233],[-54.5862,-27.2723],[-54.5974,-27.2621],[-54.5868,-27.2512],[-54.605,-27.2365],[-54.5921,-27.2168],[-54.6261,-27.2032],[-54.6035,-27.1748],[-54.6129,-27.1622],[-54.7174,-27.1634],[-54.7021,-27.2105],[-54.8348,-27.2421],[-54.8186,-27.2625],[-54.833,-27.2747],[-54.8198,-27.2898],[-54.8294,-27.309],[-54.8132,-27.3213],[-54.8198,-27.3535],[-54.8354,-27.3533],[-54.8235,-27.3774],[-54.9229,-27.3494],[-54.9085,-27.384],[-54.9241,-27.404],[-54.9121,-27.426],[-54.9299,-27.4455],[-54.902,-27.4692],[-54.9101,-27.4848],[-54.8665,-27.5032],[-54.8626,-27.5478],[-54.8802,-27.5528],[-54.8522,-27.5638],[-54.8685,-27.5786],[-54.8674,-27.6079],[-54.8389,-27.6012],[-54.8094,-27.5309],[-54.7745,-27.5851],[-54.743,-27.5623],[-54.6758,-27.5729],[-54.6779,-27.5103],[-54.6587,-27.5109],[-54.6422,-27.5445],[-54.6223,-27.542],[-54.5853,-27.4551],[-54.5589,-27.465],[-54.533,-27.5062],[-54.5043,-27.4818],[-54.4493,-27.4761],[-54.4436,-27.4595],[-54.4707,-27.4297],[-54.4153,-27.4072],[-54.3419,-27.4657],[-54.34,-27.4038],[-54.2997,-27.4063],[-54.32,-27.3888],[-54.2928,-27.3782],[-54.3218,-27.3742],[-54.3009,-27.3601],[-54.3207,-27.349],[-54.3288,-27.29],[-54.3671,-27.2522],[-54.3568,-27.233]]]}},{"type":"Feature","properties":{"name":"Banda","province":"Santiago del Estero"},"geometry":{"type":"Polygon","coordinates":[[[-64.4658,-27.5863],[-64.4062,-27.6076],[-64.3955,-27.632],[-64.3682,-27.6374],[-64.3487,-27.6733],[-64.3201,-27.6876],[-64.3073,-27.736],[-64.2747,-27.7505],[-64.2269,-27.8074],[-64.2076,-27.8118],[-64.0854,-27.7399],[-64.0857,-27.755],[-63.9339,-27.7364],[-63.9342,-27.6975],[-63.8799,-27.6646],[-63.88,-27.6448],[-63.916,-27.6555],[-63.9887,-27.5587],[-63.9602,-27.5176],[-63.9956,-27.5178],[-63.9645,-27.3962],[-64.0038,-27.3895],[-63.9809,-27.2473],[-63.9268,-27.2377],[-63.9266,-27.1925],[-63.9757,-27.1915],[-63.977,-27.1702],[-63.9761,-27.1445],[-63.9403,-27.1449],[-63.9398,-27.0306],[-64.021,-27.03],[-64.0205,-27.061],[-64.0848,-27.0619],[-64.0855,-27.1429],[-64.1134,-27.1427],[-64.113,-27.1091],[-64.1767,-27.1086],[-64.178,-27.1986],[-64.3238,-27.1757],[-64.3279,-27.1964],[-64.4452,-27.1748],[-64.4568,-27.2245],[-64.4405,-27.2646],[-64.4688,-27.2603],[-64.4875,-27.3528],[-64.5581,-27.3095],[-64.6166,-27.4441],[-64.5588,-27.4954],[-64.513,-27.4952],[-64.4639,-27.5496],[-64.4658,-27.5863]]]}},{"type":"Feature","properties":{"name":"Lacar","province":"Neuquén"},"geometry":{"type":"Polygon","coordinates":[[[-70.8649,-40.597],[-70.7336,-40.5809],[-70.6539,-40.5913],[-70.6214,-40.5515],[-70.5322,-40.5045],[-70.6079,-40.4956],[-70.651,-40.4544],[-70.6765,-40.3983],[-70.6644,-40.3756],[-70.6932,-40.3578],[-70.6574,-40.3069],[-70.6726,-40.2751],[-70.6388,-40.2378],[-70.7372,-40.1449],[-70.7532,-40.1038],[-70.7819,-40.097],[-70.8029,-40.068],[-70.8769,-40.0661],[-70.9712,-40.1071],[-71.0701,-40.0568],[-71.1321,-40.067],[-71.1788,-40.0977],[-71.2403,-40.0995],[-71.3294,-40.0655],[-71.377,-40.0241],[-71.5207,-40.0387],[-71.5903,-40.028],[-71.6131,-40.0406],[-71.6747,-40.0241],[-71.6894,-40.0359],[-71.6667,-40.089],[-71.6905,-40.1152],[-71.8124,-40.0808],[-71.827,-40.0899],[-71.8309,-40.1076],[-71.8029,-40.1104],[-71.7984,-40.1372],[-71.8288,-40.1721],[-71.7998,-40.1859],[-71.8293,-40.2075],[-71.8245,-40.2317],[-71.7618,-40.2766],[-71.7474,-40.3071],[-71.7168,-40.279],[-71.685,-40.294],[-71.6737,-40.3437],[-71.6561,-40.3497],[-71.6568,-40.3638],[-71.6931,-40.3737],[-71.6882,-40.3935],[-71.7087,-40.4225],[-71.696,-40.4334],[-71.6553,-40.4505],[-71.6145,-40.445],[-71.6058,-40.462],[-71.5747,-40.4524],[-71.5166,-40.5058],[-71.4491,-40.5368],[-71.4239,-40.5274],[-71.3562,-40.5403],[-71.2763,-40.5949],[-71.1956,-40.5823],[-71.1526,-40.5992],[-70.8649,-40.597]]]}},{"type":"Feature","properties":{"name":"Cruz del Eje","province":"Córdoba"},"geometry":{"type":"Polygon","coordinates":[[[-65.423,-30.1196],[-65.5208,-30.4845],[-65.5981,-30.6569],[-65.3735,-30.6932],[-65.347,-30.7378],[-65.3482,-30.8463],[-65.335,-30.8825],[-65.1581,-30.8743],[-65.1523,-30.9468],[-65.1094,-31.0021],[-65.1195,-31.0212],[-65.103,-31.0775],[-65.0684,-31.0702],[-65.0189,-31.1057],[-64.9402,-31.167],[-64.8956,-31.2342],[-64.8827,-31.2769],[-64.929,-31.2743],[-64.911,-31.2823],[-64.9229,-31.4118],[-64.8316,-31.409],[-64.7635,-31.4247],[-64.7324,-31.3147],[-64.7005,-31.2776],[-64.7112,-31.2619],[-64.6963,-31.224],[-64.7041,-31.1788],[-64.6775,-31.1373],[-64.6774,-31.0715],[-64.6427,-31.0452],[-64.648,-31.0104],[-64.6874,-31.0178],[-64.6761,-30.9719],[-64.6999,-30.9494],[-64.6746,-30.9436],[-64.6745,-30.9219],[-64.6482,-30.9222],[-64.6447,-30.8562],[-64.671,-30.8288],[-64.6197,-30.7712],[-64.6243,-30.6901],[-64.7147,-30.6899],[-64.7149,-30.6341],[-64.8753,-30.6342],[-65.0335,-30.4751],[-65.0653,-30.4187],[-65.0019,-30.4185],[-64.986,-29.8911],[-65.1583,-30.0473],[-65.423,-30.1196]]]}},{"type":"Feature","properties":{"name":"Apostoles","province":"Misiones"},"geometry":{"type":"Polygon","coordinates":[[[-55.6202,-28.1375],[-55.5553,-28.0687],[-55.5488,-28.0215],[-55.5726,-27.9375],[-55.6248,-27.9365],[-55.5209,-27.7571],[-55.4955,-27.7599],[-55.4879,-27.7031],[-55.6144,-27.6924],[-55.6162,-27.7084],[-55.6573,-27.7062],[-55.662,-27.7432],[-55.6924,-27.7409],[-55.7218,-27.7111],[-55.7448,-27.7169],[-55.7668,-27.6953],[-55.769,-27.7269],[-55.8528,-27.757],[-55.8259,-27.7918],[-55.8467,-27.8314],[-55.8281,-27.8542],[-55.8322,-27.904],[-55.8144,-27.9195],[-55.8248,-27.9482],[-55.7492,-28.0276],[-55.7582,-28.0609],[-55.7161,-28.0624],[-55.7114,-28.0885],[-55.6202,-28.1375]]]}},{"type":"Feature","properties":{"name":"Sobremonte","province":"Córdoba"},"geometry":{"type":"Polygon","coordinates":[[[-64.4892,-29.5229],[-64.4922,-29.8208],[-64.4052,-29.8276],[-64.4101,-29.9301],[-64.2107,-29.9781],[-64.1736,-30.063],[-63.9503,-30.0832],[-63.9364,-30.0642],[-63.9445,-30.0273],[-63.886,-29.953],[-63.8857,-29.9087],[-63.835,-29.8769],[-63.806,-29.794],[-63.7913,-29.795],[-63.7654,-29.7061],[-63.7922,-29.7043],[-63.7915,-29.6625],[-63.7792,-29.6393],[-63.7485,-29.6521],[-63.7349,-29.6392],[-63.7637,-29.6171],[-63.8164,-29.6147],[-63.785,-29.5989],[-63.784,-29.584],[-63.8417,-29.5818],[-63.8696,-29.6239],[-63.9586,-29.6213],[-63.977,-29.5554],[-64.3423,-29.5004],[-64.4892,-29.5229]]]}},{"type":"Feature","properties":{"name":"General San Martín","province":"La Rioja"},"geometry":{"type":"Polygon","coordinates":[[[-66.2653,-31.2032],[-66.3411,-31.2581],[-66.3568,-31.4312],[-66.2931,-31.5366],[-66.2847,-31.6256],[-66.2608,-31.6855],[-66.3112,-31.8269],[-66.5053,-31.7671],[-66.8253,-31.7613],[-66.8043,-31.8088],[-66.6618,-31.9205],[-66.6045,-31.9234],[-66.5666,-31.9504],[-66.3684,-31.9973],[-66.3498,-31.9977],[-66.3324,-31.9382],[-66.2996,-31.9311],[-66.1602,-31.9635],[-66.1611,-31.9385],[-66.1443,-31.937],[-66.0795,-31.9713],[-66.0692,-31.9365],[-65.979,-31.8892],[-65.8877,-31.9102],[-65.7701,-31.8886],[-65.7713,-31.3682],[-66.2653,-31.2032]]]}},{"type":"Feature","properties":{"name":"Belén","province":"Catamarca"},"geometry":{"type":"Polygon","coordinates":[[[-66.4494,-26.373],[-66.54,-26.3522],[-66.5595,-26.2886],[-66.5504,-26.2805],[-66.5272,-26.2822],[-66.5087,-26.2719],[-66.5662,-26.2515],[-66.5789,-26.1703],[-66.6605,-26.1071],[-66.6609,-26.0767],[-66.6981,-26.0822],[-66.7788,-26.0481],[-66.8438,-25.9719],[-66.8527,-25.917],[-66.921,-25.943],[-66.906,-25.9911],[-66.8729,-26.0012],[-66.8215,-26.0748],[-66.8378,-26.1086],[-66.9068,-26.1154],[-66.922,-26.0981],[-66.9643,-26.1342],[-67.0012,-26.2285],[-67.0098,-26.3057],[-67.035,-26.3285],[-67.0316,-26.3912],[-67.059,-26.3918],[-67.0435,-26.4158],[-67.0462,-26.5054],[-67.0877,-26.6096],[-67.1158,-26.6044],[-67.1373,-26.6254],[-67.1515,-26.6166],[-67.1809,-26.665],[-67.2842,-26.6965],[-67.2251,-26.7372],[-67.1473,-26.8362],[-67.1764,-26.8782],[-67.2009,-26.8842],[-67.2038,-26.9194],[-67.2289,-26.9192],[-67.2491,-26.9428],[-67.2933,-27.0812],[-67.2628,-27.1646],[-67.2733,-27.1713],[-67.265,-27.2283],[-67.2798,-27.2321],[-67.272,-27.2591],[-67.2921,-27.3046],[-67.256,-27.3475],[-67.3071,-27.374],[-67.2828,-27.3966],[-67.301,-27.3998],[-67.2996,-27.4257],[-67.2375,-27.4655],[-67.3159,-27.5753],[-67.3586,-27.6843],[-67.3372,-27.6846],[-67.292,-27.7325],[-67.3613,-27.8274],[-67.3521,-27.9197],[-67.3261,-27.9118],[-67.352,-28.0201],[-67.3249,-28.054],[-67.3018,-28.039],[-67.2629,-28.0522],[-67.2295,-28.0285],[-66.7412,-28.0334],[-66.7395,-27.7878],[-66.7714,-27.7584],[-66.7113,-27.7016],[-66.7239,-27.6837],[-66.7151,-27.6705],[-66.7437,-27.6386],[-66.7023,-27.578],[-66.7358,-27.5482],[-66.6503,-27.4925],[-66.6328,-27.4344],[-66.6043,-27.406],[-66.6304,-27.3845],[-66.6151,-27.3549],[-66.6297,-27.333],[-66.6136,-27.3123],[-66.6297,-27.2978],[-66.6241,-27.279],[-66.5552,-27.2456],[-66.5374,-27.2517],[-66.6195,-27.0287],[-66.5792,-26.9776],[-66.5893,-26.9276],[-66.5766,-26.8961],[-66.6116,-26.8682],[-66.6173,-26.8438],[-66.602,-26.8312],[-66.6547,-26.7807],[-66.6702,-26.7445],[-66.6485,-26.7163],[-66.6167,-26.7257],[-66.6104,-26.6791],[-66.5845,-26.6828],[-66.5948,-26.6693],[-66.5794,-26.5804],[-66.5518,-26.5344],[-66.5115,-26.526],[-66.4776,-26.5484],[-66.4626,-26.5327],[-66.4593,-26.5168],[-66.483,-26.4949],[-66.4559,-26.4401],[-66.4494,-26.373]]]}},{"type":"Feature","properties":{"name":"Santa Catalina","province":"Jujuy"},"geometry":{"type":"Polygon","coordinates":[[[-65.809,-22.0703],[-65.9248,-21.9335],[-66.0482,-21.919],[-66.0433,-21.8719],[-66.0763,-21.835],[-66.2217,-21.7811],[-66.2427,-21.7933],[-66.2359,-21.8523],[-66.2835,-21.9836],[-66.2886,-22.087],[-66.3253,-22.0885],[-66.3316,-22.1186],[-66.3523,-22.1318],[-66.6232,-22.1974],[-66.6383,-22.2255],[-66.6862,-22.2095],[-66.7393,-22.2385],[-66.7664,-22.3577],[-66.7343,-22.3804],[-66.6816,-22.3778],[-66.5705,-22.4202],[-66.4926,-22.3764],[-66.414,-22.2464],[-66.4091,-22.2709],[-66.3498,-22.2823],[-66.3193,-22.3256],[-66.0595,-22.2584],[-66.0229,-22.2801],[-65.9861,-22.4033],[-65.9701,-22.2961],[-65.9471,-22.2459],[-65.9591,-22.194],[-65.9488,-22.1841],[-65.9244,-22.2035],[-65.8587,-22.207],[-65.8253,-22.1877],[-65.809,-22.0703]]]}},{"type":"Feature","properties":{"name":"Junín","province":"Mendoza"},"geometry":{"type":"Polygon","coordinates":[[[-68.2869,-33.1869],[-68.4478,-33.0976],[-68.4903,-33.0866],[-68.5078,-33.1068],[-68.5652,-33.0711],[-68.577,-33.084],[-68.5652,-33.028],[-68.5901,-33.0796],[-68.6188,-33.0964],[-68.6846,-33.2473],[-68.6433,-33.194],[-68.5514,-33.1527],[-68.4807,-33.1489],[-68.3786,-33.2071],[-68.2883,-33.2306],[-68.2869,-33.1869]]]}},{"type":"Feature","properties":{"name":"General Donovan","province":"Chaco"},"geometry":{"type":"Polygon","coordinates":[[[-59.6014,-27.2826],[-59.4604,-27.4119],[-59.3183,-27.284],[-59.3291,-27.2742],[-59.2868,-27.2348],[-59.2696,-27.2497],[-59.0295,-27.0288],[-59.1701,-26.9024],[-59.3023,-27.0182],[-59.3018,-26.984],[-59.3527,-26.984],[-59.3527,-27.0302],[-59.403,-27.0305],[-59.4031,-27.0143],[-59.5546,-27.0147],[-59.5551,-27.2418],[-59.6014,-27.2826]]]}},{"type":"Feature","properties":{"name":"Adolfo Alsina","province":"Buenos Aires"},"geometry":{"type":"Polygon","coordinates":[[[-62.6474,-37.1231],[-63.3841,-36.5262],[-63.3778,-37.8152],[-62.8125,-37.3739],[-62.645,-37.5218],[-62.4255,-37.3484],[-62.5383,-37.2572],[-62.5091,-37.2337],[-62.511,-37.1959],[-62.5947,-37.0959],[-62.6474,-37.1231]]]}},{"type":"Feature","properties":{"name":"Tapalqué","province":"Buenos Aires"},"geometry":{"type":"Polygon","coordinates":[[[-59.5526,-36.0071],[-59.5929,-36.0402],[-59.614,-36.0238],[-59.718,-36.1054],[-59.7965,-36.0438],[-59.8585,-36.0953],[-59.8385,-36.1113],[-59.9479,-36.2017],[-59.9663,-36.2485],[-60.0907,-36.1611],[-60.2456,-36.3029],[-60.2967,-36.2672],[-60.3593,-36.3265],[-60.5239,-36.2141],[-60.5652,-36.2355],[-60.6996,-36.1357],[-60.7284,-36.1373],[-60.811,-36.2104],[-60.7983,-36.2309],[-60.8057,-36.253],[-60.86,-36.3226],[-60.9058,-36.3416],[-60.866,-36.3721],[-60.9293,-36.4247],[-60.8757,-36.468],[-60.7632,-36.378],[-60.7305,-36.4036],[-60.6512,-36.3423],[-60.5341,-36.4116],[-60.4387,-36.498],[-60.4783,-36.5294],[-60.3219,-36.6563],[-60.2804,-36.6233],[-60.1612,-36.7184],[-60.1355,-36.6741],[-60.0578,-36.7325],[-59.9195,-36.6144],[-60.0258,-36.5298],[-59.9848,-36.4949],[-59.973,-36.5035],[-59.843,-36.372],[-59.7274,-36.2879],[-59.6341,-36.3589],[-59.3824,-36.1353],[-59.5526,-36.0071]]]}},{"type":"Feature","properties":{"name":"Balcarce","province":"Buenos Aires"},"geometry":{"type":"Polygon","coordinates":[[[-58.2557,-38.1298],[-57.7342,-37.698],[-58.1636,-37.3882],[-58.2824,-37.4921],[-58.3546,-37.4394],[-58.4268,-37.5007],[-58.5775,-37.3835],[-58.809,-37.578],[-58.5074,-37.8057],[-58.5907,-37.8778],[-58.2557,-38.1298]]]}},{"type":"Feature","properties":{"name":"San Javier","province":"Santa Fe"},"geometry":{"type":"Polygon","coordinates":[[[-60.0693,-29.3706],[-60.1002,-29.4311],[-60.1053,-29.483],[-60.0828,-29.5347],[-60.085,-29.6346],[-60.0615,-29.6567],[-60.0001,-29.6547],[-59.9986,-29.773],[-59.9706,-29.8127],[-59.9108,-29.8001],[-59.8768,-29.813],[-59.8746,-29.8331],[-59.8895,-29.8342],[-59.9265,-29.9151],[-59.9414,-29.9093],[-59.9606,-29.9361],[-59.9889,-29.9288],[-60.0207,-29.9518],[-60.0173,-29.9757],[-60.0355,-29.9882],[-60.0453,-30.0273],[-60.0994,-30.0419],[-60.0978,-30.0701],[-60.1286,-30.0871],[-60.1166,-30.1215],[-60.1595,-30.1201],[-60.1187,-30.1337],[-60.1186,-30.1486],[-60.1677,-30.2185],[-60.159,-30.2292],[-60.175,-30.2418],[-60.1604,-30.2539],[-60.1803,-30.2903],[-60.216,-30.307],[-60.1946,-30.3187],[-60.214,-30.3449],[-60.1965,-30.3634],[-60.2254,-30.374],[-60.2553,-30.423],[-60.2761,-30.4213],[-60.3326,-30.4749],[-60.3246,-30.4965],[-60.3508,-30.51],[-60.3398,-30.5687],[-60.3828,-30.6084],[-60.3454,-30.6322],[-60.3389,-30.6692],[-60.2122,-30.6886],[-60.2049,-30.6507],[-59.6362,-30.7021],[-59.6784,-30.6469],[-59.6459,-30.597],[-59.6503,-30.501],[-59.7034,-30.4426],[-59.6668,-30.3272],[-59.703,-30.3017],[-59.7108,-30.2703],[-59.6366,-30.2375],[-59.6161,-30.113],[-59.5664,-30.0043],[-59.5889,-29.9763],[-59.6047,-29.9027],[-59.6597,-29.8432],[-59.6175,-29.7758],[-59.5809,-29.4741],[-59.6618,-29.4466],[-59.6709,-29.473],[-59.7198,-29.4878],[-59.721,-29.4607],[-59.7684,-29.4425],[-59.7788,-29.4152],[-60.0693,-29.3706]]]}},{"type":"Feature","properties":{"name":"Chacabuco","province":"Buenos Aires"},"geometry":{"type":"Polygon","coordinates":[[[-60.6767,-34.5092],[-60.6474,-34.5321],[-60.7592,-34.6304],[-60.753,-34.6408],[-60.6851,-34.6568],[-60.6869,-34.7067],[-60.6581,-34.7084],[-60.6253,-34.743],[-60.5867,-34.817],[-60.54,-34.8219],[-60.5286,-34.8411],[-60.4944,-34.8386],[-60.46,-34.8622],[-60.3223,-34.7621],[-60.2398,-34.8265],[-60.1669,-34.7731],[-60.1773,-34.76],[-60.1635,-34.7482],[-60.1901,-34.727],[-60.1063,-34.6573],[-60.0635,-34.6905],[-60.0072,-34.6402],[-59.9685,-34.6914],[-59.8848,-34.619],[-59.9336,-34.5812],[-59.9092,-34.5617],[-59.9748,-34.5104],[-60.0145,-34.5465],[-60.0973,-34.4829],[-60.0832,-34.4696],[-60.1546,-34.4096],[-60.2085,-34.4566],[-60.244,-34.4286],[-60.3218,-34.4991],[-60.3759,-34.4568],[-60.4037,-34.4804],[-60.4891,-34.4156],[-60.5165,-34.4394],[-60.5595,-34.4063],[-60.6767,-34.5092]]]}},{"type":"Feature","properties":{"name":"9 de julio","province":"San Juan"},"geometry":{"type":"Polygon","coordinates":[[[-68.3751,-31.7436],[-68.3367,-31.66],[-68.3582,-31.5763],[-68.4129,-31.5314],[-68.4143,-31.5538],[-68.4315,-31.5512],[-68.4486,-31.5837],[-68.4084,-31.6712],[-68.4229,-31.7004],[-68.4167,-31.7276],[-68.3838,-31.7511],[-68.3904,-31.7881],[-68.3736,-31.7902],[-68.363,-31.7552],[-68.3751,-31.7436]]]}},{"type":"Feature","properties":{"name":"San Salvador","province":"Buenos Aires"},"geometry":{"type":"Polygon","coordinates":[[[-58.4653,-31.2608],[-58.5839,-31.2578],[-58.6358,-31.2973],[-58.6844,-31.3013],[-58.638,-31.3813],[-58.6277,-31.3676],[-58.5858,-31.3922],[-58.5659,-31.4443],[-58.5123,-31.4705],[-58.5268,-31.5023],[-58.5181,-31.5553],[-58.5591,-31.6198],[-58.5851,-31.6247],[-58.6036,-31.77],[-58.657,-31.8337],[-58.7227,-31.8239],[-58.7293,-31.8566],[-58.6984,-31.8609],[-58.7086,-31.8882],[-58.6075,-31.9024],[-58.6278,-31.883],[-58.5941,-31.8456],[-58.5648,-31.8617],[-58.5368,-31.8432],[-58.5432,-31.8223],[-58.5071,-31.7876],[-58.4603,-31.8161],[-58.3997,-31.8106],[-58.4308,-31.7414],[-58.3788,-31.7438],[-58.3734,-31.7215],[-58.2747,-31.6627],[-58.2606,-31.6004],[-58.2779,-31.5825],[-58.2802,-31.6022],[-58.297,-31.6027],[-58.2867,-31.5396],[-58.3291,-31.5444],[-58.346,-31.5065],[-58.326,-31.4864],[-58.3463,-31.4905],[-58.4494,-31.4318],[-58.4595,-31.3893],[-58.4114,-31.3516],[-58.4653,-31.2608]]]}},{"type":"Feature","properties":{"name":"Anta","province":"Salta"},"geometry":{"type":"Polygon","coordinates":[[[-64.9766,-25.1488],[-64.9144,-25.2101],[-64.8941,-25.2443],[-64.8945,-25.2852],[-64.8281,-25.3455],[-64.7047,-25.3797],[-64.6196,-25.362],[-64.5709,-25.3149],[-64.5454,-25.2563],[-64.4643,-25.2226],[-64.3974,-25.2518],[-64.3622,-25.2424],[-64.307,-25.1705],[-64.3045,-25.1461],[-64.277,-25.1466],[-64.2468,-25.1149],[-64.2306,-25.1267],[-64.1594,-25.109],[-64.1508,-25.1472],[-64.0963,-25.1722],[-64.0643,-25.2496],[-64.0581,-25.2774],[-64.0724,-25.2906],[-64.0444,-25.3338],[-64.063,-25.3612],[-64.0144,-25.4434],[-64.0294,-25.4682],[-64.0058,-25.4727],[-63.9879,-25.5166],[-63.9412,-25.5511],[-63.9592,-25.6568],[-63.949,-25.6704],[-63.4761,-25.7098],[-63.0742,-25.244],[-63.0746,-24.8556],[-63.2335,-24.8566],[-63.2341,-24.7188],[-62.9369,-24.716],[-62.9465,-24.2742],[-63.0263,-24.234],[-63.0531,-24.3922],[-63.1719,-24.3045],[-63.161,-24.2217],[-63.2037,-24.217],[-63.2321,-24.322],[-63.3032,-24.3164],[-63.2996,-24.2783],[-63.377,-24.3042],[-63.3481,-24.1531],[-63.4363,-24.1733],[-63.4333,-24.1469],[-63.6237,-24.107],[-63.6506,-24.2144],[-63.9878,-24.1431],[-64.1509,-24.1344],[-64.18,-24.2636],[-64.2233,-24.3279],[-64.2464,-24.3379],[-64.2738,-24.3933],[-64.3193,-24.4265],[-64.4207,-24.4026],[-64.4366,-24.444],[-64.4546,-24.4641],[-64.4821,-24.4663],[-64.5,-24.5064],[-64.5368,-24.508],[-64.5579,-24.5731],[-64.7036,-24.6386],[-64.728,-24.705],[-64.799,-24.7716],[-64.7956,-24.8016],[-64.8126,-24.8276],[-64.7979,-24.8396],[-64.7959,-24.898],[-64.8264,-24.9402],[-64.8154,-24.9618],[-64.8243,-24.987],[-64.8565,-25.0222],[-64.8915,-25.0031],[-64.9059,-25.0392],[-64.9009,-25.1139],[-64.9766,-25.1488]]]}},{"type":"Feature","properties":{"name":"Río Chico","province":"Tucumán"},"geometry":{"type":"Polygon","coordinates":[[[-65.9675,-27.3991],[-65.9733,-27.4204],[-65.9301,-27.4399],[-65.9268,-27.4767],[-65.8787,-27.5146],[-65.7267,-27.5415],[-65.5932,-27.5164],[-65.5451,-27.5416],[-65.5322,-27.4849],[-65.5584,-27.48],[-65.5552,-27.4161],[-65.642,-27.4136],[-65.7194,-27.3571],[-65.9005,-27.3672],[-65.9303,-27.3833],[-65.9344,-27.4032],[-65.9675,-27.3991]]]}},{"type":"Feature","properties":{"name":"La Paz","province":"Catamarca"},"geometry":{"type":"Polygon","coordinates":[[[-65.1365,-28.6469],[-65.2122,-28.5969],[-65.2715,-28.601],[-65.281,-28.639],[-65.3146,-28.6307],[-65.3108,-28.7025],[-65.3399,-28.6953],[-65.3802,-28.7969],[-65.3055,-28.8259],[-65.3668,-28.9337],[-65.3838,-29.1024],[-65.4172,-29.1446],[-65.4488,-29.1487],[-65.4775,-29.2128],[-65.5001,-29.2279],[-65.4938,-29.2639],[-65.5167,-29.3357],[-65.5057,-29.3963],[-65.5314,-29.4717],[-65.5169,-29.485],[-65.5354,-29.5157],[-65.5182,-29.6051],[-65.5898,-29.7204],[-65.423,-30.1196],[-65.1583,-30.0473],[-64.9379,-29.8475],[-64.9641,-29.5961],[-64.8246,-29.5743],[-64.8259,-29.4737],[-64.786,-29.4055],[-64.8426,-29.3337],[-64.8302,-29.2786],[-64.7812,-29.2655],[-64.8376,-29.2286],[-64.8545,-29.1974],[-64.8598,-29.035],[-64.9066,-28.9324],[-64.9011,-28.8413],[-64.9773,-28.7892],[-65.0166,-28.7378],[-65.1272,-28.7162],[-65.1365,-28.6469]]]}},{"type":"Feature","properties":{"name":"Magallanes","province":"Santa Cruz"},"geometry":{"type":"MultiPolygon","coordinates":[[[[-69.7344,-48.3221],[-69.7578,-49.3182],[-68.8268,-49.3168],[-68.8226,-49.4548],[-67.6759,-49.4419],[-67.6036,-49.2957],[-67.6132,-49.2501],[-67.6681,-49.2552],[-67.6727,-49.2985],[-67.6991,-49.3089],[-67.6854,-49.3536],[-67.7138,-49.3859],[-67.8186,-49.4055],[-67.8375,-49.3868],[-67.7721,-49.3807],[-67.795,-49.3632],[-67.7976,-49.328],[-67.7157,-49.3178],[-67.7414,-49.2753],[-67.6889,-49.2618],[-67.6676,-49.2459],[-67.6646,-49.2035],[-67.6139,-49.1852],[-67.6137,-49.1609],[-67.6329,-49.1563],[-67.6356,-49.1382],[-67.5991,-49.1035],[-67.5536,-49.0166],[-67.4131,-48.9127],[-67.2199,-48.838],[-67.1929,-48.8132],[-67.1863,-48.7727],[-67.1516,-48.7484],[-67.1254,-48.6822],[-66.9963,-48.6156],[-66.8966,-48.6014],[-66.8701,-48.5827],[-67.1719,-48.4839],[-67.5531,-48.113],[-67.5874,-48.1124],[-67.6161,-48.0917],[-68.1856,-48.4446],[-68.3354,-48.3796],[-69.3553,-48.4383],[-69.7344,-48.3221]]],[[[-67.7048,-49.2849],[-67.6925,-49.2655],[-67.7336,-49.2769],[-67.7048,-49.2849]]],[[[-67.701,-49.2989],[-67.686,-49.2826],[-67.7064,-49.2949],[-67.701,-49.2989]]],[[[-67.048,-48.7525],[-67.043,-48.751],[-67.0446,-48.7491],[-67.048,-48.7525]]],[[[-67.1406,-48.7361],[-67.1346,-48.7365],[-67.1357,-48.7345],[-67.1406,-48.7361]]],[[[-67.0579,-48.7499],[-67.0558,-48.7484],[-67.0597,-48.7484],[-67.0579,-48.7499]]]]}},{"type":"Feature","properties":{"name":"Cainguás","province":"Misiones"},"geometry":{"type":"Polygon","coordinates":[[[-54.6605,-26.9492],[-54.6554,-26.9606],[-54.6963,-26.9767],[-54.7117,-26.934],[-54.7499,-26.9437],[-54.7234,-27.0412],[-54.7462,-27.0472],[-54.7833,-27.0281],[-54.7874,-27.0087],[-54.8134,-27.0043],[-54.8164,-26.9863],[-54.8812,-26.9781],[-54.9,-27.0011],[-54.8879,-27.0017],[-54.8894,-27.0548],[-54.9496,-27.0753],[-54.9689,-27.0972],[-55.0108,-27.0536],[-55.0972,-27.053],[-55.1005,-27.1795],[-55.0732,-27.1885],[-54.9378,-27.3688],[-54.9229,-27.3494],[-54.8235,-27.3774],[-54.8354,-27.3533],[-54.8198,-27.3535],[-54.8132,-27.3213],[-54.8294,-27.309],[-54.8198,-27.2898],[-54.833,-27.2747],[-54.8186,-27.2625],[-54.8348,-27.2421],[-54.7021,-27.2105],[-54.7174,-27.1634],[-54.6129,-27.1622],[-54.6035,-27.1748],[-54.6261,-27.2032],[-54.5921,-27.2168],[-54.605,-27.2365],[-54.5868,-27.2512],[-54.5974,-27.2621],[-54.5862,-27.2723],[-54.5134,-27.258],[-54.5289,-27.2074],[-54.5071,-27.1906],[-54.5185,-27.175],[-54.4977,-27.1747],[-54.4969,-27.0858],[-54.541,-27.0854],[-54.6073,-26.9313],[-54.6605,-26.9492]]]}},{"type":"Feature","properties":{"name":"Anelo","province":"Neuquén"},"geometry":{"type":"Polygon","coordinates":[[[-68.2501,-37.7045],[-69.8857,-37.6914],[-69.8855,-37.7146],[-69.8655,-37.7225],[-69.8705,-37.7689],[-69.8522,-37.7806],[-69.8616,-37.817],[-69.8436,-37.8302],[-69.8728,-37.8259],[-69.8875,-37.8439],[-69.8517,-37.8723],[-69.8522,-37.9144],[-69.8282,-37.9289],[-69.8395,-37.9479],[-69.8165,-37.9436],[-69.7942,-37.9716],[-69.8213,-37.9925],[-69.806,-37.9991],[-69.8023,-38.0342],[-69.8243,-38.023],[-69.8398,-38.0352],[-69.8004,-38.0648],[-69.8144,-38.088],[-69.7767,-38.1052],[-69.7857,-38.1219],[-69.7645,-38.1229],[-69.7604,-38.167],[-69.7411,-38.1645],[-69.7335,-38.1802],[-69.7573,-38.1931],[-69.7385,-38.2081],[-69.7413,-38.2313],[-69.7175,-38.2423],[-69.7323,-38.2751],[-69.7207,-38.2958],[-69.7397,-38.3001],[-69.7177,-38.3298],[-69.6948,-38.327],[-69.7104,-38.3452],[-69.7057,-38.3704],[-69.6696,-38.3781],[-69.6713,-38.3944],[-69.6375,-38.4243],[-69.5742,-38.4372],[-69.5364,-38.4923],[-69.485,-38.4932],[-69.4849,-38.5084],[-69.4645,-38.4858],[-69.4122,-38.5071],[-69.3973,-38.559],[-69.3478,-38.599],[-69.3287,-38.5945],[-69.3173,-38.6143],[-69.2662,-38.599],[-69.2376,-38.6066],[-69.2454,-38.6187],[-69.2283,-38.6291],[-69.1766,-38.6047],[-69.1133,-38.6027],[-69.1089,-38.5808],[-69.0512,-38.5697],[-69.0472,-38.5382],[-69.0307,-38.5373],[-68.9946,-38.4916],[-68.9592,-38.4838],[-68.9372,-38.439],[-68.8605,-38.3738],[-68.7585,-38.3716],[-68.7249,-38.405],[-68.6862,-38.4032],[-68.6218,-38.4347],[-68.6082,-38.4673],[-68.5443,-38.4888],[-68.5059,-38.5357],[-68.4131,-38.5675],[-68.3908,-38.5971],[-68.334,-38.6192],[-68.3132,-38.6481],[-68.2853,-38.6474],[-68.2825,-38.6695],[-68.2513,-38.6808],[-68.2501,-37.7045]]]}},{"type":"Feature","properties":{"name":"Leandro N. Alem","province":"Misiones"},"geometry":{"type":"Polygon","coordinates":[[[-55.6606,-27.6144],[-55.6514,-27.6308],[-55.6087,-27.6409],[-55.6144,-27.6924],[-55.4879,-27.7031],[-55.4955,-27.7599],[-55.3256,-27.7836],[-55.2869,-27.727],[-55.2606,-27.7403],[-55.1948,-27.7333],[-55.1892,-27.699],[-55.1655,-27.6952],[-55.1721,-27.6137],[-55.2501,-27.5571],[-55.2321,-27.5422],[-55.2507,-27.5191],[-55.2218,-27.5126],[-55.2614,-27.5044],[-55.3097,-27.4575],[-55.3089,-27.4689],[-55.3327,-27.4709],[-55.3664,-27.4565],[-55.4968,-27.5341],[-55.5131,-27.5108],[-55.5701,-27.5454],[-55.5558,-27.5667],[-55.6245,-27.6175],[-55.6606,-27.6144]]]}},{"type":"Feature","properties":{"name":"Concepción","province":"Misiones"},"geometry":{"type":"Polygon","coordinates":[[[-55.3627,-27.7745],[-55.5209,-27.7571],[-55.6248,-27.9365],[-55.5726,-27.9375],[-55.5588,-27.9651],[-55.5553,-28.0687],[-55.584,-28.0905],[-55.5897,-28.1179],[-55.5878,-28.1461],[-55.5655,-28.1627],[-55.4955,-28.0792],[-55.445,-28.0972],[-55.4228,-28.061],[-55.3816,-28.0396],[-55.3685,-28.0219],[-55.3836,-27.9812],[-55.3416,-27.9685],[-55.3322,-27.9327],[-55.3107,-27.9216],[-55.3627,-27.7745]]]}},{"type":"Feature","properties":{"name":"Nogoya","province":"Buenos Aires"},"geometry":{"type":"Polygon","coordinates":[[[-60.1733,-32.2191],[-60.1892,-32.2345],[-60.177,-32.2423],[-60.1896,-32.2693],[-60.1312,-32.269],[-60.1159,-32.3034],[-60.0464,-32.3493],[-60.0367,-32.3888],[-59.9768,-32.4217],[-59.9996,-32.4533],[-59.9996,-32.4915],[-59.942,-32.522],[-59.7843,-32.5427],[-59.7696,-32.5513],[-59.7716,-32.5879],[-59.7527,-32.5818],[-59.7052,-32.6097],[-59.6071,-32.632],[-59.6007,-32.552],[-59.4553,-32.5568],[-59.4603,-32.5239],[-59.4393,-32.4895],[-59.4758,-32.427],[-59.4414,-32.3552],[-59.4958,-32.3388],[-59.4626,-32.2849],[-59.4829,-32.2687],[-59.4566,-32.1405],[-59.4749,-32.1264],[-59.3704,-32.023],[-59.3419,-31.9412],[-59.3144,-31.9236],[-59.4017,-31.9341],[-59.4424,-31.9707],[-59.4862,-31.9499],[-59.572,-31.9557],[-59.5344,-31.9249],[-59.6116,-31.8693],[-59.7627,-31.9289],[-59.9192,-31.8833],[-59.9438,-31.9517],[-60.0128,-31.975],[-60.026,-32.0311],[-60.1402,-31.9824],[-60.1819,-32.0235],[-60.2578,-32.0517],[-60.2089,-32.1452],[-60.1821,-32.1231],[-60.1406,-32.1585],[-60.1812,-32.1925],[-60.1733,-32.2191]]]}},{"type":"Feature","properties":{"name":"Jáchal","province":"San Juan"},"geometry":{"type":"Polygon","coordinates":[[[-68.9932,-30.5749],[-68.7811,-30.5979],[-68.8013,-30.624],[-68.806,-30.6703],[-68.8294,-30.691],[-68.8004,-30.8293],[-68.768,-30.8568],[-68.7558,-31.0041],[-68.5001,-31.0044],[-68.4255,-30.9534],[-68.4257,-30.9295],[-67.5306,-30.9295],[-67.6061,-30.8319],[-67.7414,-30.7023],[-67.7406,-30.6656],[-67.7767,-30.5723],[-67.7638,-30.5372],[-67.7823,-30.5103],[-67.7692,-30.4999],[-67.8078,-30.429],[-67.8108,-30.3785],[-67.8674,-30.2949],[-67.9051,-30.2776],[-67.9137,-30.2465],[-67.9423,-30.2462],[-67.9516,-30.2262],[-67.9814,-30.2255],[-68.0074,-30.1995],[-68.0298,-30.087],[-68.1359,-29.9083],[-68.1621,-29.9203],[-68.1988,-29.9792],[-68.2383,-29.9899],[-68.2506,-29.9277],[-68.2655,-29.9266],[-68.2983,-29.8626],[-68.3589,-29.8008],[-68.2588,-29.7467],[-68.4413,-29.6505],[-68.5202,-29.6375],[-68.6825,-29.6465],[-68.7355,-29.6254],[-68.8631,-29.6351],[-68.8873,-29.6217],[-68.8834,-29.5919],[-68.9078,-29.6198],[-68.9356,-29.6198],[-68.9374,-29.6509],[-68.9575,-29.6575],[-69.0202,-29.6318],[-69.0141,-29.6599],[-69.0274,-29.6802],[-69.0148,-29.6991],[-69.0321,-29.7618],[-69.0277,-29.8712],[-69.0144,-29.8815],[-69.0399,-29.9496],[-69.0299,-29.9844],[-69.0715,-30.0724],[-69.0392,-30.2949],[-69.0662,-30.3275],[-69.0496,-30.3436],[-69.0623,-30.4683],[-69.0571,-30.4954],[-68.9932,-30.5749]]]}},{"type":"Feature","properties":{"name":"Godoy Cruz","province":"Mendoza"},"geometry":{"type":"Polygon","coordinates":[[[-68.8366,-32.9026],[-68.9572,-32.9015],[-68.9572,-32.9584],[-68.8287,-32.9584],[-68.8027,-32.9254],[-68.8377,-32.926],[-68.8366,-32.9026]]]}},{"type":"Feature","properties":{"name":"Bolívar","province":"Buenos Aires"},"geometry":{"type":"Polygon","coordinates":[[[-61.0358,-35.8757],[-61.4397,-36.2143],[-61.4057,-36.2417],[-61.7242,-36.4942],[-61.6852,-36.536],[-61.6168,-36.5699],[-61.6638,-36.6069],[-61.4973,-36.7439],[-61.3679,-36.6413],[-61.2546,-36.7345],[-60.8973,-36.4503],[-60.9293,-36.4247],[-60.866,-36.3721],[-60.9058,-36.3416],[-60.86,-36.3226],[-60.8057,-36.253],[-60.7983,-36.2309],[-60.811,-36.2104],[-60.7284,-36.1373],[-60.6351,-36.11],[-60.5729,-36.0286],[-60.5319,-36.0005],[-60.6384,-35.9207],[-60.6963,-35.9681],[-60.8682,-35.8395],[-60.9708,-35.9261],[-61.0358,-35.8757]]]}},{"type":"Feature","properties":{"name":"Goya","province":"Corrientes"},"geometry":{"type":"Polygon","coordinates":[[[-58.7922,-29.2692],[-58.8133,-29.2384],[-58.8581,-29.2547],[-58.8691,-29.2221],[-58.846,-29.1733],[-58.8305,-29.1737],[-58.7883,-29.1127],[-58.9426,-29.0714],[-59.0189,-29.065],[-59.0265,-29.09],[-59.1169,-29.0815],[-59.118,-29.0662],[-59.1376,-29.079],[-59.1448,-29.0504],[-59.1641,-29.066],[-59.1832,-29.0598],[-59.2072,-29.0947],[-59.2344,-29.0714],[-59.2753,-29.0996],[-59.3468,-29.1144],[-59.4021,-29.2169],[-59.5087,-29.2508],[-59.5198,-29.3432],[-59.6043,-29.3947],[-59.58,-29.4598],[-59.5902,-29.5698],[-59.614,-29.6688],[-59.6175,-29.7758],[-59.6596,-29.8355],[-59.6047,-29.9027],[-59.5695,-30.019],[-59.5456,-30.0166],[-59.5134,-29.9781],[-59.4741,-29.8519],[-59.4091,-29.812],[-59.382,-29.8244],[-59.3531,-29.8],[-59.3331,-29.8166],[-59.3077,-29.8007],[-59.3124,-29.785],[-59.2617,-29.7833],[-59.1351,-29.7072],[-59.1411,-29.6831],[-59.081,-29.657],[-59.0884,-29.6469],[-59.0564,-29.5805],[-58.9602,-29.5327],[-58.886,-29.414],[-58.8687,-29.4123],[-58.8746,-29.3898],[-58.8446,-29.3469],[-58.8635,-29.3455],[-58.8612,-29.3288],[-58.8169,-29.3003],[-58.7922,-29.2692]]]}},{"type":"Feature","properties":{"name":"Comuna 10","province":"Ciudad Autónoma de Buenos Aires"},"geometry":{"type":"Polygon","coordinates":[[[-58.5292,-34.6111],[-58.5304,-34.6348],[-58.5023,-34.6458],[-58.4713,-34.6367],[-58.5002,-34.6091],[-58.5292,-34.6111]]]}},{"type":"Feature","properties":{"name":"Guachipas","province":"Salta"},"geometry":{"type":"Polygon","coordinates":[[[-65.7262,-25.8728],[-65.7231,-25.935],[-65.7549,-25.9556],[-65.6198,-25.971],[-65.6173,-26.0021],[-65.6885,-26.1173],[-65.5873,-26.1145],[-65.552,-26.0886],[-65.563,-26.0893],[-65.5612,-26.0703],[-65.5492,-26.0371],[-65.5357,-26.0452],[-65.5274,-26.0407],[-65.5306,-26.0207],[-65.4703,-26.015],[-65.4422,-25.9577],[-65.388,-25.9469],[-65.3566,-25.9024],[-65.3603,-25.8844],[-65.2984,-25.8598],[-65.2784,-25.8076],[-65.2903,-25.7748],[-65.259,-25.7761],[-65.2395,-25.712],[-65.1966,-25.6903],[-65.164,-25.6195],[-65.1341,-25.6209],[-65.1641,-25.5877],[-65.1538,-25.4988],[-65.1866,-25.4095],[-65.3356,-25.4269],[-65.3467,-25.4154],[-65.3401,-25.2975],[-65.3951,-25.2847],[-65.4132,-25.2999],[-65.475,-25.3981],[-65.4917,-25.4756],[-65.5778,-25.5943],[-65.6191,-25.6301],[-65.6491,-25.6316],[-65.6997,-25.706],[-65.6871,-25.7928],[-65.7043,-25.8275],[-65.7005,-25.869],[-65.7262,-25.8728]]]}},{"type":"Feature","properties":{"name":"Florentino Ameghino","province":"Chubut"},"geometry":{"type":"MultiPolygon","coordinates":[[[[-66.4577,-43.7849],[-66.4318,-43.8257],[-66.4326,-43.8591],[-66.4745,-43.9033],[-66.4853,-43.9657],[-66.6285,-44.0196],[-66.6759,-44.0744],[-66.6745,-44.1344],[-66.6945,-44.1917],[-66.7989,-44.2629],[-66.8091,-44.3406],[-66.8346,-44.3876],[-66.9313,-44.4809],[-66.9407,-44.5147],[-66.9673,-44.5293],[-66.959,-44.5518],[-66.9743,-44.5924],[-67.0912,-44.7205],[-67.0799,-45.0463],[-66.3592,-45.0397],[-66.2939,-45.0459],[-66.2954,-45.0582],[-66.2835,-45.0655],[-66.2762,-45.0653],[-66.2837,-45.0487],[-66.2464,-45.0209],[-66.2257,-45.0281],[-66.2302,-45.007],[-66.1927,-44.982],[-66.1731,-44.9982],[-66.1623,-44.983],[-66.0197,-44.9989],[-65.9344,-45.0494],[-65.9139,-45.032],[-65.8869,-45.0388],[-65.8956,-45.0132],[-65.873,-45.0023],[-65.8314,-45.0085],[-65.8287,-45.0391],[-65.8029,-45.0312],[-65.8094,-45.0154],[-65.7885,-45.0301],[-65.7405,-45.024],[-65.7369,-45.0402],[-65.7014,-45.0451],[-65.6899,-45.062],[-65.6978,-45.0459],[-65.6813,-45.0289],[-65.6822,-45.0402],[-65.6456,-45.0509],[-65.6113,-45.0338],[-65.6023,-45.0272],[-65.6223,-45.0034],[-65.5843,-45.0067],[-65.6058,-44.9819],[-65.5945,-44.9574],[-65.5709,-44.9608],[-65.5404,-44.9281],[-65.5198,-44.9297],[-65.5609,-44.9036],[-65.5743,-44.9107],[-65.5729,-44.8956],[-65.6049,-44.9089],[-65.6149,-44.8883],[-65.6631,-44.8909],[-65.7245,-44.8565],[-65.7287,-44.8116],[-65.7026,-44.8013],[-65.6822,-44.7069],[-65.6068,-44.6469],[-65.5761,-44.6483],[-65.521,-44.6093],[-65.4634,-44.6002],[-65.4616,-44.5758],[-65.4268,-44.5696],[-65.396,-44.5928],[-65.3763,-44.5752],[-65.3729,-44.5872],[-65.3663,-44.5873],[-65.3582,-44.5738],[-65.3945,-44.5553],[-65.3594,-44.5374],[-65.3762,-44.5168],[-65.3239,-44.5089],[-65.3163,-44.5312],[-65.3008,-44.5102],[-65.2793,-44.5174],[-65.2843,-44.4938],[-65.3208,-44.4907],[-65.3111,-44.4674],[-65.3345,-44.456],[-65.3089,-44.4425],[-65.3117,-44.4269],[-65.2838,-44.4304],[-65.2923,-44.422],[-65.262,-44.3883],[-65.2167,-44.3667],[-65.2274,-44.3341],[-65.2588,-44.3273],[-65.253,-44.3083],[-65.3026,-44.2445],[-65.3118,-44.2043],[-65.2877,-44.1548],[-65.2204,-44.1368],[-65.2411,-44.0778],[-65.1879,-44.0355],[-65.2248,-44.0453],[-65.2516,-44.0276],[-65.2573,-43.9918],[-65.2311,-43.9727],[-65.2768,-43.9666],[-65.299,-43.9342],[-65.3286,-43.8457],[-65.3143,-43.7899],[-65.3493,-43.7761],[-65.3535,-43.758],[-66.4577,-43.7849]]],[[[-65.9643,-45.1092],[-66.0198,-45.0864],[-66.0078,-45.1042],[-65.9643,-45.1092]]],[[[-65.5882,-45.0537],[-65.603,-45.0411],[-65.6236,-45.0453],[-65.6082,-45.0601],[-65.5882,-45.0537]]],[[[-65.9468,-45.1193],[-65.9595,-45.1024],[-65.9627,-45.1026],[-65.9468,-45.1193]]],[[[-65.7055,-45.0575],[-65.7177,-45.0484],[-65.723,-45.0539],[-65.7055,-45.0575]]],[[[-65.5781,-45.0634],[-65.5888,-45.0561],[-65.5929,-45.0602],[-65.5781,-45.0634]]],[[[-65.6556,-44.7731],[-65.6697,-44.7692],[-65.653,-44.775],[-65.6556,-44.7731]]],[[[-65.7514,-45.0369],[-65.7596,-45.0347],[-65.767,-45.0376],[-65.7514,-45.0369]]],[[[-65.8673,-45.0392],[-65.8692,-45.0314],[-65.8745,-45.0331],[-65.8673,-45.0392]]],[[[-66.34,-45.0571],[-66.3365,-45.054],[-66.3437,-45.0525],[-66.34,-45.0571]]],[[[-65.2614,-44.1516],[-65.2549,-44.1526],[-65.2545,-44.1501],[-65.2614,-44.1516]]],[[[-66.054,-45.1306],[-66.0601,-45.1289],[-66.0628,-45.1319],[-66.054,-45.1306]]],[[[-65.2634,-44.2629],[-65.2627,-44.259],[-65.27,-44.2618],[-65.2634,-44.2629]]],[[[-65.8096,-45.0676],[-65.8071,-45.0609],[-65.8122,-45.064],[-65.8096,-45.0676]]],[[[-65.3873,-44.5974],[-65.3819,-44.5985],[-65.3846,-44.5948],[-65.3873,-44.5974]]],[[[-65.966,-45.053],[-65.9628,-45.05],[-65.9695,-45.0507],[-65.966,-45.053]]],[[[-65.2382,-44.2806],[-65.2304,-44.2764],[-65.2313,-44.2749],[-65.2382,-44.2806]]],[[[-65.6206,-45.0623],[-65.6199,-45.0594],[-65.6248,-45.0602],[-65.6206,-45.0623]]],[[[-65.5419,-44.9086],[-65.5399,-44.9055],[-65.5433,-44.9075],[-65.5419,-44.9086]]],[[[-65.3932,-44.5974],[-65.3932,-44.5941],[-65.3963,-44.5943],[-65.3932,-44.5974]]],[[[-65.6234,-45.0538],[-65.6262,-45.0524],[-65.6208,-45.055],[-65.6234,-45.0538]]],[[[-65.574,-44.9899],[-65.5702,-44.9883],[-65.5734,-44.9875],[-65.574,-44.9899]]],[[[-65.5663,-44.9632],[-65.5612,-44.9634],[-65.5613,-44.9616],[-65.5663,-44.9632]]],[[[-65.8765,-45.0417],[-65.8791,-45.0389],[-65.8809,-45.0398],[-65.8765,-45.0417]]],[[[-65.8599,-45.0516],[-65.8619,-45.0475],[-65.8639,-45.0511],[-65.8599,-45.0516]]],[[[-65.6403,-44.7686],[-65.6432,-44.7671],[-65.6385,-44.7708],[-65.6403,-44.7686]]],[[[-66.3198,-45.0663],[-66.3238,-45.0666],[-66.316,-45.0689],[-66.3198,-45.0663]]],[[[-66.2984,-45.0777],[-66.2961,-45.0762],[-66.3004,-45.0758],[-66.2984,-45.0777]]],[[[-65.5733,-45.0659],[-65.5781,-45.0636],[-65.5773,-45.0652],[-65.5733,-45.0659]]],[[[-65.5607,-45.0001],[-65.5636,-44.9965],[-65.5637,-44.9994],[-65.5607,-45.0001]]],[[[-65.8437,-45.0482],[-65.8433,-45.0473],[-65.8487,-45.0459],[-65.8437,-45.0482]]],[[[-65.9641,-45.0986],[-65.966,-45.0961],[-65.9666,-45.0983],[-65.9641,-45.0986]]],[[[-65.919,-45.0479],[-65.9157,-45.0473],[-65.9183,-45.0453],[-65.919,-45.0479]]],[[[-65.3088,-44.5377],[-65.3078,-44.5358],[-65.3103,-44.5347],[-65.3088,-44.5377]]],[[[-66.0963,-45.1195],[-66.0937,-45.118],[-66.0975,-45.1179],[-66.0963,-45.1195]]],[[[-66.339,-45.0661],[-66.3389,-45.0635],[-66.3416,-45.0649],[-66.339,-45.0661]]],[[[-65.6496,-44.7676],[-65.6498,-44.7665],[-65.6542,-44.7659],[-65.6496,-44.7676]]],[[[-65.9618,-45.046],[-65.9641,-45.0436],[-65.9634,-45.046],[-65.9618,-45.046]]],[[[-66.0706,-45.0058],[-66.0696,-45.0045],[-66.0728,-45.005],[-66.0706,-45.0058]]],[[[-66.2485,-45.0324],[-66.2485,-45.0306],[-66.2503,-45.0307],[-66.2485,-45.0324]]],[[[-65.9747,-45.0519],[-65.9731,-45.0511],[-65.9767,-45.0509],[-65.9747,-45.0519]]],[[[-66.045,-45.0916],[-66.0423,-45.0906],[-66.0456,-45.0902],[-66.045,-45.0916]]],[[[-65.748,-45.0365],[-65.7488,-45.0349],[-65.7498,-45.0358],[-65.748,-45.0365]]],[[[-66.0279,-45.1006],[-66.0269,-45.0997],[-66.0295,-45.0992],[-66.0279,-45.1006]]],[[[-65.9384,-45.1182],[-65.9402,-45.1188],[-65.9374,-45.1193],[-65.9384,-45.1182]]]]}},{"type":"Feature","properties":{"name":"General Las Heras","province":"Buenos Aires"},"geometry":{"type":"Polygon","coordinates":[[[-58.7775,-34.9651],[-58.8595,-34.9036],[-58.846,-34.8916],[-58.9261,-34.8258],[-58.9514,-34.8312],[-59.0895,-34.7171],[-59.2194,-34.8522],[-58.9926,-35.0211],[-59.0151,-35.0406],[-58.9339,-35.1037],[-58.7775,-34.9651]]]}},{"type":"Feature","properties":{"name":"Copo","province":"Santiago del Estero"},"geometry":{"type":"Polygon","coordinates":[[[-61.7112,-26.2345],[-61.7111,-25.6547],[-63.4225,-25.649],[-63.4761,-25.7098],[-63.5673,-25.7095],[-63.6605,-25.6854],[-63.9182,-25.6824],[-63.8926,-25.7151],[-63.8777,-25.7737],[-63.8387,-25.7897],[-63.8462,-25.8205],[-63.8303,-25.8468],[-63.7856,-25.8802],[-63.7916,-25.9299],[-63.7647,-25.9152],[-63.7349,-25.9556],[-63.7453,-25.9667],[-63.7276,-25.9684],[-63.7316,-26.0096],[-63.6902,-26.0341],[-63.7051,-26.1099],[-63.7626,-26.1943],[-63.7613,-26.2143],[-61.7112,-26.2345]]]}},{"type":"Feature","properties":{"name":"Toay","province":"La Pampa"},"geometry":{"type":"Polygon","coordinates":[[[-65.0565,-36.2547],[-65.0713,-36.9772],[-64.1721,-36.9868],[-64.1705,-36.7164],[-64.283,-36.7152],[-64.2826,-36.6868],[-64.357,-36.6249],[-64.5054,-36.6223],[-64.4996,-36.2602],[-65.0565,-36.2547]]]}},{"type":"Feature","properties":{"name":"Capital","province":"San Juan"},"geometry":{"type":"Polygon","coordinates":[[[-68.5036,-31.5506],[-68.5086,-31.5049],[-68.568,-31.5202],[-68.5662,-31.5459],[-68.5219,-31.5617],[-68.5036,-31.5506]]]}},{"type":"Feature","properties":{"name":"Monte","province":"Buenos Aires"},"geometry":{"type":"Polygon","coordinates":[[[-58.4707,-35.5114],[-58.7077,-35.3348],[-58.6793,-35.3062],[-58.748,-35.2541],[-58.7709,-35.2739],[-58.8116,-35.2426],[-58.9244,-35.3417],[-58.9679,-35.3373],[-59.0064,-35.3661],[-59.0254,-35.3521],[-59.1211,-35.4306],[-59.0078,-35.4799],[-59.021,-35.514],[-59.0475,-35.5286],[-59.0371,-35.562],[-59.0677,-35.5559],[-59.0698,-35.5715],[-59.0322,-35.5782],[-59.0249,-35.6015],[-58.9772,-35.5883],[-58.9479,-35.6228],[-58.8818,-35.5931],[-58.8763,-35.6407],[-58.8431,-35.6515],[-58.8434,-35.6812],[-58.7889,-35.6997],[-58.7657,-35.7545],[-58.7163,-35.7219],[-58.6612,-35.7251],[-58.6605,-35.7422],[-58.6281,-35.7513],[-58.5409,-35.7462],[-58.5258,-35.7224],[-58.5018,-35.7534],[-58.4867,-35.7078],[-58.5001,-35.6451],[-58.5689,-35.596],[-58.4707,-35.5114]]]}},{"type":"Feature","properties":{"name":"Marcos Paz","province":"Buenos Aires"},"geometry":{"type":"Polygon","coordinates":[[[-58.7071,-34.8111],[-58.8646,-34.6979],[-58.8649,-34.6825],[-58.9364,-34.7035],[-58.9993,-34.7627],[-59.0338,-34.7669],[-58.9514,-34.8312],[-58.936,-34.818],[-58.846,-34.8916],[-58.8595,-34.9036],[-58.7916,-34.9547],[-58.7648,-34.9587],[-58.6933,-34.9118],[-58.7629,-34.8581],[-58.7506,-34.8469],[-58.7736,-34.8273],[-58.7071,-34.8111]]]}},{"type":"Feature","properties":{"name":"Mayor Luis J. Fontana","province":"Chaco"},"geometry":{"type":"Polygon","coordinates":[[[-60.2163,-27.74],[-60.5229,-27.739],[-60.5237,-27.647],[-60.4697,-27.6475],[-60.4684,-27.4668],[-60.9102,-27.4621],[-60.9105,-27.4021],[-60.9974,-27.4022],[-60.9966,-27.4807],[-61.0226,-27.4805],[-61.0143,-27.7956],[-60.9099,-27.7959],[-60.91,-27.9994],[-60.2167,-27.9994],[-60.2163,-27.74]]]}},{"type":"Feature","properties":{"name":"Pilnaniyeu","province":"Río Negro"},"geometry":{"type":"Polygon","coordinates":[[[-71.2194,-41.0862],[-71.146,-41.0847],[-71.1433,-41.1086],[-71.1134,-41.1366],[-71.1563,-41.1822],[-71.1681,-41.2394],[-71.2172,-41.2965],[-71.2144,-41.3158],[-71.1809,-41.3286],[-71.2243,-41.3361],[-71.2295,-41.4998],[-71.0304,-41.5419],[-70.9292,-41.4276],[-70.8131,-41.5229],[-70.689,-41.438],[-70.6164,-41.4134],[-70.2697,-41.4153],[-69.9533,-41.1351],[-70.1795,-41.0263],[-69.8885,-40.848],[-69.8079,-40.6651],[-69.755,-39.8764],[-69.866,-39.9108],[-69.9706,-39.978],[-70.0054,-40.0474],[-69.9948,-40.1031],[-69.9707,-40.121],[-69.9503,-40.179],[-69.9908,-40.18],[-70.0588,-40.249],[-70.0496,-40.3178],[-70.0627,-40.3746],[-70.103,-40.4057],[-70.1749,-40.4276],[-70.1706,-40.483],[-70.4249,-40.5363],[-70.4651,-40.5122],[-70.5398,-40.5033],[-70.5497,-40.521],[-70.6214,-40.5515],[-70.6539,-40.5913],[-70.7336,-40.5809],[-70.8554,-40.5934],[-70.8791,-40.6204],[-70.9765,-40.6487],[-71.0118,-40.6793],[-71.0297,-40.7244],[-71.0932,-40.7265],[-71.1196,-40.759],[-71.1179,-40.8051],[-71.0914,-40.8305],[-71.1016,-40.8395],[-71.0696,-40.8515],[-71.0398,-40.8887],[-71.0377,-40.958],[-71.0602,-40.9809],[-71.1027,-40.9914],[-71.0893,-40.9983],[-71.1146,-41.0074],[-71.1393,-41.0551],[-71.1749,-41.0562],[-71.2194,-41.0862]]]}},{"type":"Feature","properties":{"name":"General Alvear","province":"Buenos Aires"},"geometry":{"type":"Polygon","coordinates":[[[-60.2146,-35.7554],[-60.3577,-35.8828],[-60.4616,-35.9495],[-60.4706,-35.9807],[-60.4951,-35.9948],[-60.5168,-35.9852],[-60.5729,-36.0286],[-60.6351,-36.11],[-60.6996,-36.1357],[-60.5652,-36.2355],[-60.5239,-36.2141],[-60.3593,-36.3265],[-60.2967,-36.2672],[-60.2456,-36.3029],[-60.0907,-36.1611],[-59.9663,-36.2485],[-59.9479,-36.2017],[-59.8385,-36.1113],[-59.8585,-36.0953],[-59.7965,-36.0438],[-59.718,-36.1054],[-59.614,-36.0238],[-59.5929,-36.0402],[-59.5167,-35.9764],[-59.7002,-35.8321],[-59.8345,-35.8489],[-59.8723,-35.8764],[-59.8863,-35.9119],[-60.0565,-35.7799],[-60.1191,-35.8331],[-60.2146,-35.7554]]]}},{"type":"Feature","properties":{"name":"Villarino","province":"Buenos Aires"},"geometry":{"type":"MultiPolygon","coordinates":[[[[-62.6077,-38.6161],[-62.6492,-38.5152],[-62.7382,-38.5855],[-62.9002,-38.4558],[-63.3836,-38.8288],[-63.3835,-39.3287],[-63.2884,-39.3464],[-63.1724,-39.4127],[-63.1378,-39.3927],[-63.102,-39.4256],[-63.1137,-39.4523],[-63.0919,-39.452],[-63.0971,-39.4708],[-63.066,-39.4599],[-63.0738,-39.4765],[-63.0326,-39.4804],[-63.0286,-39.4943],[-63.0158,-39.4853],[-63.0145,-39.5017],[-62.9726,-39.5026],[-62.9631,-39.5162],[-62.9133,-39.5036],[-62.8551,-39.5304],[-62.7551,-39.506],[-62.6923,-39.5342],[-62.6224,-39.5313],[-62.6181,-39.547],[-62.4926,-39.606],[-62.4756,-39.6284],[-62.4873,-39.6643],[-62.4774,-39.6933],[-62.4103,-39.7243],[-62.3965,-39.7547],[-62.3749,-39.7638],[-62.3897,-39.7803],[-62.2365,-39.817],[-62.2141,-39.8426],[-62.1621,-39.8289],[-62.1194,-39.8457],[-62.1249,-39.7422],[-62.1118,-39.7061],[-62.1227,-39.7077],[-62.0922,-39.6798],[-62.1191,-39.6626],[-62.0896,-39.5401],[-62.0454,-39.4483],[-62.1342,-39.3979],[-62.148,-39.4029],[-62.1605,-39.4],[-62.1472,-39.3978],[-62.1499,-39.38],[-62.164,-39.3975],[-62.1671,-39.3753],[-62.1804,-39.397],[-62.1924,-39.3823],[-62.1953,-39.3989],[-62.2076,-39.401],[-62.1942,-39.377],[-62.2393,-39.3602],[-62.2116,-39.3609],[-62.2031,-39.3468],[-62.2303,-39.353],[-62.2626,-39.3472],[-62.2799,-39.3259],[-62.2598,-39.3223],[-62.2868,-39.3229],[-62.2606,-39.3154],[-62.2859,-39.3173],[-62.2771,-39.3068],[-62.2885,-39.2986],[-62.185,-39.2984],[-62.1675,-39.3311],[-62.0856,-39.3901],[-62.0226,-39.3906],[-62.01,-39.3799],[-62.0109,-39.3579],[-62.1299,-39.2927],[-62.3169,-39.2661],[-62.3017,-39.245],[-62.2374,-39.2516],[-62.2603,-39.2312],[-62.2864,-39.2333],[-62.3422,-39.163],[-62.3323,-39.1325],[-62.352,-39.113],[-62.3305,-39.1166],[-62.3542,-39.1011],[-62.3066,-39.0529],[-62.2993,-39.025],[-62.3169,-39.003],[-62.3004,-38.9934],[-62.3214,-38.9958],[-62.3217,-38.9684],[-62.3457,-38.9503],[-62.3205,-38.9043],[-62.352,-38.863],[-62.3261,-38.8382],[-62.3479,-38.8464],[-62.3608,-38.8267],[-62.372,-38.8437],[-62.3758,-38.8256],[-62.3872,-38.8381],[-62.3933,-38.8207],[-62.414,-38.8175],[-62.3885,-38.815],[-62.3973,-38.7956],[-62.3656,-38.8152],[-62.3717,-38.7993],[-62.3538,-38.8151],[-62.3522,-38.8027],[-62.3372,-38.8145],[-62.3061,-38.7994],[-62.3273,-38.7896],[-62.3406,-38.8021],[-62.3568,-38.7877],[-62.344,-38.7736],[-62.3688,-38.781],[-62.3529,-38.7695],[-62.3736,-38.7692],[-62.3759,-38.7907],[-62.4065,-38.7664],[-62.4121,-38.7861],[-62.4207,-38.7731],[-62.4764,-38.7844],[-62.474,-38.8026],[-62.5109,-38.7577],[-62.495,-38.7462],[-62.5057,-38.7425],[-62.5043,-38.7385],[-62.5019,-38.7377],[-62.4787,-38.7504],[-62.444,-38.7416],[-62.4592,-38.6849],[-62.5106,-38.6446],[-62.6077,-38.6161]]],[[[-61.9867,-39.0976],[-62.0207,-39.0872],[-62.0113,-39.1002],[-62.013,-39.1076],[-62.0321,-39.1099],[-62.0192,-39.112],[-62.0162,-39.1177],[-62.0414,-39.1094],[-62.0349,-39.1156],[-62.0396,-39.1346],[-62.0545,-39.1363],[-62.0568,-39.1577],[-61.9498,-39.1786],[-61.8698,-39.2443],[-61.8521,-39.2247],[-61.8524,-39.1936],[-61.8649,-39.1621],[-61.8636,-39.1939],[-61.8687,-39.1968],[-61.8725,-39.193],[-61.8745,-39.1972],[-61.8834,-39.1999],[-61.8736,-39.192],[-61.865,-39.194],[-61.869,-39.165],[-61.8797,-39.165],[-61.8855,-39.1591],[-61.8707,-39.1502],[-61.8848,-39.0966],[-61.8956,-39.0909],[-61.8878,-39.1067],[-61.8886,-39.1586],[-61.9047,-39.1455],[-61.9093,-39.1626],[-61.9287,-39.14],[-61.9397,-39.1491],[-61.9472,-39.1473],[-61.9135,-39.1315],[-61.9248,-39.1206],[-61.9173,-39.1115],[-61.9264,-39.1116],[-61.9129,-39.1017],[-61.9432,-39.1142],[-61.9317,-39.0956],[-61.9752,-39.0902],[-61.9789,-39.1018],[-61.9642,-39.11],[-61.9669,-39.1145],[-61.9805,-39.1014],[-61.9772,-39.0901],[-61.9903,-39.0897],[-61.9847,-39.0957],[-61.9857,-39.1008],[-61.9995,-39.1055],[-61.9877,-39.1091],[-61.9897,-39.126],[-61.9991,-39.13],[-61.9896,-39.1095],[-62.0015,-39.1047],[-61.9867,-39.0976]]],[[[-62.0115,-39.0087],[-62.0792,-38.9839],[-62.1268,-39.0046],[-62.112,-39.0087],[-62.0971,-39.0238],[-62.0745,-39.0034],[-62.0405,-39.0398],[-62.0082,-39.0148],[-62.0202,-39.0195],[-62.0115,-39.0087]]],[[[-62.0377,-39.0817],[-62.0801,-39.0855],[-62.0614,-39.135],[-62.0739,-39.1339],[-62.0729,-39.1487],[-62.0566,-39.1438],[-62.0554,-39.1347],[-62.0363,-39.1151],[-62.0428,-39.1113],[-62.0378,-39.1031],[-62.0128,-39.1026],[-62.0377,-39.0817]]],[[[-62.0645,-39.246],[-62.1074,-39.2145],[-62.1587,-39.1941],[-62.1575,-39.2111],[-62.1147,-39.2438],[-62.0645,-39.246]]],[[[-61.9045,-39.1355],[-61.9087,-39.1076],[-61.9224,-39.12],[-61.9102,-39.1284],[-61.9206,-39.142],[-61.9097,-39.1545],[-61.9045,-39.1355]]],[[[-62.0182,-39.2389],[-62.0328,-39.2514],[-62.011,-39.2617],[-61.997,-39.2484],[-62.0182,-39.2389]]],[[[-62.2274,-38.8573],[-62.2577,-38.8272],[-62.271,-38.8394],[-62.2274,-38.8573]]],[[[-62.2607,-38.9325],[-62.2825,-38.9271],[-62.2937,-38.9459],[-62.2832,-38.9518],[-62.2607,-38.9325]]],[[[-62.1272,-39.0061],[-62.1381,-39.013],[-62.1406,-39.0355],[-62.1223,-39.0286],[-62.1272,-39.0061]]],[[[-62.2991,-39.0232],[-62.2781,-39.0176],[-62.2703,-38.9999],[-62.3022,-39.0099],[-62.2991,-39.0232]]],[[[-62.0218,-38.986],[-62.0565,-38.9821],[-62.0141,-38.9941],[-62.0218,-38.986]]],[[[-62.274,-38.8195],[-62.2594,-38.8136],[-62.2777,-38.7991],[-62.274,-38.8195]]],[[[-62.3028,-38.8725],[-62.3126,-38.8821],[-62.2944,-38.8925],[-62.3052,-38.8783],[-62.2869,-38.877],[-62.3028,-38.8725]]],[[[-62.2239,-39.1981],[-62.2405,-39.1904],[-62.2245,-39.2052],[-62.2239,-39.1981]]],[[[-62.2268,-39.3382],[-62.2201,-39.3499],[-62.2118,-39.3441],[-62.2268,-39.3382]]],[[[-62.2991,-38.8462],[-62.3087,-38.8551],[-62.2943,-38.8516],[-62.2991,-38.8462]]],[[[-62.2089,-39.0091],[-62.2184,-39.0067],[-62.2104,-39.0213],[-62.2089,-39.0091]]],[[[-62.3177,-38.848],[-62.3308,-38.8476],[-62.3137,-38.8557],[-62.3177,-38.848]]],[[[-62.2818,-38.87],[-62.2925,-38.8718],[-62.2674,-38.8732],[-62.2792,-38.872],[-62.2818,-38.87]]],[[[-62.3078,-38.8377],[-62.3178,-38.8337],[-62.319,-38.8386],[-62.3078,-38.8377]]],[[[-62.3184,-38.8746],[-62.3162,-38.8638],[-62.3244,-38.8742],[-62.3184,-38.8746]]],[[[-62.2953,-38.9617],[-62.298,-38.9526],[-62.3032,-38.9617],[-62.2953,-38.9617]]],[[[-62.084,-38.9796],[-62.0712,-38.9791],[-62.0708,-38.9769],[-62.084,-38.9796]]],[[[-61.8767,-39.1622],[-61.8703,-39.1526],[-61.8715,-39.151],[-61.8767,-39.1622]]],[[[-62.2821,-38.8586],[-62.2843,-38.8526],[-62.2865,-38.8584],[-62.2821,-38.8586]]],[[[-62.246,-39.3385],[-62.2591,-39.3381],[-62.2551,-39.3427],[-62.2473,-39.3414],[-62.246,-39.3385]]],[[[-62.1978,-39.1749],[-62.19,-39.1755],[-62.1947,-39.1724],[-62.1978,-39.1749]]],[[[-62.292,-38.9619],[-62.2851,-38.9587],[-62.2946,-38.9543],[-62.292,-38.9619]]],[[[-62.2682,-38.8688],[-62.2788,-38.869],[-62.2793,-38.8711],[-62.2682,-38.8688]]],[[[-62.2493,-39.334],[-62.2602,-39.3342],[-62.2494,-39.3363],[-62.2493,-39.334]]],[[[-61.9077,-39.0996],[-61.9149,-39.0963],[-61.9195,-39.0979],[-61.9126,-39.1002],[-61.9077,-39.0996]]],[[[-62.289,-38.9791],[-62.2835,-38.9753],[-62.2912,-38.9773],[-62.289,-38.9791]]],[[[-62.3059,-38.8254],[-62.3025,-38.8209],[-62.3098,-38.824],[-62.3059,-38.8254]]],[[[-62.2368,-38.8744],[-62.2405,-38.8714],[-62.2413,-38.8743],[-62.2368,-38.8744]]],[[[-62.3357,-38.8594],[-62.331,-38.8568],[-62.3345,-38.8559],[-62.3357,-38.8594]]],[[[-62.3239,-38.8268],[-62.3171,-38.8265],[-62.3168,-38.8248],[-62.3239,-38.8268]]],[[[-62.0375,-39.1045],[-62.0321,-39.1043],[-62.0331,-39.1035],[-62.0375,-39.1045]]],[[[-61.8672,-39.1563],[-61.8633,-39.1557],[-61.8652,-39.1537],[-61.8672,-39.1563]]],[[[-62.3104,-38.9927],[-62.3101,-38.9888],[-62.313,-38.988],[-62.3104,-38.9927]]],[[[-62.258,-38.8682],[-62.2544,-38.8693],[-62.2571,-38.8668],[-62.258,-38.8682]]],[[[-62.2676,-38.8668],[-62.2649,-38.8639],[-62.2691,-38.8655],[-62.2676,-38.8668]]],[[[-62.2595,-38.8676],[-62.2603,-38.8662],[-62.2623,-38.8665],[-62.2595,-38.8676]]]]}},{"type":"Feature","properties":{"name":"Monte Caseros","province":"Corrientes"},"geometry":{"type":"Polygon","coordinates":[[[-58.0822,-30.4017],[-58.0794,-30.4559],[-58.0576,-30.497],[-58.0687,-30.5448],[-58.0368,-30.5682],[-58.0324,-30.5984],[-57.9799,-30.6295],[-57.9756,-30.6468],[-57.8843,-30.675],[-57.8437,-30.7217],[-57.8092,-30.7296],[-57.809,-30.6953],[-57.8434,-30.6596],[-57.8466,-30.6205],[-57.8873,-30.5876],[-57.8896,-30.5107],[-57.6429,-30.3419],[-57.6152,-30.2545],[-57.6536,-30.196],[-57.6282,-30.1745],[-57.6556,-30.1537],[-57.6144,-30.1635],[-57.6233,-30.1054],[-57.611,-30.0873],[-57.5608,-30.0758],[-57.6013,-30.0597],[-57.5669,-30.0423],[-57.5656,-30.015],[-57.6701,-30.0062],[-57.6932,-30.025],[-57.7443,-29.9682],[-57.7872,-29.9661],[-57.8429,-29.936],[-57.8821,-29.8712],[-57.942,-29.8273],[-57.9997,-29.8225],[-58.0339,-29.8524],[-58.0704,-29.8595],[-58.0766,-29.8931],[-58.0546,-29.8966],[-58.0472,-29.9502],[-57.9927,-29.978],[-58.0589,-30.1073],[-58.0231,-30.1738],[-58.0418,-30.2468],[-58.033,-30.2582],[-58.0516,-30.291],[-58.0375,-30.3066],[-58.0574,-30.3306],[-58.0482,-30.3508],[-58.0686,-30.3618],[-58.0822,-30.4017]]]}},{"type":"Feature","properties":{"name":"Rinconada","province":"Jujuy"},"geometry":{"type":"Polygon","coordinates":[[[-66.5849,-22.9993],[-66.5915,-22.8521],[-66.5679,-22.8325],[-66.5201,-22.8328],[-66.4902,-22.8004],[-66.4538,-22.8044],[-66.4316,-22.7286],[-66.3567,-22.7675],[-66.3123,-22.695],[-66.2584,-22.6908],[-66.2232,-22.7103],[-66.1815,-22.6717],[-66.1366,-22.6823],[-66.0779,-22.6678],[-66.0395,-22.6481],[-65.9995,-22.5896],[-65.9213,-22.6207],[-65.8858,-22.5567],[-65.8689,-22.5667],[-65.8386,-22.5376],[-65.8285,-22.4387],[-65.9861,-22.4033],[-66.0229,-22.2801],[-66.0515,-22.2601],[-66.3193,-22.3256],[-66.3498,-22.2823],[-66.4091,-22.2709],[-66.414,-22.2464],[-66.4926,-22.3764],[-66.563,-22.4179],[-66.6816,-22.3778],[-66.7343,-22.3804],[-66.7664,-22.3577],[-66.7825,-22.4381],[-66.9286,-22.4922],[-66.9729,-22.5407],[-67.0273,-22.5409],[-67.0141,-22.6548],[-67.1278,-22.7221],[-67.1805,-22.8141],[-66.9912,-22.9993],[-66.5849,-22.9993]]]}},{"type":"Feature","properties":{"name":"Valle Viejo","province":"Catamarca"},"geometry":{"type":"Polygon","coordinates":[[[-65.6236,-28.6026],[-65.6025,-28.492],[-65.5602,-28.4208],[-65.6656,-28.4211],[-65.6841,-28.4481],[-65.7272,-28.4281],[-65.7302,-28.4538],[-65.7695,-28.4858],[-65.8023,-28.5939],[-65.8092,-28.6335],[-65.7943,-28.6691],[-65.8518,-28.745],[-65.719,-28.7614],[-65.6887,-28.7876],[-65.6842,-28.8342],[-65.6505,-28.7792],[-65.6739,-28.6882],[-65.6236,-28.6026]]]}},{"type":"Feature","properties":{"name":"General López","province":"Santa Fe"},"geometry":{"type":"Polygon","coordinates":[[[-62.8797,-34.3835],[-61.7176,-34.3836],[-61.1259,-33.8331],[-61.4223,-33.4432],[-61.4683,-33.468],[-61.522,-33.3981],[-62.1382,-33.4077],[-62.8797,-34.3835]]]}},{"type":"Feature","properties":{"name":"Chilecito","province":"La Rioja"},"geometry":{"type":"Polygon","coordinates":[[[-66.9763,-29.819],[-67.0286,-29.7575],[-67.0603,-29.6428],[-67.0332,-29.5324],[-67.0956,-29.4592],[-67.09,-29.4055],[-67.1506,-29.2955],[-67.1809,-29.2745],[-67.2216,-29.1746],[-67.2187,-29.1367],[-67.1991,-29.1134],[-67.2159,-29.0132],[-67.8397,-29.0187],[-67.8582,-29.1409],[-67.8304,-29.2738],[-67.7679,-29.3542],[-67.7542,-29.4036],[-67.5368,-29.7861],[-66.9763,-29.819]]]}},{"type":"Feature","properties":{"name":"Loventué","province":"La Pampa"},"geometry":{"type":"Polygon","coordinates":[[[-66.0178,-35.9995],[-65.9997,-36.9614],[-65.6344,-36.9516],[-65.6348,-36.9658],[-65.0713,-36.9772],[-65.0504,-35.9805],[-65.117,-35.9789],[-65.1169,-35.9995],[-66.0178,-35.9995]]]}},{"type":"Feature","properties":{"name":"Bragado","province":"Buenos Aires"},"geometry":{"type":"Polygon","coordinates":[[[-60.5279,-35.4102],[-60.3158,-35.2236],[-60.3539,-35.1944],[-60.3386,-35.1806],[-60.3652,-35.16],[-60.3291,-35.1279],[-60.3891,-35.0884],[-60.4393,-35.0357],[-60.4355,-35.0162],[-60.4887,-34.9743],[-60.476,-34.9408],[-60.4539,-34.931],[-60.4542,-34.8646],[-60.4944,-34.8386],[-60.5286,-34.8411],[-60.54,-34.8219],[-60.5867,-34.817],[-60.6253,-34.743],[-60.6581,-34.7084],[-60.6869,-34.7067],[-60.6851,-34.6568],[-60.7146,-34.6466],[-60.7959,-34.7167],[-60.7648,-34.7407],[-60.816,-34.7889],[-60.7254,-34.8606],[-60.8479,-34.9681],[-60.7547,-35.0408],[-60.873,-35.1435],[-60.5279,-35.4102]]]}},{"type":"Feature","properties":{"name":"Sarmiento","province":"San Juan"},"geometry":{"type":"Polygon","coordinates":[[[-68.3153,-32.1377],[-68.332,-32.1101],[-68.2826,-32.0422],[-68.2864,-31.9776],[-68.3464,-31.9152],[-68.3578,-31.8593],[-68.3903,-31.8593],[-68.403,-31.8333],[-68.4541,-31.8177],[-68.4332,-31.888],[-68.4432,-31.8754],[-68.5412,-31.8727],[-68.6859,-31.9],[-69.1178,-31.9083],[-69.1095,-31.9362],[-69.1264,-32.0019],[-69.0862,-32.0524],[-69.0116,-32.1165],[-68.9176,-32.1146],[-68.9176,-32.338],[-68.6657,-32.3371],[-68.4629,-32.2377],[-68.463,-32.1378],[-68.3153,-32.1377]]]}},{"type":"Feature","properties":{"name":"Santa María","province":"Córdoba"},"geometry":{"type":"Polygon","coordinates":[[[-64.7158,-31.6762],[-64.7269,-31.7354],[-64.76,-31.7599],[-64.7835,-31.8267],[-64.8873,-31.8281],[-64.8847,-31.8467],[-64.9282,-31.9091],[-64.8949,-31.9069],[-64.8345,-31.8653],[-64.6091,-31.8966],[-64.5822,-31.8784],[-64.5473,-31.8809],[-64.5527,-31.8688],[-64.5274,-31.8521],[-64.5153,-31.8161],[-64.4943,-31.8232],[-64.4955,-31.8465],[-64.4321,-31.84],[-64.4265,-31.8572],[-64.4054,-31.8373],[-64.3786,-31.8457],[-64.3702,-31.8175],[-64.3331,-31.8076],[-64.3354,-31.8411],[-64.2872,-31.8422],[-64.2883,-31.95],[-64.2748,-31.945],[-64.2743,-31.9127],[-64.2543,-31.9126],[-64.2544,-31.9313],[-64.2237,-31.9297],[-64.2414,-32.0045],[-64.0845,-32.0047],[-64.0841,-31.9506],[-63.9738,-31.9518],[-63.9744,-31.998],[-63.9193,-32.0098],[-63.9181,-31.8746],[-63.9469,-31.8744],[-63.9478,-31.7529],[-64.0126,-31.75],[-64.0503,-31.7855],[-64.0459,-31.6871],[-64.0146,-31.656],[-63.9853,-31.6511],[-64.0166,-31.6204],[-63.9341,-31.5582],[-63.9567,-31.5365],[-63.9521,-31.4397],[-63.975,-31.4521],[-64.0561,-31.4211],[-64.0574,-31.525],[-64.3098,-31.525],[-64.3101,-31.3631],[-64.3511,-31.3713],[-64.4232,-31.3559],[-64.4288,-31.422],[-64.4462,-31.4345],[-64.4482,-31.418],[-64.4798,-31.4208],[-64.5484,-31.5511],[-64.548,-31.691],[-64.5981,-31.7098],[-64.5998,-31.6939],[-64.6331,-31.6944],[-64.6395,-31.6783],[-64.664,-31.6924],[-64.6778,-31.6758],[-64.7158,-31.6762]]]}},{"type":"Feature","properties":{"name":"Pehuenches","province":"Neuquén"},"geometry":{"type":"Polygon","coordinates":[[[-68.25,-37.5767],[-68.3547,-37.5467],[-68.395,-37.5595],[-68.4371,-37.5442],[-68.5043,-37.4535],[-68.6973,-37.4417],[-68.7178,-37.3892],[-68.7667,-37.3655],[-68.8666,-37.4007],[-68.894,-37.3794],[-69.0256,-37.3645],[-69.0494,-37.3123],[-69.0383,-37.255],[-69.0668,-37.2228],[-69.1715,-37.178],[-69.2192,-37.1769],[-69.2699,-37.1442],[-69.3962,-37.1713],[-69.4302,-37.1597],[-69.5262,-37.1726],[-69.7117,-37.1016],[-69.7608,-37.0608],[-69.7756,-36.9906],[-69.7792,-36.9161],[-69.7522,-36.8853],[-69.7591,-36.8714],[-69.8505,-36.8458],[-69.8756,-36.8108],[-69.9234,-36.7924],[-69.9213,-36.7597],[-69.9446,-36.744],[-69.9477,-36.7217],[-69.9871,-36.6932],[-70.0125,-36.6947],[-70.0224,-36.6648],[-70.0426,-36.659],[-70.0578,-37.258],[-70.0204,-37.2852],[-70.105,-37.4346],[-70.0838,-37.4751],[-70.0998,-37.4915],[-70.0849,-37.5303],[-70.0461,-37.5567],[-70.0309,-37.6544],[-69.9089,-37.6673],[-69.8857,-37.6914],[-68.2501,-37.7045],[-68.25,-37.5767]]]}},{"type":"Feature","properties":{"name":"Leales","province":"Tucumán"},"geometry":{"type":"Polygon","coordinates":[[[-64.7988,-27.1505],[-64.7812,-27.0766],[-64.8143,-27.0641],[-65.0465,-27.0151],[-65.0497,-27.0294],[-65.1213,-27.0259],[-65.249,-26.997],[-65.2565,-27.0223],[-65.2692,-27.021],[-65.251,-26.9735],[-65.2947,-26.9209],[-65.314,-26.9865],[-65.2838,-26.9864],[-65.3005,-27.0201],[-65.2986,-27.0113],[-65.3148,-27.01],[-65.3107,-27.0275],[-65.3514,-27.0874],[-65.3441,-27.1045],[-65.39,-27.0887],[-65.4027,-27.1156],[-65.4219,-27.1121],[-65.4265,-27.1277],[-65.3689,-27.1621],[-65.335,-27.2165],[-65.3,-27.2254],[-65.3008,-27.2673],[-65.2176,-27.3151],[-65.2198,-27.3327],[-65.1934,-27.3618],[-65.1572,-27.372],[-65.1115,-27.4264],[-65.0927,-27.421],[-65.0886,-27.4386],[-65.1042,-27.4469],[-65.0633,-27.4616],[-65.0631,-27.4423],[-65.0282,-27.4832],[-65.0089,-27.4837],[-64.9743,-27.3506],[-64.9375,-27.3579],[-64.9344,-27.3444],[-64.8541,-27.3173],[-64.8112,-27.1487],[-64.7988,-27.1505]]]}},{"type":"Feature","properties":{"name":"Capital","province":"Córdoba"},"geometry":{"type":"Polygon","coordinates":[[[-64.3101,-31.3228],[-64.3098,-31.525],[-64.0574,-31.525],[-64.0574,-31.3085],[-64.2881,-31.3073],[-64.2983,-31.3287],[-64.3101,-31.3228]]]}},{"type":"Feature","properties":{"name":"Ushuaia","province":"Tierra del Fuego"},"geometry":{"type":"MultiPolygon","coordinates":[[[[-68.6077,-54.5563],[-68.5951,-54.7996],[-68.6094,-54.894],[-68.501,-54.8669],[-68.5556,-54.8628],[-68.5771,-54.8544],[-68.5698,-54.8439],[-68.4443,-54.8584],[-68.3303,-54.8298],[-68.3104,-54.8489],[-68.2606,-54.8407],[-68.3046,-54.8321],[-68.2988,-54.8158],[-68.3153,-54.8115],[-68.2636,-54.7952],[-68.0333,-54.8502],[-67.8258,-54.8597],[-67.7035,-54.886],[-67.6055,-54.8814],[-67.5058,-54.8535],[-67.4949,-54.8669],[-67.5063,-54.8746],[-67.4951,-54.8672],[-67.4505,-54.8656],[-67.4095,-54.8894],[-67.3594,-54.8798],[-67.3414,-54.8827],[-67.3667,-54.8715],[-67.3422,-54.875],[-67.3527,-54.8661],[-67.3027,-54.8874],[-67.2952,-54.872],[-67.2784,-54.87],[-67.272,-54.8801],[-67.2897,-54.8757],[-67.276,-54.8877],[-67.2822,-54.8794],[-67.1539,-54.8929],[-66.934,-54.9418],[-66.7645,-54.9607],[-66.7187,-55.0053],[-66.5216,-55.0567],[-66.3722,-55.0396],[-66.3591,-55.0286],[-66.3695,-55.0093],[-66.3013,-54.9912],[-66.1077,-54.9949],[-65.9714,-54.9684],[-65.9581,-54.941],[-65.9958,-54.9184],[-65.9824,-54.9026],[-65.7391,-54.9099],[-65.7118,-54.9343],[-65.719,-54.9714],[-65.6368,-54.97],[-65.6036,-54.9438],[-65.511,-54.9349],[-65.4942,-54.9257],[-65.4994,-54.9018],[-65.4683,-54.8886],[-65.4286,-54.8936],[-65.4184,-54.9375],[-65.3821,-54.9411],[-65.3295,-54.9207],[-65.309,-54.903],[-65.3133,-54.8731],[-65.2323,-54.8293],[-65.2228,-54.8173],[-65.2639,-54.7959],[-65.2038,-54.7801],[-65.2129,-54.7741],[-65.1977,-54.7628],[-65.2183,-54.7457],[-65.192,-54.7205],[-65.1935,-54.6953],[-65.1168,-54.6582],[-65.2344,-54.6414],[-65.2545,-54.6633],[-65.2615,-54.6529],[-65.234,-54.6367],[-65.2454,-54.6305],[-65.2349,-54.6188],[-65.4019,-54.6403],[-65.4285,-54.6632],[-65.4482,-54.6552],[-65.4308,-54.6422],[-65.5112,-54.6559],[-65.5199,-54.6776],[-65.5512,-54.6473],[-65.6842,-54.6634],[-65.8028,-54.6519],[-66.2976,-54.5105],[-66.4055,-54.5368],[-66.5769,-54.5405],[-66.6397,-54.5564],[-68.6077,-54.5563]]],[[[-64.3292,-54.7339],[-64.3385,-54.7029],[-64.3494,-54.7406],[-64.3763,-54.7528],[-64.3576,-54.7851],[-64.3674,-54.8109],[-64.3666,-54.7848],[-64.3954,-54.7825],[-64.3914,-54.7491],[-64.4215,-54.7549],[-64.4032,-54.7644],[-64.4049,-54.7807],[-64.4124,-54.7827],[-64.4322,-54.761],[-64.4899,-54.7637],[-64.5438,-54.7252],[-64.5415,-54.7686],[-64.5215,-54.7731],[-64.5267,-54.7883],[-64.5114,-54.7981],[-64.5569,-54.7959],[-64.5865,-54.8208],[-64.6396,-54.7971],[-64.6479,-54.7768],[-64.6871,-54.7806],[-64.6743,-54.7999],[-64.6973,-54.8061],[-64.7088,-54.7896],[-64.7566,-54.8365],[-64.739,-54.8592],[-64.6877,-54.843],[-64.6644,-54.8506],[-64.6837,-54.8611],[-64.6436,-54.8884],[-64.7042,-54.9155],[-64.6061,-54.9108],[-64.5663,-54.8828],[-64.539,-54.8884],[-64.5156,-54.8702],[-64.5267,-54.8678],[-64.5182,-54.8546],[-64.4661,-54.8234],[-64.4715,-54.8352],[-64.445,-54.84],[-64.4749,-54.8426],[-64.5013,-54.8623],[-64.4817,-54.875],[-64.4486,-54.8646],[-64.4486,-54.8754],[-64.4062,-54.8552],[-64.3944,-54.8273],[-64.3246,-54.825],[-64.2991,-54.8064],[-64.3049,-54.7877],[-64.2702,-54.7906],[-64.2636,-54.8045],[-64.2339,-54.7823],[-64.2391,-54.8404],[-64.2237,-54.842],[-64.2226,-54.8579],[-64.2006,-54.8284],[-64.1796,-54.8389],[-64.1723,-54.8233],[-64.1482,-54.8301],[-64.1206,-54.8144],[-64.1099,-54.8333],[-64.0612,-54.7797],[-64.0345,-54.808],[-63.9549,-54.7668],[-63.9675,-54.7937],[-63.9451,-54.7959],[-63.9534,-54.8133],[-63.8828,-54.7797],[-63.886,-54.7932],[-63.8457,-54.7892],[-63.829,-54.7606],[-63.8015,-54.751],[-63.8103,-54.7368],[-63.7959,-54.7272],[-63.8259,-54.7206],[-63.8788,-54.7552],[-63.8881,-54.7512],[-63.8548,-54.7317],[-63.8784,-54.7307],[-63.8763,-54.7168],[-63.958,-54.7413],[-63.9899,-54.7357],[-64.0426,-54.7781],[-64.0303,-54.7514],[-64.0473,-54.7304],[-64.0729,-54.7284],[-64.1084,-54.7643],[-64.1265,-54.7575],[-64.1061,-54.7497],[-64.1094,-54.738],[-64.1495,-54.7303],[-64.1649,-54.7402],[-64.1454,-54.7451],[-64.1385,-54.7704],[-64.2163,-54.7339],[-64.2424,-54.7452],[-64.2787,-54.729],[-64.3292,-54.7339]]],[[[-67.4716,-54.8844],[-67.5403,-54.8798],[-67.5361,-54.9019],[-67.4901,-54.9179],[-67.4621,-54.9016],[-67.4143,-54.9123],[-67.422,-54.8995],[-67.4083,-54.9004],[-67.4361,-54.8929],[-67.4471,-54.8791],[-67.4716,-54.8844]]],[[[-64.1091,-54.6512],[-64.1403,-54.6459],[-64.1624,-54.6507],[-64.1397,-54.6688],[-64.1091,-54.6512]]],[[[-67.4699,-54.8694],[-67.4696,-54.8803],[-67.4461,-54.8759],[-67.4512,-54.8733],[-67.4699,-54.8694]]],[[[-64.2475,-54.6761],[-64.2717,-54.6793],[-64.2566,-54.6874],[-64.2475,-54.6761]]],[[[-68.2329,-54.8704],[-68.2502,-54.8659],[-68.267,-54.8697],[-68.2329,-54.8704]]],[[[-64.2367,-54.705],[-64.2481,-54.7002],[-64.2483,-54.7043],[-64.2367,-54.705]]],[[[-67.401,-54.9021],[-67.3917,-54.9078],[-67.3747,-54.9093],[-67.3747,-54.9036],[-67.401,-54.9021]]],[[[-67.343,-54.899],[-67.3358,-54.8966],[-67.3492,-54.8928],[-67.343,-54.899]]],[[[-68.4797,-54.8608],[-68.4864,-54.8666],[-68.4752,-54.8658],[-68.4797,-54.8608]]],[[[-64.1562,-54.8553],[-64.1513,-54.8459],[-64.163,-54.8558],[-64.1562,-54.8553]]],[[[-68.2421,-54.858],[-68.2334,-54.8616],[-68.2323,-54.8589],[-68.2421,-54.858]]],[[[-64.3851,-54.8531],[-64.3904,-54.8462],[-64.3919,-54.8525],[-64.3851,-54.8531]]],[[[-67.035,-54.9506],[-67.0275,-54.9514],[-67.0327,-54.9471],[-67.035,-54.9506]]],[[[-64.2502,-54.6914],[-64.2564,-54.6922],[-64.2563,-54.6982],[-64.2502,-54.6914]]],[[[-64.1661,-54.8768],[-64.1745,-54.8757],[-64.1738,-54.8806],[-64.1661,-54.8768]]],[[[-64.3268,-54.8425],[-64.3325,-54.8429],[-64.3317,-54.8478],[-64.3268,-54.8425]]],[[[-68.2461,-54.8777],[-68.2382,-54.876],[-68.253,-54.8749],[-68.2461,-54.8777]]],[[[-66.3046,-55.0166],[-66.302,-55.0116],[-66.3067,-55.0106],[-66.3046,-55.0166]]],[[[-68.168,-54.8607],[-68.1711,-54.8566],[-68.1736,-54.8604],[-68.168,-54.8607]]],[[[-68.4546,-54.8654],[-68.4557,-54.8621],[-68.46,-54.8655],[-68.4546,-54.8654]]],[[[-67.3847,-54.8929],[-67.3825,-54.8886],[-67.394,-54.8923],[-67.3847,-54.8929]]],[[[-67.0105,-54.9567],[-67.0042,-54.9557],[-67.0062,-54.9536],[-67.0105,-54.9567]]],[[[-68.2503,-54.8468],[-68.2581,-54.8483],[-68.2479,-54.8482],[-68.2503,-54.8468]]],[[[-67.3973,-54.8973],[-67.398,-54.8927],[-67.4017,-54.8949],[-67.3973,-54.8973]]],[[[-68.2452,-54.862],[-68.253,-54.8609],[-68.2537,-54.8626],[-68.2452,-54.862]]],[[[-68.1754,-54.8713],[-68.1816,-54.8709],[-68.1685,-54.8718],[-68.1754,-54.8713]]],[[[-67.4284,-54.8848],[-67.435,-54.8854],[-67.4322,-54.8887],[-67.4284,-54.8848]]],[[[-64.0951,-54.7465],[-64.1015,-54.7454],[-64.1032,-54.7492],[-64.0951,-54.7465]]],[[[-64.665,-54.8901],[-64.6647,-54.8882],[-64.6713,-54.8914],[-64.665,-54.8901]]],[[[-67.431,-54.8815],[-67.4393,-54.8821],[-67.4279,-54.8824],[-67.431,-54.8815]]],[[[-68.2384,-54.8793],[-68.2424,-54.8776],[-68.2465,-54.8785],[-68.2384,-54.8793]]],[[[-64.5816,-54.8117],[-64.5786,-54.8082],[-64.5831,-54.8101],[-64.5816,-54.8117]]],[[[-65.579,-54.9496],[-65.5732,-54.9524],[-65.5731,-54.9506],[-65.579,-54.9496]]],[[[-68.2615,-54.8683],[-68.2625,-54.8664],[-68.2663,-54.8675],[-68.2615,-54.8683]]],[[[-64.0969,-54.7395],[-64.0941,-54.742],[-64.0913,-54.7407],[-64.0969,-54.7395]]],[[[-64.4833,-54.8786],[-64.4802,-54.8764],[-64.4853,-54.8771],[-64.4833,-54.8786]]],[[[-65.5874,-54.9489],[-65.5925,-54.9499],[-65.5884,-54.9504],[-65.5874,-54.9489]]],[[[-68.2578,-54.8739],[-68.2575,-54.8729],[-68.2615,-54.8732],[-68.2578,-54.8739]]],[[[-64.3552,-54.8426],[-64.3555,-54.8447],[-64.3534,-54.843],[-64.3552,-54.8426]]],[[[-67.356,-54.8842],[-67.3558,-54.8832],[-67.3587,-54.8835],[-67.356,-54.8842]]],[[[-64.3619,-54.8311],[-64.3644,-54.8317],[-64.3634,-54.8328],[-64.3619,-54.8311]]],[[[-68.198,-54.8731],[-68.1971,-54.8722],[-68.2007,-54.8721],[-68.198,-54.8731]]],[[[-66.5476,-55.0635],[-66.546,-55.0629],[-66.5481,-55.0622],[-66.5476,-55.0635]]]]}},{"type":"Feature","properties":{"name":"Lobería","province":"Buenos Aires"},"geometry":{"type":"Polygon","coordinates":[[[-58.6198,-38.562],[-58.4976,-38.5375],[-58.238,-38.4458],[-58.2851,-38.3852],[-58.2702,-38.3544],[-58.2838,-38.3156],[-58.3383,-38.2511],[-58.3232,-38.2235],[-58.3433,-38.1595],[-58.3289,-38.074],[-58.5907,-37.8778],[-58.5074,-37.8057],[-58.809,-37.578],[-59.1625,-37.8768],[-59.1683,-37.9363],[-59.1274,-37.974],[-59.1254,-37.9953],[-59.0541,-38.047],[-59.0387,-38.087],[-58.9542,-38.1554],[-58.9517,-38.1829],[-58.9205,-38.1928],[-58.9071,-38.2454],[-58.8672,-38.2916],[-58.8158,-38.3195],[-58.7825,-38.3777],[-58.7875,-38.4016],[-58.7576,-38.4721],[-58.7401,-38.481],[-58.7519,-38.4887],[-58.7399,-38.516],[-58.7075,-38.4952],[-58.6198,-38.562]]]}},{"type":"Feature","properties":{"name":"Comuna 12","province":"Ciudad Autónoma de Buenos Aires"},"geometry":{"type":"Polygon","coordinates":[[[-58.5008,-34.5495],[-58.5034,-34.594],[-58.468,-34.5729],[-58.4682,-34.549],[-58.4759,-34.5387],[-58.5008,-34.5495]]]}},{"type":"Feature","properties":{"name":"Capital","province":"Misiones"},"geometry":{"type":"MultiPolygon","coordinates":[[[[-55.8528,-27.757],[-55.769,-27.7269],[-55.7668,-27.6953],[-55.7448,-27.7169],[-55.7218,-27.7111],[-55.6924,-27.7409],[-55.662,-27.7432],[-55.6573,-27.7062],[-55.6162,-27.7084],[-55.6087,-27.6409],[-55.6514,-27.6308],[-55.6793,-27.5906],[-55.72,-27.6026],[-55.7232,-27.5844],[-55.8084,-27.5669],[-55.7879,-27.5511],[-55.784,-27.4955],[-55.8095,-27.4699],[-55.7929,-27.4356],[-55.8389,-27.4075],[-55.8811,-27.352],[-55.9012,-27.3424],[-55.9789,-27.3551],[-56.0031,-27.3422],[-56.0243,-27.3243],[-56.0393,-27.3459],[-56.0279,-27.3731],[-56.036,-27.4143],[-56.0547,-27.4194],[-56.0552,-27.45],[-56.0269,-27.5074],[-55.9785,-27.5428],[-55.8528,-27.757]]],[[[-55.9289,-27.3383],[-55.9471,-27.3352],[-55.9604,-27.3419],[-55.9289,-27.3383]]],[[[-55.9971,-27.3386],[-56.0051,-27.3374],[-55.9962,-27.3403],[-55.9971,-27.3386]]]]}},{"type":"Feature","properties":{"name":"Vinchina","province":"La Rioja"},"geometry":{"type":"Polygon","coordinates":[[[-69.0953,-27.7948],[-69.1103,-27.8522],[-69.1315,-27.8717],[-69.123,-27.9015],[-69.1733,-27.9714],[-69.2371,-27.9665],[-69.2513,-28.0045],[-69.2691,-28.0113],[-69.2631,-28.0467],[-69.3014,-28.0713],[-69.3074,-28.1289],[-69.3363,-28.1641],[-69.3818,-28.1818],[-69.3914,-28.2264],[-69.452,-28.1842],[-69.4622,-28.1929],[-68.2188,-28.8691],[-68.0127,-28.9027],[-67.8355,-29.008],[-67.8247,-28.8813],[-67.8771,-28.7611],[-67.8298,-28.5355],[-67.8763,-28.3648],[-67.8607,-28.2942],[-67.8942,-28.2591],[-67.899,-28.2121],[-67.9302,-28.1722],[-67.9149,-28.1141],[-68.0224,-28.1247],[-68.0246,-28.1393],[-68.0538,-28.1398],[-68.1073,-28.1735],[-68.1412,-28.1018],[-68.1644,-28.1108],[-68.1831,-28.086],[-68.2462,-28.0711],[-68.2747,-28.0951],[-68.2954,-28.0686],[-68.2862,-28.0265],[-68.3358,-28.0376],[-68.3517,-28.0172],[-68.3966,-28.0042],[-68.44,-28.0254],[-68.4567,-28.0156],[-68.4403,-27.8737],[-68.4583,-27.852],[-68.5145,-27.8386],[-68.5391,-27.7854],[-68.5434,-27.7098],[-68.5823,-27.8198],[-68.6242,-27.7917],[-68.716,-27.8152],[-68.7295,-27.8058],[-68.7238,-27.7897],[-68.799,-27.7557],[-69.0953,-27.7948]]]}},{"type":"Feature","properties":{"name":"Saavedra","province":"Buenos Aires"},"geometry":{"type":"Polygon","coordinates":[[[-62.4255,-37.3484],[-62.6295,-37.51],[-62.5812,-37.549],[-62.8952,-37.8191],[-62.5748,-38.0754],[-62.4901,-38.0084],[-62.4682,-38.0499],[-62.4749,-38.0678],[-62.4397,-38.0559],[-62.3474,-38.1352],[-62.332,-38.1077],[-62.2788,-38.0873],[-62.2453,-38.0406],[-62.1693,-37.9936],[-62.1576,-37.9661],[-62.0986,-37.9344],[-62.0441,-37.7526],[-62.4255,-37.3484]]]}},{"type":"Feature","properties":{"name":"Zonda","province":"San Juan"},"geometry":{"type":"Polygon","coordinates":[[[-68.7112,-31.6462],[-68.6865,-31.5645],[-68.7078,-31.5638],[-68.6517,-31.4724],[-68.6778,-31.4959],[-68.8055,-31.5203],[-68.9954,-31.52],[-69.0056,-31.365],[-69.0322,-31.3166],[-69.1084,-31.2813],[-69.1108,-31.2623],[-69.2119,-31.2557],[-69.2069,-31.3221],[-69.2186,-31.3404],[-69.1991,-31.378],[-69.2161,-31.4017],[-69.2051,-31.4314],[-69.2192,-31.4562],[-69.1572,-31.5815],[-69.1621,-31.7255],[-69.1064,-31.8327],[-69.1128,-31.9008],[-68.6859,-31.9],[-68.6637,-31.7394],[-68.7112,-31.6462]]]}},{"type":"Feature","properties":{"name":"Patagones","province":"Buenos Aires"},"geometry":{"type":"MultiPolygon","coordinates":[[[[-63.3835,-39.3287],[-63.3793,-40.7098],[-63.3627,-40.703],[-63.3589,-40.7208],[-63.31,-40.7065],[-63.284,-40.7287],[-63.1916,-40.7163],[-62.9572,-40.8177],[-62.8015,-40.9821],[-62.7897,-41.0242],[-62.7104,-41.0377],[-62.553,-40.9592],[-62.4133,-40.9202],[-62.3125,-40.8711],[-62.2323,-40.6879],[-62.1741,-40.6366],[-62.1727,-40.5845],[-62.2551,-40.5391],[-62.3185,-40.5264],[-62.2507,-40.557],[-62.2551,-40.5771],[-62.2622,-40.563],[-62.2825,-40.5715],[-62.2976,-40.5427],[-62.3207,-40.5353],[-62.3204,-40.5049],[-62.4189,-40.4637],[-62.421,-40.4286],[-62.4469,-40.4079],[-62.4894,-40.3177],[-62.4458,-40.2502],[-62.3389,-40.1869],[-62.3276,-40.1514],[-62.3519,-40.07],[-62.3288,-39.9775],[-62.3414,-39.9601],[-62.3036,-39.862],[-62.2661,-39.8591],[-62.2967,-39.8279],[-62.2567,-39.8149],[-62.3897,-39.7803],[-62.3749,-39.7638],[-62.3965,-39.7547],[-62.4103,-39.7243],[-62.4774,-39.6933],[-62.4873,-39.6643],[-62.4756,-39.6284],[-62.4926,-39.606],[-62.6181,-39.547],[-62.6224,-39.5313],[-62.6923,-39.5342],[-62.7551,-39.506],[-62.8551,-39.5304],[-62.9133,-39.5036],[-62.9631,-39.5162],[-62.9726,-39.5026],[-63.0145,-39.5017],[-63.0158,-39.4853],[-63.0286,-39.4943],[-63.0326,-39.4804],[-63.0738,-39.4765],[-63.066,-39.4599],[-63.0971,-39.4708],[-63.0919,-39.452],[-63.1137,-39.4523],[-63.102,-39.4256],[-63.1378,-39.3927],[-63.1724,-39.4127],[-63.2884,-39.3464],[-63.3835,-39.3287]]],[[[-62.1417,-40.3866],[-62.1639,-40.361],[-62.1739,-40.3685],[-62.1987,-40.436],[-62.1711,-40.4388],[-62.1434,-40.4205],[-62.1377,-40.4106],[-62.1369,-40.4012],[-62.1318,-40.3918],[-62.1523,-40.3964],[-62.1417,-40.3866]]],[[[-62.1804,-40.4609],[-62.1999,-40.4456],[-62.2349,-40.508],[-62.2171,-40.5235],[-62.1566,-40.4577],[-62.1804,-40.4609]]],[[[-62.1092,-40.2016],[-62.1172,-40.1573],[-62.1103,-40.125],[-62.1315,-40.178],[-62.1088,-40.22],[-62.093,-40.2064],[-62.1092,-40.2016]]],[[[-62.3112,-40.2979],[-62.3434,-40.2857],[-62.3445,-40.3417],[-62.3278,-40.341],[-62.3112,-40.2979]]],[[[-62.2877,-40.2995],[-62.3167,-40.3353],[-62.3121,-40.3429],[-62.267,-40.3151],[-62.2649,-40.2994],[-62.2877,-40.2995]]],[[[-62.1898,-39.873],[-62.2485,-39.8742],[-62.2225,-39.8811],[-62.1898,-39.873]]],[[[-62.1497,-40.0349],[-62.1687,-40.0223],[-62.1688,-40.0273],[-62.1556,-40.0369],[-62.1198,-40.0277],[-62.1497,-40.0349]]],[[[-62.3693,-40.256],[-62.3571,-40.251],[-62.3571,-40.2339],[-62.3747,-40.2374],[-62.3693,-40.256]]],[[[-62.3536,-40.2231],[-62.333,-40.2127],[-62.3192,-40.1944],[-62.3427,-40.2075],[-62.3536,-40.2231]]],[[[-62.1585,-40.4565],[-62.1578,-40.4468],[-62.1767,-40.4544],[-62.1585,-40.4565]]],[[[-62.1266,-40.4064],[-62.1213,-40.3955],[-62.1331,-40.399],[-62.1266,-40.4064]]],[[[-62.0818,-40.2595],[-62.0721,-40.2519],[-62.075,-40.2458],[-62.0818,-40.2595]]],[[[-62.3691,-40.215],[-62.3617,-40.2186],[-62.3533,-40.2057],[-62.3691,-40.215]]],[[[-62.356,-40.3566],[-62.3643,-40.3576],[-62.3571,-40.3643],[-62.356,-40.3566]]],[[[-62.1252,-40.3866],[-62.1137,-40.3863],[-62.1123,-40.3794],[-62.1252,-40.3866]]],[[[-62.3532,-40.2117],[-62.3464,-40.2119],[-62.3434,-40.2071],[-62.3532,-40.2117]]],[[[-62.136,-40.4019],[-62.1306,-40.4065],[-62.1342,-40.4008],[-62.136,-40.4019]]],[[[-62.1237,-39.8814],[-62.1134,-39.8703],[-62.1141,-39.8649],[-62.1237,-39.8814]]],[[[-62.1499,-39.8912],[-62.1496,-39.8866],[-62.1532,-39.8868],[-62.1499,-39.8912]]]]}},{"type":"Feature","properties":{"name":"San Alberto","province":"Córdoba"},"geometry":{"type":"Polygon","coordinates":[[[-64.793,-31.4247],[-64.8316,-31.409],[-64.9863,-31.399],[-65.172,-31.4533],[-65.1821,-31.4904],[-65.1665,-31.4908],[-65.1665,-31.5596],[-65.2507,-31.567],[-65.2368,-31.6755],[-65.2613,-31.6737],[-65.2734,-31.6498],[-65.3995,-31.649],[-65.3993,-31.6201],[-65.4693,-31.6199],[-65.4701,-31.691],[-65.4846,-31.6911],[-65.5022,-31.7594],[-65.7704,-31.7433],[-65.7701,-31.8886],[-65.6064,-31.9083],[-65.6059,-31.8955],[-65.3526,-31.9042],[-65.3523,-31.9206],[-65.252,-31.9484],[-65.1057,-31.9158],[-65.045,-31.872],[-65.0187,-31.8786],[-64.9956,-31.86],[-64.9282,-31.9091],[-64.8847,-31.8467],[-64.8873,-31.8281],[-64.7835,-31.8267],[-64.76,-31.7599],[-64.7269,-31.7354],[-64.7126,-31.7012],[-64.7724,-31.5601],[-64.7514,-31.5161],[-64.7838,-31.5046],[-64.793,-31.4247]]]}},{"type":"Feature","properties":{"name":"Pellegrini","province":"Buenos Aires"},"geometry":{"type":"Polygon","coordinates":[[[-63.2825,-36.6077],[-63.0485,-36.4155],[-63.0679,-36.3995],[-62.9593,-36.2962],[-62.979,-36.2802],[-62.9392,-36.2485],[-63.3842,-35.8842],[-63.3841,-36.5262],[-63.2825,-36.6077]]]}},{"type":"Feature","properties":{"name":"Capitán Sarmiento","province":"Buenos Aires"},"geometry":{"type":"Polygon","coordinates":[[[-59.6757,-34.1668],[-59.7231,-34.1308],[-59.7085,-34.0932],[-59.741,-34.0484],[-59.7466,-33.9974],[-59.8123,-34.0143],[-59.8444,-34.0525],[-59.896,-34.0778],[-59.9859,-34.084],[-59.9846,-34.1969],[-60.0401,-34.2685],[-59.9708,-34.2867],[-59.8945,-34.2365],[-59.8747,-34.2641],[-59.6757,-34.1668]]]}},{"type":"Feature","properties":{"name":"Tordillo","province":"Buenos Aires"},"geometry":{"type":"Polygon","coordinates":[[[-57.3295,-36.6686],[-57.1652,-36.5206],[-57.1771,-36.512],[-57.0996,-36.4414],[-57.0828,-36.4535],[-57.0408,-36.4284],[-57.0697,-36.3868],[-57.0153,-36.3267],[-57.1152,-36.2801],[-57.2068,-36.1984],[-57.4192,-36.1572],[-57.4734,-36.3402],[-57.3442,-36.3654],[-57.4451,-36.479],[-57.4007,-36.5125],[-57.4658,-36.5704],[-57.3295,-36.6686]]]}},{"type":"Feature","properties":{"name":"Avellaneda","province":"Buenos Aires"},"geometry":{"type":"Polygon","coordinates":[[[-58.3335,-34.727],[-58.2794,-34.6787],[-58.3419,-34.6311],[-58.4065,-34.6635],[-58.3335,-34.727]]]}},{"type":"Feature","properties":{"name":"Rivadavia","province":"Salta"},"geometry":{"type":"Polygon","coordinates":[[[-62.3423,-22.4607],[-62.3807,-22.4733],[-62.3845,-22.4543],[-62.446,-22.4231],[-62.4482,-22.4021],[-62.4642,-22.4041],[-62.4633,-22.3726],[-62.5206,-22.378],[-62.5406,-22.3283],[-62.5701,-22.3345],[-62.5693,-22.3094],[-62.5954,-22.3209],[-62.6039,-22.3066],[-62.6364,-22.3059],[-62.6317,-22.2423],[-62.6602,-22.2507],[-62.6849,-22.2123],[-62.7206,-22.2021],[-62.7651,-22.1523],[-62.7889,-22.165],[-62.8139,-22.105],[-62.797,-22.0668],[-62.8142,-22.0422],[-62.8112,-21.9988],[-63.1554,-21.9993],[-63.1216,-22.935],[-63.202,-22.9364],[-63.2722,-23.4559],[-63.2854,-23.4544],[-63.2767,-23.6494],[-63.3312,-23.6256],[-63.3233,-23.6049],[-63.3676,-23.5872],[-63.3619,-23.5632],[-63.3803,-23.5577],[-63.4939,-23.963],[-63.4814,-23.9656],[-63.5219,-24.1284],[-63.4333,-24.1469],[-63.4363,-24.1733],[-63.3481,-24.1531],[-63.377,-24.3042],[-63.2996,-24.2783],[-63.3032,-24.3164],[-63.2321,-24.322],[-63.2037,-24.217],[-63.161,-24.2217],[-63.1719,-24.3045],[-63.0531,-24.3922],[-63.0263,-24.234],[-62.9465,-24.2742],[-62.9369,-24.716],[-63.2341,-24.7188],[-63.2335,-24.8566],[-63.0746,-24.8556],[-63.0742,-25.244],[-62.3417,-24.3925],[-62.3423,-22.4607]]]}},{"type":"Feature","properties":{"name":"Monte Hermoso","province":"Buenos Aires"},"geometry":{"type":"Polygon","coordinates":[[[-61.4561,-38.9137],[-61.4562,-38.9954],[-61.1432,-39.0001],[-61.0692,-38.9882],[-61.0868,-38.9883],[-61.0868,-38.9473],[-61.3147,-38.9466],[-61.3408,-38.9137],[-61.4561,-38.9137]]]}},{"type":"Feature","properties":{"name":"Corpen Aike","province":"Santa Cruz"},"geometry":{"type":"Polygon","coordinates":[[[-70.5808,-49.2039],[-70.646,-50.7368],[-69.1385,-50.7656],[-69.1399,-50.7223],[-69.0792,-50.5651],[-68.971,-50.4199],[-68.9066,-50.3635],[-68.8793,-50.3608],[-68.88,-50.3356],[-68.7733,-50.2881],[-68.7373,-50.2896],[-68.4072,-50.1862],[-68.3549,-50.1513],[-68.3608,-50.1354],[-68.4903,-50.088],[-68.5131,-50.0531],[-68.5093,-50.0198],[-68.5807,-49.9644],[-68.6729,-49.9933],[-68.8591,-49.9692],[-68.9328,-50.0],[-68.8745,-49.9658],[-68.6591,-49.9649],[-68.5714,-49.9368],[-68.6374,-49.7776],[-68.5583,-49.8722],[-68.5319,-49.9336],[-68.477,-49.9674],[-68.4164,-50.059],[-68.3694,-50.0873],[-68.3529,-50.1176],[-68.2019,-50.1165],[-68.0395,-50.0682],[-67.8552,-49.9632],[-67.7486,-49.8139],[-67.7245,-49.7569],[-67.7205,-49.636],[-67.6759,-49.4419],[-68.8226,-49.4548],[-68.8268,-49.3168],[-69.7578,-49.3182],[-69.7582,-49.2087],[-70.5808,-49.2039]]]}},{"type":"Feature","properties":{"name":"Capital","province":"Mendoza"},"geometry":{"type":"Polygon","coordinates":[[[-68.8195,-32.8721],[-68.8316,-32.8604],[-68.9573,-32.8616],[-68.9572,-32.9015],[-68.8366,-32.9026],[-68.8195,-32.8721]]]}},{"type":"Feature","properties":{"name":"Presidente Roque Sáenz Peña","province":"Córdoba"},"geometry":{"type":"Polygon","coordinates":[[[-64.0348,-33.8328],[-64.0317,-34.1742],[-64.1602,-34.2084],[-64.2085,-34.2391],[-64.1655,-34.2573],[-64.1622,-34.3705],[-63.8349,-34.3642],[-63.8298,-34.5454],[-63.5015,-34.5448],[-63.5024,-34.5211],[-63.3836,-34.5297],[-63.3833,-34.3833],[-62.8797,-34.3835],[-62.5432,-33.9434],[-63.2247,-33.8153],[-63.2285,-33.8306],[-64.0348,-33.8328]]]}},{"type":"Feature","properties":{"name":"Quilmes","province":"Buenos Aires"},"geometry":{"type":"Polygon","coordinates":[[[-58.1948,-34.7355],[-58.2794,-34.6787],[-58.3469,-34.7392],[-58.3042,-34.801],[-58.2984,-34.7836],[-58.1948,-34.7355]]]}},{"type":"Feature","properties":{"name":"Sarmiento","province":"Chubut"},"geometry":{"type":"Polygon","coordinates":[[[-69.6268,-44.6814],[-69.6481,-45.9998],[-68.3631,-45.9998],[-68.3712,-44.6872],[-69.6268,-44.6814]]]}},{"type":"Feature","properties":{"name":"Zárate","province":"Buenos Aires"},"geometry":{"type":"Polygon","coordinates":[[[-59.3121,-34.1611],[-59.1028,-34.2002],[-58.9732,-34.1286],[-59.0096,-34.0989],[-58.9662,-33.9606],[-58.8518,-33.9485],[-58.8998,-33.891],[-58.9779,-33.8704],[-58.9929,-33.8418],[-59.0205,-33.8489],[-59.0555,-33.8324],[-59.1307,-33.8477],[-59.178,-33.8064],[-59.2881,-33.8258],[-59.301,-33.855],[-59.2399,-33.8961],[-59.2284,-33.9219],[-59.2591,-33.9413],[-59.3092,-33.9241],[-59.347,-33.9353],[-59.3027,-34.0637],[-59.266,-34.0915],[-59.2793,-34.1459],[-59.3121,-34.1611]]]}},{"type":"Feature","properties":{"name":"Los Andes","province":"Salta"},"geometry":{"type":"Polygon","coordinates":[[[-66.5858,-25.1657],[-66.5937,-25.0879],[-66.5568,-25.0436],[-66.597,-24.9927],[-66.5968,-24.9436],[-66.5833,-24.9191],[-66.4703,-24.844],[-66.4065,-24.8277],[-66.4088,-24.7738],[-66.4257,-24.7473],[-66.4086,-24.6996],[-66.4172,-24.6743],[-66.3677,-24.6071],[-66.3589,-24.5643],[-66.402,-24.4744],[-66.4113,-24.4173],[-66.4878,-24.3771],[-66.51,-24.2952],[-66.5021,-24.2427],[-66.2365,-24.4378],[-66.1548,-24.0161],[-66.3589,-23.9127],[-66.3675,-23.9711],[-66.3408,-23.9837],[-66.3768,-24.1154],[-66.3941,-24.1275],[-66.416,-24.1161],[-66.4199,-24.1609],[-66.4788,-24.1835],[-66.469,-24.1984],[-66.4834,-24.213],[-66.5058,-24.1974],[-66.5436,-24.2076],[-66.5587,-24.1873],[-66.6463,-24.1725],[-66.7265,-24.1223],[-66.7457,-24.0892],[-66.7974,-24.0964],[-66.8374,-24.0707],[-66.8823,-23.9728],[-66.9489,-23.9676],[-66.9976,-23.885],[-67.213,-23.6949],[-67.3226,-24.0342],[-68.2599,-24.4023],[-68.3085,-24.4918],[-68.3879,-24.4842],[-68.4349,-24.6068],[-68.4515,-24.6031],[-68.4679,-24.6237],[-68.4957,-24.6001],[-68.4926,-24.6654],[-68.5443,-24.7243],[-68.5688,-24.7941],[-68.538,-24.8173],[-68.5196,-24.8739],[-68.4326,-24.9059],[-68.407,-25.0303],[-68.3782,-25.0324],[-68.3442,-25.1108],[-68.4102,-25.1453],[-68.4377,-25.1228],[-68.4453,-25.134],[-68.4597,-25.1257],[-68.4714,-25.1502],[-68.5072,-25.1683],[-67.8646,-25.2384],[-66.8793,-25.2417],[-66.5593,-25.2986],[-66.5473,-25.2904],[-66.5424,-25.1863],[-66.5858,-25.1657]]]}},{"type":"Feature","properties":{"name":"Belgrano","province":"Santiago del Estero"},"geometry":{"type":"Polygon","coordinates":[[[-62.6447,-28.8655],[-62.6414,-28.9082],[-62.6736,-28.9349],[-62.6537,-28.9489],[-62.6731,-28.9578],[-62.6748,-28.9861],[-62.6516,-29.029],[-62.6285,-29.0371],[-62.6409,-29.0659],[-62.62,-29.0956],[-62.5703,-29.1048],[-62.5354,-29.1371],[-62.4894,-29.1353],[-62.4746,-29.1424],[-62.4797,-29.1573],[-62.4371,-29.1534],[-62.416,-29.1789],[-62.4277,-29.1841],[-62.4138,-29.1845],[-62.4184,-29.2034],[-62.3678,-29.2254],[-62.3586,-29.2438],[-62.3705,-29.2474],[-62.3219,-29.2626],[-62.3032,-29.2927],[-62.2855,-29.287],[-62.3101,-29.3258],[-62.2488,-29.3711],[-62.1992,-29.3582],[-62.2,-29.3726],[-62.1574,-29.3849],[-62.1103,-29.3546],[-62.0438,-29.3728],[-61.9919,-29.4254],[-61.9507,-29.4156],[-61.8578,-28.8664],[-62.6447,-28.8655]]]}},{"type":"Feature","properties":{"name":"Iguazú","province":"Misiones"},"geometry":{"type":"Polygon","coordinates":[[[-54.1484,-26.1383],[-54.1487,-26.1161],[-54.2005,-26.0973],[-54.1764,-25.8454],[-54.1722,-25.5419],[-54.1957,-25.5347],[-54.2085,-25.5469],[-54.1747,-25.5728],[-54.1812,-25.5855],[-54.2306,-25.563],[-54.2352,-25.593],[-54.2505,-25.5977],[-54.2884,-25.5557],[-54.3284,-25.5715],[-54.3473,-25.6061],[-54.3845,-25.5975],[-54.3948,-25.6376],[-54.4248,-25.658],[-54.4289,-25.6941],[-54.4908,-25.6199],[-54.5277,-25.6283],[-54.5349,-25.5986],[-54.5553,-25.5877],[-54.5933,-25.5933],[-54.5837,-25.6663],[-54.6423,-25.6605],[-54.6581,-25.6781],[-54.6312,-25.7655],[-54.5867,-25.8306],[-54.622,-25.9124],[-54.6107,-25.9778],[-54.6643,-25.9807],[-54.6788,-25.9947],[-54.6431,-26.0936],[-54.6741,-26.1429],[-54.665,-26.1703],[-54.6445,-26.1681],[-54.6385,-26.1492],[-54.6274,-26.1644],[-54.6224,-26.1502],[-54.6021,-26.1618],[-54.5888,-26.1337],[-54.5792,-26.1473],[-54.5406,-26.1462],[-54.5437,-26.1607],[-54.5293,-26.1541],[-54.5181,-26.1736],[-54.4655,-26.1273],[-54.4336,-26.1494],[-54.431,-26.1195],[-54.319,-26.1401],[-54.1484,-26.1383]]]}},{"type":"Feature","properties":{"name":"Cafayate","province":"Salta"},"geometry":{"type":"Polygon","coordinates":[[[-66.0998,-26.2205],[-65.7169,-26.352],[-65.723,-26.3127],[-65.7073,-26.2959],[-65.7242,-26.2789],[-65.7028,-26.24],[-65.6979,-26.1437],[-65.6618,-26.0577],[-65.6173,-26.0021],[-65.6198,-25.971],[-65.7549,-25.9556],[-65.7231,-25.935],[-65.7151,-25.9052],[-65.7279,-25.8694],[-65.7495,-25.8669],[-65.7974,-25.882],[-65.8068,-25.9133],[-65.7943,-25.9363],[-65.841,-25.9787],[-65.8659,-25.9823],[-65.858,-26.0273],[-66.0475,-26.0163],[-66.1395,-26.0498],[-66.1598,-26.0436],[-66.2086,-26.1357],[-66.1586,-26.1424],[-66.0998,-26.2205]]]}},{"type":"Feature","properties":{"name":"Famatina","province":"La Rioja"},"geometry":{"type":"Polygon","coordinates":[[[-67.8607,-28.2942],[-67.8763,-28.3648],[-67.8298,-28.5355],[-67.8771,-28.7611],[-67.8247,-28.8813],[-67.8352,-29.0146],[-67.2159,-29.0132],[-67.1748,-28.9055],[-67.2255,-28.8502],[-67.258,-28.7381],[-67.2535,-28.5757],[-67.2765,-28.5177],[-67.4374,-28.417],[-67.4464,-28.368],[-67.6957,-28.3118],[-67.7612,-28.3299],[-67.7564,-28.3537],[-67.8028,-28.3479],[-67.8156,-28.376],[-67.8448,-28.3752],[-67.8414,-28.3133],[-67.8607,-28.2942]]]}},{"type":"Feature","properties":{"name":"Yerba Buena","province":"Tucumán"},"geometry":{"type":"Polygon","coordinates":[[[-65.2496,-26.7839],[-65.2705,-26.7761],[-65.2594,-26.7509],[-65.3578,-26.7338],[-65.3555,-26.7635],[-65.3963,-26.7867],[-65.431,-26.7079],[-65.4272,-26.7676],[-65.4453,-26.8006],[-65.4326,-26.8152],[-65.2704,-26.8361],[-65.2496,-26.7839]]]}},{"type":"Feature","properties":{"name":"Florentino Ameghino","province":"Buenos Aires"},"geometry":{"type":"Polygon","coordinates":[[[-62.1878,-34.6825],[-62.5838,-34.6107],[-62.5938,-34.6501],[-62.6212,-34.6322],[-62.6058,-34.9965],[-62.6415,-34.997],[-62.5484,-35.0736],[-62.4713,-35.0102],[-62.2851,-35.1636],[-62.1662,-35.0664],[-62.1861,-35.0499],[-62.1051,-34.9839],[-62.2205,-34.8895],[-62.2225,-34.8546],[-62.2832,-34.8559],[-62.2854,-34.8136],[-62.3051,-34.8125],[-62.2401,-34.762],[-62.2631,-34.7427],[-62.1878,-34.6825]]]}},{"type":"Feature","properties":{"name":"El Cuy","province":"Río Negro"},"geometry":{"type":"Polygon","coordinates":[[[-69.755,-39.8764],[-69.8079,-40.6651],[-69.3867,-40.4688],[-68.7863,-40.4284],[-68.5948,-40.1326],[-68.2315,-40.0731],[-67.3628,-39.4669],[-66.5716,-39.2829],[-66.5655,-39.092],[-66.6796,-39.1067],[-66.7313,-39.1416],[-66.84,-39.1369],[-66.8616,-39.1595],[-66.9309,-39.1551],[-67.0224,-39.1805],[-67.1311,-39.159],[-67.1653,-39.1381],[-67.1621,-39.1247],[-67.1893,-39.1254],[-67.2095,-39.1037],[-67.2544,-39.115],[-67.2781,-39.0981],[-67.3286,-39.1056],[-67.4336,-39.0785],[-67.5286,-39.0757],[-67.606,-39.1109],[-67.6491,-39.1114],[-67.7946,-39.0422],[-67.9631,-38.9955],[-68.037,-38.9997],[-68.0495,-38.9839],[-68.0807,-38.9949],[-68.1777,-38.9672],[-68.2311,-38.9915],[-68.3017,-38.9753],[-68.3055,-38.9897],[-68.5696,-39.097],[-68.6608,-39.1723],[-68.6533,-39.1992],[-68.6655,-39.2173],[-68.8024,-39.2849],[-68.8185,-39.3126],[-68.8081,-39.3474],[-68.8303,-39.3818],[-68.9125,-39.4179],[-68.9307,-39.461],[-68.9999,-39.5152],[-69.0475,-39.5267],[-69.1128,-39.5147],[-69.1771,-39.5606],[-69.2771,-39.5964],[-69.2723,-39.629],[-69.343,-39.6804],[-69.3482,-39.7113],[-69.5061,-39.8145],[-69.5838,-39.8139],[-69.6291,-39.8426],[-69.6966,-39.8465],[-69.755,-39.8764]]]}},{"type":"Feature","properties":{"name":"Presidente Perón","province":"Buenos Aires"},"geometry":{"type":"Polygon","coordinates":[[[-58.4915,-34.9283],[-58.4635,-34.9514],[-58.4683,-35.0106],[-58.3946,-34.9588],[-58.2758,-34.9162],[-58.3125,-34.8748],[-58.3964,-34.9099],[-58.4131,-34.8735],[-58.4915,-34.9283]]]}},{"type":"Feature","properties":{"name":"Lomas de Zamora","province":"Ciudad Autónoma de Buenos Aires"},"geometry":{"type":"Polygon","coordinates":[[[-58.501,-34.7228],[-58.4306,-34.8172],[-58.3368,-34.7543],[-58.3469,-34.7392],[-58.4133,-34.7328],[-58.447,-34.6889],[-58.4843,-34.7323],[-58.501,-34.7228]]]}},{"type":"Feature","properties":{"name":"Carlos Tejedor","province":"Buenos Aires"},"geometry":{"type":"Polygon","coordinates":[[[-62.3367,-35.7833],[-62.0979,-35.5913],[-62.1297,-35.5649],[-62.0496,-35.5014],[-61.9872,-35.5519],[-61.9063,-35.4857],[-62.2259,-35.2129],[-62.211,-35.2008],[-62.2704,-35.1518],[-62.2851,-35.1636],[-62.4713,-35.0102],[-62.5484,-35.0736],[-62.6101,-35.0224],[-62.6883,-35.0853],[-62.6572,-35.1109],[-62.6769,-35.1266],[-62.7077,-35.1014],[-62.8994,-35.2592],[-62.8639,-35.2884],[-62.8933,-35.3114],[-62.8462,-35.3506],[-62.8729,-35.3714],[-62.8031,-35.4295],[-62.777,-35.4085],[-62.3367,-35.7833]]]}},{"type":"Feature","properties":{"name":"La Cocha","province":"Tucumán"},"geometry":{"type":"Polygon","coordinates":[[[-65.5352,-27.6215],[-65.5496,-27.609],[-65.6721,-27.6362],[-65.7324,-27.6114],[-65.7527,-27.657],[-65.7415,-27.6793],[-65.77,-27.7413],[-65.7198,-27.8161],[-65.7039,-27.8081],[-65.6989,-27.8896],[-65.6663,-27.9732],[-65.6181,-27.9715],[-65.5766,-28.0137],[-65.5284,-27.9729],[-65.5073,-27.9291],[-65.4373,-27.8875],[-65.4149,-27.7965],[-65.4728,-27.7883],[-65.464,-27.7607],[-65.5039,-27.7382],[-65.4942,-27.6943],[-65.5053,-27.6922],[-65.4994,-27.6672],[-65.5203,-27.6635],[-65.5113,-27.6141],[-65.5352,-27.6215]]]}},{"type":"Feature","properties":{"name":"Río Primero","province":"Córdoba"},"geometry":{"type":"Polygon","coordinates":[[[-63.9532,-31.3657],[-63.9543,-31.5354],[-63.8983,-31.543],[-63.7353,-31.5158],[-63.6909,-31.5223],[-63.6808,-31.4929],[-63.619,-31.4941],[-63.5722,-31.47],[-63.5306,-31.4033],[-63.4895,-31.4024],[-63.4496,-31.3754],[-63.3584,-31.3676],[-63.3656,-31.3151],[-63.264,-31.3335],[-63.2459,-31.2648],[-63.1776,-31.2834],[-63.1539,-31.1595],[-63.1312,-31.1634],[-63.1196,-31.1172],[-63.0403,-31.1315],[-63.0099,-31.0719],[-62.9552,-31.0798],[-62.9338,-30.9675],[-62.8341,-30.9325],[-62.8152,-30.8507],[-62.8423,-30.805],[-62.9058,-30.7858],[-62.9324,-30.7199],[-63.0262,-30.7033],[-63.0404,-30.7129],[-63.03,-30.6953],[-63.2136,-30.6621],[-63.2075,-30.639],[-63.365,-30.6094],[-63.357,-30.5759],[-63.565,-30.534],[-63.5985,-30.6722],[-63.6624,-30.667],[-63.7282,-30.9344],[-63.7644,-30.9278],[-63.7643,-30.9713],[-63.8201,-30.9716],[-63.8232,-31.0734],[-63.8395,-31.0697],[-63.831,-31.0934],[-63.8644,-31.1119],[-63.8661,-31.2261],[-63.9225,-31.2459],[-63.9224,-31.2741],[-63.9509,-31.2736],[-63.9508,-31.3208],[-63.9648,-31.3207],[-63.9753,-31.3456],[-63.9667,-31.3757],[-63.9532,-31.3657]]]}},{"type":"Feature","properties":{"name":"Oberá","province":"Misiones"},"geometry":{"type":"Polygon","coordinates":[[[-55.3664,-27.4565],[-55.3327,-27.4709],[-55.3041,-27.4585],[-55.2614,-27.5044],[-55.2218,-27.5126],[-55.2507,-27.5191],[-55.2321,-27.5422],[-55.2501,-27.5571],[-55.1845,-27.6144],[-55.0766,-27.6153],[-55.0541,-27.6303],[-54.9671,-27.7759],[-54.9362,-27.7719],[-54.9028,-27.721],[-54.9051,-27.6386],[-54.8418,-27.6117],[-54.8389,-27.6012],[-54.8674,-27.6079],[-54.8685,-27.5786],[-54.8522,-27.5638],[-54.8802,-27.5528],[-54.8626,-27.5478],[-54.8665,-27.5032],[-54.9101,-27.4848],[-54.902,-27.4692],[-54.9299,-27.4455],[-54.9121,-27.426],[-54.9241,-27.404],[-54.9085,-27.384],[-54.9157,-27.3598],[-54.9378,-27.3688],[-55.0732,-27.1885],[-55.1005,-27.1795],[-55.1358,-27.18],[-55.1429,-27.2802],[-55.1857,-27.2883],[-55.1856,-27.3113],[-55.2122,-27.3097],[-55.2182,-27.3268],[-55.2701,-27.3331],[-55.2947,-27.3758],[-55.2818,-27.406],[-55.3664,-27.4565]]]}},{"type":"Feature","properties":{"name":"Junín","province":"San Luis"},"geometry":{"type":"Polygon","coordinates":[[[-64.9006,-32.4798],[-64.9198,-32.4667],[-64.9253,-32.3255],[-64.9414,-32.2983],[-64.9761,-32.3211],[-65.2114,-32.3256],[-65.2193,-32.2797],[-65.2068,-32.2612],[-65.2322,-32.2091],[-65.2362,-32.1112],[-65.313,-32.0415],[-65.6285,-31.8983],[-65.8251,-31.8971],[-65.8112,-32.0593],[-65.6839,-32.0626],[-65.7173,-32.2119],[-65.6983,-32.2037],[-65.6928,-32.2283],[-65.5845,-32.2501],[-65.5807,-32.2642],[-65.4751,-32.2768],[-65.4707,-32.2569],[-65.4051,-32.2686],[-65.4176,-32.3396],[-65.376,-32.3659],[-65.3849,-32.4041],[-65.4112,-32.4269],[-65.4047,-32.4491],[-65.4303,-32.4668],[-65.4253,-32.5358],[-65.3485,-32.5526],[-65.3001,-32.5275],[-65.261,-32.5468],[-65.2225,-32.4846],[-65.0848,-32.4989],[-65.0816,-32.4679],[-65.0141,-32.483],[-64.9006,-32.4798]]]}},{"type":"Feature","properties":{"name":"Juan B. Alberdi","province":"Catamarca"},"geometry":{"type":"Polygon","coordinates":[[[-65.5169,-27.5433],[-65.5932,-27.5164],[-65.7267,-27.5415],[-65.8787,-27.5146],[-65.9268,-27.4767],[-65.9301,-27.4399],[-65.9733,-27.4204],[-65.9659,-27.5436],[-65.9154,-27.6691],[-65.8754,-27.6725],[-65.8655,-27.689],[-65.8288,-27.8142],[-65.8323,-27.8512],[-65.8207,-27.8204],[-65.7946,-27.8066],[-65.7993,-27.7872],[-65.7548,-27.7705],[-65.77,-27.7413],[-65.7415,-27.6793],[-65.7527,-27.657],[-65.7324,-27.6114],[-65.6721,-27.6362],[-65.5496,-27.609],[-65.5352,-27.6215],[-65.5169,-27.5433]]]}},{"type":"Feature","properties":{"name":"San Pedro","province":"Buenos Aires"},"geometry":{"type":"Polygon","coordinates":[[[-60.0711,-33.7806],[-59.7727,-34.0119],[-59.7302,-33.9854],[-59.7134,-33.9451],[-59.6532,-33.9171],[-59.6046,-33.866],[-59.5882,-33.7896],[-59.5678,-33.7725],[-59.5103,-33.7787],[-59.5626,-33.7592],[-59.4916,-33.6409],[-59.5313,-33.6354],[-59.6081,-33.695],[-59.6644,-33.6175],[-59.7498,-33.6193],[-59.8313,-33.5801],[-60.0418,-33.7694],[-60.0711,-33.7806]]]}},{"type":"Feature","properties":{"name":"Iruya","province":"Salta"},"geometry":{"type":"Polygon","coordinates":[[[-64.5376,-22.7113],[-64.61,-22.6684],[-64.6757,-22.7569],[-64.7781,-22.8079],[-64.7957,-22.8012],[-64.7909,-22.7775],[-64.7533,-22.7332],[-64.7656,-22.5821],[-64.7946,-22.5123],[-64.8422,-22.468],[-64.8485,-22.5157],[-64.8064,-22.5758],[-64.8438,-22.5994],[-64.8752,-22.5993],[-64.891,-22.582],[-65.0005,-22.5846],[-65.0576,-22.5443],[-65.0903,-22.6028],[-65.1507,-22.6043],[-65.2589,-22.5678],[-65.2847,-22.5414],[-65.3453,-22.5284],[-65.3502,-22.5399],[-65.3492,-22.6047],[-65.2717,-22.6482],[-65.3051,-22.7255],[-65.3018,-22.7646],[-65.2742,-22.7901],[-65.2747,-22.8917],[-65.1766,-22.981],[-65.068,-23.0449],[-65.0229,-23.0187],[-64.9939,-23.048],[-64.9405,-23.0318],[-64.8987,-23.0517],[-64.7304,-23.0642],[-64.6794,-23.0341],[-64.6315,-23.0866],[-64.5634,-23.0702],[-64.5624,-23.0055],[-64.5269,-22.9395],[-64.5738,-22.9073],[-64.4978,-22.908],[-64.501,-22.8787],[-64.4863,-22.869],[-64.5035,-22.8658],[-64.5198,-22.8311],[-64.5156,-22.7632],[-64.5376,-22.7113]]]}},{"type":"Feature","properties":{"name":"Santa Bárbara","province":"Jujuy"},"geometry":{"type":"Polygon","coordinates":[[[-64.5334,-24.5053],[-64.5,-24.5064],[-64.4821,-24.4663],[-64.4546,-24.4641],[-64.4366,-24.444],[-64.4207,-24.4026],[-64.3193,-24.4265],[-64.2885,-24.4067],[-64.1917,-24.2843],[-64.1628,-24.2219],[-64.1754,-24.2124],[-64.1508,-24.1364],[-64.1571,-23.518],[-64.3571,-23.5179],[-64.3971,-23.5734],[-64.3939,-23.6081],[-64.411,-23.6271],[-64.4608,-23.652],[-64.4848,-23.7006],[-64.5684,-23.7303],[-64.5723,-23.7885],[-64.5906,-23.8187],[-64.6114,-23.8164],[-64.6118,-23.8476],[-64.6272,-23.8487],[-64.6283,-23.8737],[-64.6447,-23.8773],[-64.6601,-23.9134],[-64.6476,-23.9257],[-64.665,-23.9315],[-64.6614,-23.9734],[-64.6742,-23.9827],[-64.664,-23.9924],[-64.6889,-23.9934],[-64.6936,-24.014],[-64.6796,-24.016],[-64.7152,-24.0505],[-64.7057,-24.0642],[-64.7217,-24.097],[-64.6929,-24.1655],[-64.6928,-24.2094],[-64.7412,-24.3152],[-64.6445,-24.336],[-64.5305,-24.3254],[-64.4959,-24.3015],[-64.5242,-24.334],[-64.5473,-24.4214],[-64.5227,-24.4602],[-64.5334,-24.5053]]]}},{"type":"Feature","properties":{"name":"Suipacha","province":"Buenos Aires"},"geometry":{"type":"Polygon","coordinates":[[[-59.7547,-34.5179],[-59.9445,-34.6717],[-59.79,-34.7882],[-59.8103,-34.8065],[-59.7824,-34.8435],[-59.6325,-34.9605],[-59.4661,-34.873],[-59.5232,-34.8292],[-59.4922,-34.8027],[-59.5263,-34.765],[-59.7166,-34.6203],[-59.673,-34.5828],[-59.7547,-34.5179]]]}},{"type":"Feature","properties":{"name":"Salto","province":"Buenos Aires"},"geometry":{"type":"Polygon","coordinates":[[[-60.4967,-34.1767],[-60.47,-34.2001],[-60.5487,-34.2759],[-60.539,-34.3496],[-60.5781,-34.3923],[-60.5165,-34.4394],[-60.4891,-34.4156],[-60.4037,-34.4804],[-60.3759,-34.4568],[-60.3218,-34.4991],[-60.244,-34.4286],[-60.2085,-34.4566],[-60.0838,-34.3675],[-60.0648,-34.3826],[-59.9708,-34.2867],[-60.203,-34.2033],[-60.2065,-34.1709],[-60.1666,-34.0607],[-60.2435,-34.0071],[-60.3113,-34.0001],[-60.4967,-34.1767]]]}}]}